Date,CIBR_Close,COPX_Close,CQQQ_Close,EWZ_Close,GLD_Close,INDA_Close,ITA_Close,IWM_Close,NLR_Close,PAVE_Close,QQQM_Close,SLV_Close,SMH_Close,TLT_Close,VEA_Close,VNM_Close,XLE_Close,XLF_Close,XLU_Close,XLV_Close,WTI,DXY,IEF_Close,USD_KRW,RSP_Close,SGOV_Close,SPY_Close,FVX_5Y,IRX_13W,MOVE,SKEW,TNX,TYX_30Y,VIX,VVIX,DFII10,T5YIE,OAS_HY,OAS_IG,SAHMCURRENT,T10Y3M,WALCL,WTREGEN,RRPONTSYD,NFCI,DGS10,T10Y2Y,Net_Liquidity,NL_chg60_pct,DFII10_ma252,WTI_MA252,WTI_MA60,COPX_DEV120,XLE_BullStack,XLE_BearStack,VNM_BullStack,SLV_GLD_RS_20d,GSR_zscore,GSR_20d_chg,T10YIE,ICSA,UMCSENT,USD_CNY,PMI,VIX3M,CCSA,VIX_VIX3M_ratio,F_G_Score,F_G_Rating,VIX_source,MOVE_source,TNX_source,TYX_30Y_source,FVX_5Y_source,IRX_13W_source,DXY_source,WTI_source,USD_KRW_source,VVIX_source,VIX3M_source,DFII10_source,T10YIE_source,T5YIE_source,OAS_HY_source,OAS_IG_source,SAHMCURRENT_source,T10Y3M_source,T10Y2Y_source,WALCL_source,WTREGEN_source,RRPONTSYD_source,ICSA_source,CCSA_source,UMCSENT_source,NFCI_source,USD_CNY_source,DGS10_source,PMI_source,F_G_source,LME_Cu_stock,LME_Cu_cash,LME_Cu_3mo,LME_Cu_spread,ECY,CAPE,Brent,Brent_source,SEMI_REACCEL,SEMI_REACCEL_source,CONSUMER_ELEC,CONSUMER_ELEC_source,SMH_TRIFLAG,PDBC_Close,CAPE_source,ECY_source,KIL_SUP
2025-01-06,64.34195709228516,38.3115119934082,36.9344482421875,21.45863342285156,243.19000244140625,52.63999938964844,143.86106872558594,221.10313415527344,87.14788818359375,40.49161148071289,214.19053649902344,27.239999771118164,259.4227905273437,81.35248565673828,46.52104187011719,11.436320304870604,41.55469131469727,47.36480712890625,36.56092834472656,135.46031188964844,73.55999755859375,108.26000213623048,87.1197509765625,1465.530029296875,172.4610595703125,94.66497802734376,585.3390502929688,4.421999931335449,4.190000057220459,97.88999938964844,152.63999938964844,4.618000030517578,4.8379998207092285,16.040000915527344,95.88999938964844,2.28,2.4,2.76,0.84,0.37,0.27,,,231.926,,4.62,0.34,,,,,,,False,False,False,,,,2.34,206000.0,71.7,,54.1,18.030000686645508,,0.8896284140137543,,,,,,,,,,,,,,,calc_tnx_dfii10,,,,,,,,,,fred_backfill_s288,,fred_backfill_s288,,,,,,268650.0,8893.5,9000.5,-107.0,0.0118037145110618,37.1292198521989,,,,,,,0,12.591180801391602,btlong_seed_s288,btlong_seed_s288,0.0
2025-01-07,63.43798065185547,37.94350051879883,37.36494064331055,21.77807235717773,244.5599975585937,52.43000030517578,143.7320556640625,219.3305053710937,84.77698516845703,40.08610534667969,210.3814849853516,27.32999992370605,253.25196838378903,80.43505096435547,46.367469787597656,11.276650428771973,41.96990203857422,47.25724792480469,36.46978759765625,136.1326446533203,74.25,108.54000091552734,86.72313690185547,1459.449951171875,171.88356018066406,94.68383026123048,578.722412109375,4.465000152587891,4.203000068664551,102.77999877929688,155.10000610351562,4.683000087738037,4.909999847412109,17.81999969482422,106.37000274658205,2.29,2.44,2.79,0.84,0.37,0.32,,,208.296,,4.67,0.37,,,,,,,False,False,False,,,,2.39,206000.0,71.7,,54.1,19.190000534057617,,0.9286086085926898,,,,,,,,,,,,,,,calc_tnx_dfii10,,,,,,,,,,fred_backfill_s288,,fred_backfill_s288,,,,,,267150.0,8886.0,9004.0,-118.0,0.0118037145110618,37.1292198521989,,,,,,,0,12.648938179016112,btlong_seed_s288,btlong_seed_s288,0.0
2025-01-08,63.73600387573242,38.19529724121094,36.98336791992188,21.486820220947266,245.8600006103516,52.33000183105469,144.8831787109375,218.33590698242188,82.71829223632812,40.16522979736328,210.4608459472656,27.39999961853028,251.4475860595703,80.53804779052734,46.30988311767578,11.346506118774414,42.01285934448242,47.413700103759766,36.4601936340332,136.8341827392578,73.31999969482422,109.08999633789062,86.87423706054688,1451.8800048828125,172.08914184570312,94.70269775390624,579.5678100585938,4.4670000076293945,4.204999923706055,100.76000213623048,154.33999633789062,4.692999839782715,4.932000160217285,17.700000762939453,103.93000030517578,2.27,2.47,2.84,0.83,0.37,0.32,6853554.0,652636.0,185.144,,4.67,0.39,6015774.0,,,,,,False,False,False,,,,2.42,206000.0,71.7,,54.1,19.34000015258789,,0.9152016868299254,,,,,,,,,,,,,,,calc_tnx_dfii10,,,,,,,,,,fred_backfill_s288,,fred_backfill_s288,,,,,,265700.0,8847.0,8965.0,-118.0,0.0118037145110618,37.1292198521989,,,,,,,0,12.629685401916504,btlong_seed_s288,btlong_seed_s288,0.0
2025-01-09,63.73600387573242,38.19529724121094,36.98336791992188,21.486820220947266,245.8600006103516,52.33000183105469,144.8831787109375,218.33590698242188,82.71829223632812,40.16522979736328,210.4608459472656,27.39999961853028,251.4475860595703,80.53804779052734,46.30988311767578,11.346506118774414,42.01285934448242,47.413700103759766,36.4601936340332,136.8341827392578,73.91999816894531,109.18000030517578,86.87423706054688,1457.969970703125,172.08914184570312,94.70269775390624,579.5678100585938,,,,,4.68,,,,2.29,2.46,2.82,0.83,0.37,0.33,6853554.0,652636.0,168.225,,4.68,0.41,6032693.0,,,,,,False,False,False,,,,2.39,206000.0,71.7,,54.1,19.34000015258789,,,,,,,,,,,,,,,,,calc_tnx_dfii10,,,,,,,,,,fred_backfill_s288,,fred_backfill_s288,,,,,,263950.0,8960.5,9070.0,-109.5,0.0118037145110618,37.1292198521989,,,,,,,0,12.629685401916504,btlong_seed_s288,btlong_seed_s288,0.0
2025-01-10,63.11016845703125,37.933815002441406,35.94626998901367,21.31770896911621,248.2100067138672,51.209999084472656,143.97021484375,213.53013610839844,82.43534851074219,39.62125396728516,207.1676025390625,27.61000061035156,246.4132537841797,80.00443267822266,45.61883544921875,11.10700225830078,42.18466567993164,46.26966857910156,36.253936767578125,136.0644073486328,76.56999969482422,109.6500015258789,86.2415542602539,1455.22998046875,169.5736541748047,94.74041748046876,570.71923828125,4.5929999351501465,4.2129998207092285,96.56999969482422,151.4499969482422,4.776000022888184,4.965000152587891,19.540000915527344,115.48999786376952,2.34,2.51,2.81,0.83,0.37,0.41,6853554.0,652636.0,178.8,-0.499,4.77,0.37,6022118.0,,,,,,False,False,False,,,,2.44,206000.0,71.7,,54.1,20.96999931335449,,0.9318074179946936,,,,,,,,,,,,,,,calc_tnx_dfii10,,,,,,,,,,fred_backfill_s288,,fred_backfill_s288,,,,,,264425.0,8995.5,9095.0,-99.5,0.0118037145110618,37.1292198521989,,,,,,,0,12.94735336303711,btlong_seed_s288,btlong_seed_s288,0.0
2025-01-13,62.79228210449219,37.83697509765625,36.00497055053711,21.43044853210449,245.7400054931641,50.650001525878906,145.01219177246094,213.9437866210937,80.78645324707031,40.13555908203125,206.4633026123047,26.959999084472656,243.88113403320312,79.97633361816406,45.49406433105469,11.236733436584473,43.072364807128906,46.60212326049805,35.83182144165039,137.83782958984375,78.81999969482422,109.95999908447266,86.09046936035156,1472.25,170.96353149414062,94.75926971435548,571.6041870117188,4.617000102996826,4.2179999351501465,103.51000213623048,170.5500030517578,4.802999973297119,4.986000061035156,19.190000534057617,110.94000244140624,2.34,2.55,2.85,0.84,0.37,0.42,6853554.0,652636.0,183.669,-0.499,4.79,0.39,6017249.0,,,,,,False,False,False,,,,2.46,219000.0,71.7,,54.1,20.43000030517578,1891000.0,0.9393049558200927,,,,,,,,,,,,,,,calc_tnx_dfii10,,,,,,,,,,fred_backfill_s288,,fred_backfill_s288,,,,,,263450.0,8980.0,9105.0,-125.0,0.0118037145110618,37.1292198521989,,,,,,,0,13.014737129211426,btlong_seed_s288,btlong_seed_s288,0.0
2025-01-14,63.22937774658203,38.03066253662109,37.22796630859375,21.580772399902344,247.02999877929688,50.93000030517578,146.94728088378906,216.37619018554688,81.71334075927734,40.99602890014648,206.2748413085937,27.200000762939453,244.6786651611328,79.84527587890625,45.66682815551758,11.136940002441406,43.535301208496094,47.17902374267578,36.30189895629883,136.4152069091797,77.5,109.2699966430664,86.11881256103516,1458.8900146484375,172.34361267089844,94.76871490478516,572.3907470703125,4.590000152587891,4.2129998207092285,101.98999786376952,167.63999938964844,4.788000106811523,4.984000205993652,18.709999084472656,107.93000030517578,2.34,2.55,2.8,0.84,0.37,0.42,6853554.0,652636.0,160.219,-0.499,4.78,0.41,6040699.0,,,,,,False,False,False,,,,2.45,219000.0,71.7,,54.1,19.989999771118164,1891000.0,0.9359679489093906,,,,,,,,,,,,,,,calc_tnx_dfii10,,,,,,,,,,fred_backfill_s288,,fred_backfill_s288,,,,,,261900.0,9016.0,9134.0,-118.0,0.0118037145110618,37.1292198521989,,,,,,,0,13.02436351776123,btlong_seed_s288,btlong_seed_s288,0.0
2025-01-15,64.2227554321289,38.46646118164063,37.46278381347656,22.34178352355957,248.8800048828125,51.27999877929688,147.75106811523438,220.6304168701172,83.50859832763672,41.63891220092773,210.94688415527344,27.959999084472656,250.43077087402344,81.221435546875,46.233097076416016,11.296608924865724,44.179595947265625,48.3817253112793,36.83434677124024,136.97061157226562,80.04000091552734,109.08999633789062,87.02532196044922,1460.43994140625,173.9977569580078,94.77813720703124,582.8026123046875,4.443999767303467,4.204999923706055,93.0999984741211,163.5399932861328,4.652999877929688,4.879000186920166,16.1200008392334,97.79000091552734,2.24,2.52,2.72,0.83,0.37,0.31,6834070.0,641225.0,119.977,-0.499,4.66,0.39,6072868.0,,,,,,False,False,False,,,,2.41,219000.0,71.7,,54.1,18.229999542236328,1891000.0,0.88425678793275,,,,,,,,,,,,,,,calc_tnx_dfii10,,,,,,,,,,fred_backfill_s288,,fred_backfill_s288,,,,,,260750.0,9020.0,9140.0,-120.0,0.0118037145110618,37.1292198521989,,,,,,,0,13.188010215759276,btlong_seed_s288,btlong_seed_s288,0.0
2025-01-16,64.2823715209961,38.379302978515625,37.36494064331055,21.95658302307129,250.6000061035156,51.04999923706055,149.19992065429688,221.0735778808593,83.85009002685547,42.07409286499024,209.5184936523437,28.040000915527344,251.5074005126953,81.48356628417969,46.38666915893555,11.266671180725098,44.499359130859375,48.704402923583984,37.76491928100586,137.51626586914062,78.68000030517578,108.95999908447266,87.23306274414062,1437.219970703125,175.36802673339844,94.77813720703124,581.6817626953125,4.395999908447266,4.195000171661377,92.72000122070312,167.41000366210938,4.605999946594238,4.843999862670898,16.600000381469727,99.83999633789062,2.19,2.51,2.73,0.83,0.37,0.27,6834070.0,641225.0,94.489,-0.499,4.61,0.38,6098356.0,,,,,,False,False,False,,,,2.42,219000.0,71.7,,54.1,18.350000381469727,1891000.0,0.9046321545711142,,,,,,,,,,,,,,,calc_tnx_dfii10,,,,,,,,,,fred_backfill_s288,,fred_backfill_s288,,,,,,260250.0,9135.0,9245.0,-110.0,0.0118037145110618,37.1292198521989,,,,,,,0,13.14950466156006,btlong_seed_s288,btlong_seed_s288,0.0
2025-01-17,64.31217193603516,38.57299041748047,38.38247299194336,22.125694274902344,249.2700042724609,51.18000030517578,150.46018981933594,222.02882385253903,85.13799285888672,42.42026138305664,213.04981994628903,27.61000061035156,257.44891357421875,81.62398529052734,46.61701965332031,11.356485366821287,44.84298324584961,49.11507797241211,37.81767654418945,136.59059143066406,77.87999725341797,109.3499984741211,87.29915618896484,1453.3199462890625,176.21957397460938,94.82530975341795,587.521728515625,4.414000034332275,4.192999839782715,95.5999984741211,165.35000610351562,4.609000205993652,4.84499979019165,15.970000267028809,101.61000061035156,2.2,2.52,2.64,0.82,0.37,0.27,6834070.0,641225.0,118.327,-0.504,4.61,0.34,6074518.0,,,,,,False,False,False,,,,2.41,219000.0,71.7,,54.1,18.190000534057617,1891000.0,0.8779549091891314,,,,,,,,,,,,,,,calc_tnx_dfii10,,,,,,,,,,fred_backfill_s288,,fred_backfill_s288,,,,,,260075.0,9132.0,9243.5,-111.5,0.0118037145110618,37.1292198521989,,,,,,,0,13.091747283935549,btlong_seed_s288,btlong_seed_s288,0.0
2025-01-20,64.31217193603516,38.57299041748047,38.38247299194336,22.125694274902344,249.2700042724609,51.18000030517578,150.46018981933594,222.02882385253903,85.13799285888672,42.42026138305664,213.04981994628903,27.61000061035156,257.44891357421875,81.62398529052734,46.61701965332031,11.356485366821287,44.84298324584961,49.11507797241211,37.81767654418945,136.59059143066406,,,87.29915618896484,1457.3800048828125,176.21957397460938,94.82530975341795,587.521728515625,,,,,4.61,,,,2.2,2.52,2.64,0.82,0.37,0.27,6834070.0,641225.0,118.327,-0.504,4.61,0.34,6074518.0,,,,,,False,False,False,,,,2.41,223000.0,71.7,,54.1,18.190000534057617,1854000.0,,,,,,,,,,,,,,,,calc_tnx_dfii10,,,,,,,,,,fred_backfill_s288,,fred_backfill_s288,,,,,,260150.0,9043.5,9160.0,-116.5,0.0118037145110618,37.1292198521989,,,,,,,0,13.091747283935549,btlong_seed_s288,btlong_seed_s288,0.0
2025-01-21,65.78240203857422,39.06689453125,38.92059326171875,22.398155212402344,253.1300048828125,50.83000183105469,155.30284118652344,226.2929229736328,89.30414581298828,43.3400764465332,214.3591766357422,28.040000915527344,261.5760803222656,82.35417175292969,47.51921844482422,11.37644386291504,44.61389923095703,49.52575302124024,38.39809036254883,138.8511962890625,75.88999938964844,108.05999755859376,87.59188842773438,1435.530029296875,178.26522827148438,94.83475494384766,592.899658203125,4.396999835968018,4.197000026702881,96.77999877929688,173.0,4.573999881744385,4.802000045776367,15.0600004196167,98.26000213623048,2.19,2.47,2.61,0.82,0.37,0.21,6834070.0,641225.0,96.015,-0.504,4.57,0.28,6096830.0,,,,,,False,False,False,,,,2.38,223000.0,71.7,,54.1,17.5,1854000.0,0.8605714525495257,,,,,,,,,,,,,,,calc_tnx_dfii10,,,,,,,,,,fred_backfill_s288,,fred_backfill_s288,,,,,,260525.0,9067.0,9184.0,-117.0,0.0118037145110618,37.1292198521989,,,,,,,0,13.062868118286133,btlong_seed_s288,btlong_seed_s288,0.0
2025-01-22,66.49763488769531,37.97255325317383,38.7640495300293,22.71759033203125,254.42999267578125,50.619998931884766,154.38990783691406,224.8157501220703,91.47991943359376,43.22138595581055,217.06719970703125,28.049999237060547,266.3412780761719,81.92353057861328,47.41364669799805,11.346506118774414,43.80256652832031,49.29108047485352,37.5682487487793,138.5393829345703,75.44000244140625,108.16999816894533,87.3652572631836,1425.7900390625,177.6387939453125,94.85359191894533,596.2326049804688,4.426000118255615,4.215000152587891,89.9000015258789,179.97999572753906,4.598999977111816,4.814000129699707,15.100000381469728,100.55999755859376,2.2,2.48,2.59,0.81,0.37,0.24,6831760.0,677282.0,123.981,-0.504,4.6,0.31,6030497.0,,,,,,False,False,False,,,,2.4,223000.0,71.7,,54.1,17.809999465942383,1854000.0,0.8478383399362297,,,,,,,,,,,,,,,calc_tnx_dfii10,,,,,,,,,,fred_backfill_s288,,fred_backfill_s288,,,,,,260400.0,9123.0,9244.0,-121.0,0.0118037145110618,37.1292198521989,,,,,,,0,13.033989906311035,btlong_seed_s288,btlong_seed_s288,0.0
2025-01-23,66.26915740966797,38.20498275756836,38.39226150512695,22.74577522277832,254.07000732421875,51.09000015258789,157.28756713867188,225.8399353027344,93.8703384399414,43.33018112182617,217.54335021972656,27.770000457763672,266.0222473144531,81.28697204589844,47.73997497558594,11.516154289245604,44.00300979614258,49.57464599609375,37.745731353759766,140.39071655273438,74.62000274658203,108.0500030517578,87.13864135742188,1434.3399658203125,178.48056030273438,94.863037109375,599.4868774414062,4.441999912261963,4.2129998207092285,88.51000213623047,179.32000732421875,4.638000011444092,4.86899995803833,15.020000457763672,99.5199966430664,2.23,2.52,2.61,0.8,0.37,0.29,6831760.0,677282.0,132.031,-0.504,4.65,0.36,6022447.0,,,,,,False,False,False,,,,2.41,223000.0,71.7,,54.1,17.520000457763672,1854000.0,0.8573059398013788,,,,,,,,,,,,,,,calc_tnx_dfii10,,,,,,,,,,fred_backfill_s288,,fred_backfill_s288,,,,,,259050.0,9056.0,9179.0,-123.0,0.0118037145110618,37.1292198521989,,,,,,,0,13.00511074066162,btlong_seed_s288,btlong_seed_s288,0.0
2025-01-24,66.32874298095703,38.67951583862305,39.71309280395508,22.86791229248047,255.6499938964844,50.68000030517578,155.5211944580078,225.2096710205078,93.31420135498048,43.21149444580078,216.29347229003903,27.90999984741211,260.71875,81.65205383300781,48.00871658325195,11.576030731201172,43.5782585144043,49.7213134765625,38.12947082519531,140.61483764648438,74.66000366210938,107.44000244140624,87.31805419921875,1433.9300537109375,178.32394409179688,94.89132690429688,597.73681640625,4.427999973297119,4.204999923706055,86.75,173.16000366210938,4.625999927520752,4.8480000495910645,14.850000381469728,100.41000366210938,2.2,2.52,2.6,0.8,0.37,0.28,6831760.0,677282.0,104.972,-0.509,4.63,0.36,6049506.0,,,,,,False,False,False,,,,2.43,223000.0,71.7,,54.1,17.549999237060547,1854000.0,0.8461539046742977,,,,,,,,,,,,,,,calc_tnx_dfii10,,,,,,,,,,fred_backfill_s288,,fred_backfill_s288,,,,,,257625.0,9218.0,9334.0,-116.0,0.0118037145110618,37.1292198521989,,,,,,,0,13.00511074066162,btlong_seed_s288,btlong_seed_s288,0.0
2025-01-27,64.9280776977539,37.86602783203125,39.63481903076172,23.149768829345703,252.9900054931641,50.09000015258789,153.8341827392578,223.05300903320312,83.0012435913086,41.579566955566406,210.0045623779297,27.459999084472656,235.0785217285156,82.61632537841797,47.92233276367188,11.516154289245604,43.12485885620117,50.26888275146485,37.24686813354492,143.77188110351562,73.16999816894531,107.33999633789062,87.88462829589844,1427.6300048828125,178.44139099121094,94.89132690429688,589.2816162109375,4.326000213623047,4.188000202178955,95.0500030517578,168.5500030517578,4.527999877929688,4.769999980926514,17.899999618530273,110.30999755859376,2.13,2.49,2.66,0.81,0.37,0.21,6831760.0,677282.0,92.863,-0.509,4.53,0.36,6061615.0,,,,,,False,False,False,,,,2.4,212000.0,71.7,,54.1,18.96999931335449,1876000.0,0.9435951642828496,,,,,,,,,,,,,,,calc_tnx_dfii10,,,,,,,,,,fred_backfill_s288,,fred_backfill_s288,,,,,,255825.0,9051.0,9185.0,-134.0,0.0118037145110618,37.1292198521989,,,,,,,0,12.774080276489258,btlong_seed_s288,btlong_seed_s288,0.0
2025-01-28,66.65657806396484,36.79106140136719,40.124019622802734,23.28130340576172,255.17999267578125,50.16999816894531,153.74485778808594,223.29920959472656,84.17205810546875,41.56967926025391,213.0795745849609,27.6299991607666,239.70413208007807,82.56013488769531,47.87434387207031,11.566051483154297,42.71442031860352,50.18088150024414,36.73361206054688,142.76824951171875,73.7699966430664,107.87000274658205,87.8940658569336,1417.9200439453125,177.5605010986328,94.91961669921876,594.3449096679688,4.34499979019165,4.190000057220459,92.83000183105467,163.63999938964844,4.551000118255615,4.789999961853027,16.40999984741211,103.73999786376952,2.13,2.52,2.66,0.81,0.37,0.24,6831760.0,677282.0,112.76,-0.509,4.55,0.36,6041718.0,,,,,,False,False,False,,,,2.42,212000.0,71.7,,54.1,18.1299991607666,1876000.0,0.9051296528972501,,,,,,,,,,,,,,,calc_tnx_dfii10,,,,,,,,,,fred_backfill_s288,,fred_backfill_s288,,,,,,256500.0,8890.5,9015.0,-124.5,0.0118037145110618,37.1292198521989,,,,,,,0,12.802959442138672,btlong_seed_s288,btlong_seed_s288,0.0
2025-01-29,66.17974853515625,37.32370376586914,40.00661087036133,23.177955627441406,254.1999969482422,50.52000045776367,152.7823028564453,222.787109375,85.99658966064453,41.59934997558594,212.7125701904297,28.0,238.7869873046875,82.3916244506836,47.87434387207031,11.536113739013672,42.80987548828125,50.14177322387695,36.81036376953125,141.93028259277344,72.62000274658203,108.0,87.7901840209961,1443.260009765625,176.9732208251953,94.91961669921876,591.6804809570312,4.35699987411499,4.188000202178955,90.7300033569336,157.42999267578125,4.554999828338623,4.789999961853027,16.559999465942383,101.68000030517578,2.15,2.52,2.68,0.81,0.37,0.24,6818186.0,784206.0,121.842,-0.509,4.55,0.34,5912138.0,,,,,,False,False,False,,,,2.4,212000.0,71.7,,54.1,18.14999961853028,1876000.0,0.9123966839666166,,,,,,,,,,,,,,,calc_tnx_dfii10,,,,,,,,,,fred_backfill_s288,,fred_backfill_s288,,,,,,256300.0,8881.0,9007.0,-126.0,0.0118037145110618,37.1292198521989,,,,,,,0,12.83183765411377,btlong_seed_s288,btlong_seed_s288,0.0
2025-01-30,67.19300842285156,37.85634613037109,40.926307678222656,23.83562088012696,258.04998779296875,50.95000076293945,156.01734924316406,225.05210876464844,88.56262969970703,42.1631088256836,213.60528564453125,28.71999931335449,244.4095001220703,82.7005615234375,48.39262771606445,11.566051483154297,43.0294075012207,50.62089538574219,37.57783889770508,143.56727600097656,72.7300033569336,107.8000030517578,87.97903442382812,1443.3199462890625,178.86228942871094,94.9384765625,594.8561401367188,4.310999870300293,4.182000160217285,90.54000091552734,156.6999969482422,4.51200008392334,4.757999897003174,15.84000015258789,98.31999969482422,2.14,2.5,2.67,0.81,0.37,0.22,6818186.0,784206.0,125.965,-0.509,4.52,0.34,5908015.0,,,,,,False,False,False,,,,2.37,212000.0,71.7,,54.1,17.90999984741211,1876000.0,0.8844221266074817,,,,,,,,,,,,,,,calc_tnx_dfii10,,,,,,,,,,fred_backfill_s288,,fred_backfill_s288,,,,,,256275.0,8975.0,9100.0,-125.0,0.0118037145110618,37.1292198521989,,,,,,,0,12.83183765411377,btlong_seed_s288,btlong_seed_s288,0.0
2025-01-31,67.15326690673828,36.97506332397461,39.996829986572266,23.798038482666016,258.5599975585937,50.9900016784668,155.38226318359375,223.03330993652344,87.20642852783203,41.82682800292969,213.2581329345703,28.51000022888184,242.8643035888672,82.15760803222656,47.93193054199219,11.536113739013672,41.82672500610352,50.32755661010742,37.3571891784668,143.10928344726562,72.52999877929688,108.37000274658205,87.83739471435547,1441.6600341796875,177.3940887451172,94.95734405517578,591.6903076171875,4.363999843597412,4.188000202178955,91.76000213623048,158.47000122070312,4.568999767303467,4.813000202178955,16.43000030517578,101.5,2.16,2.54,2.68,0.82,0.37,0.27,6818186.0,784206.0,187.913,-0.512,4.58,0.36,5846067.0,,,,,,False,False,False,,,,2.41,212000.0,71.7,,54.1,18.43000030517578,1876000.0,0.8914812823178125,,,,,,,,,,,,,,,calc_tnx_dfii10,,,,,,,,,,fred_backfill_s288,,fred_backfill_s288,,,,,,256225.0,8949.5,9052.0,-102.5,0.0118037145110618,37.1292198521989,,,,,,,0,12.812585830688477,btlong_seed_s288,btlong_seed_s288,0.0
2025-02-03,66.77578735351562,36.82979583740234,39.722877502441406,23.84501266479492,259.94000244140625,50.900001525878906,155.59063720703125,220.42364501953125,87.06983184814453,41.21361923217773,211.59165954589844,28.670000076293945,238.0393218994141,82.8265609741211,47.336856842041016,11.41636085510254,42.08921432495117,50.12221145629883,37.55866241455078,143.66468811035156,73.16000366210938,108.98999786376952,87.89994049072266,1456.780029296875,176.4251251220703,94.97913360595705,587.70849609375,4.35699987411499,4.190000057220459,94.1500015258789,155.4499969482422,4.543000221252441,4.770999908447266,18.6200008392334,109.01000213623048,2.09,2.61,2.73,0.83,0.3,0.2,6818186.0,784206.0,97.781,-0.512,4.54,0.28,5936199.0,,,,,,False,False,False,-0.0153243624322093,,0.1389401743090754,2.45,220000.0,64.7,,54.1,19.549999237060547,1840000.0,0.9524297476153263,,,,,,,,,,,,,,,calc_tnx_dfii10,,,,,,,,,,fred_backfill_s288,,fred_backfill_s288,,,,,,255125.0,8866.5,8986.0,-119.5,0.0135718686426188,37.1871755936969,,,,,,,0,12.9281005859375,btlong_seed_s288,btlong_seed_s288,0.0
2025-02-04,67.74929809570312,38.01129531860352,40.89695358276367,23.910783767700195,262.5,51.43000030517578,154.63800048828125,223.47645568847656,88.28943634033203,41.24329376220703,214.2103881835937,29.21999931335449,240.72097778320312,83.08018493652344,47.9127311706543,11.536113739013672,42.97214126586914,50.004878997802734,37.22768020629883,143.2749481201172,72.69999694824219,107.95999908447266,88.1177978515625,1459.050048828125,176.64047241210938,94.998046875,591.6510620117188,4.317999839782715,4.2129998207092285,90.27999877929688,159.44000244140625,4.513000011444092,4.748000144958496,17.209999084472656,100.87999725341795,2.08,2.59,2.71,0.82,0.3,0.19,6818186.0,784206.0,85.654,-0.512,4.52,0.31,5948326.0,,,,,,False,False,False,-0.0039143476472945,,0.0351648282532703,2.43,220000.0,64.7,,54.1,18.63999938964844,1840000.0,0.9232832429184562,,,,,,,,,,,,,,,calc_tnx_dfii10,,,,,,,,,,fred_backfill_s288,,fred_backfill_s288,,,,,,254950.0,8993.0,9107.0,-114.0,0.0135718686426188,37.1871755936969,,,,,,,0,12.976231575012209,btlong_seed_s288,btlong_seed_s288,0.0
2025-02-05,68.85195922851562,38.3696174621582,40.779544830322266,23.891992568969727,264.1300048828125,51.27999877929688,156.11660766601562,225.9088592529297,89.50904083251953,41.37187194824219,215.1527099609375,29.350000381469727,246.3733825683593,84.45186614990234,48.37343215942383,11.655865669250488,43.06282043457031,50.53289031982422,37.60182571411133,144.64883422851562,71.02999877929688,107.58000183105467,88.62934112548828,1450.1600341796875,177.50177001953125,94.998046875,594.0498657226562,4.243000030517578,4.210000038146973,94.68000030517578,162.63999938964844,4.421999931335449,4.642000198364258,15.770000457763672,97.29000091552734,2.01,2.57,2.69,0.83,0.3,0.1,6810935.0,805593.0,78.788,-0.512,4.43,0.26,5926554.0,,,,,,False,False,False,-0.0029253070793314,,0.0263257704635453,2.41,220000.0,64.7,,54.1,17.959999084472656,1840000.0,0.8780624310497682,,,,,,,,,,,,,,,calc_tnx_dfii10,,,,,,,,,,fred_backfill_s288,,fred_backfill_s288,,,,,,252325.0,9025.0,9159.0,-134.0,0.0135718686426188,37.1871755936969,,,,,,,0,12.870342254638672,btlong_seed_s288,btlong_seed_s288,0.0
2025-02-06,68.44468688964844,39.17342376708984,41.81664657592773,24.21142768859864,263.42999267578125,50.84999847412109,155.82879638671875,225.1702575683593,87.56743621826172,41.63891220092773,216.28355407714844,29.3799991607666,247.5796356201172,84.41427612304688,48.574989318847656,11.566051483154297,42.27057266235352,50.953346252441406,37.55866241455078,143.35287475585938,70.61000061035156,107.69000244140624,88.525146484375,1443.8900146484375,177.26686096191406,95.01699829101562,596.1145629882812,4.2729997634887695,4.2129998207092285,93.9000015258789,163.57000732421875,4.440000057220459,4.650000095367432,15.5,96.7699966430664,2.03,2.57,2.66,0.84,0.3,0.11,6810935.0,805593.0,79.983,-0.512,4.45,0.24,5925359.0,,,,,,False,False,False,,,,2.41,220000.0,64.7,,54.1,17.940000534057617,1840000.0,0.8639910556621514,,,,,,,,,,,,,,,calc_tnx_dfii10,,,,,,,,,,fred_backfill_s288,,fred_backfill_s288,,,,,,249275.0,9165.0,9285.5,-120.5,0.0135718686426188,37.1871755936969,,,,,,,0,12.889595985412598,btlong_seed_s288,btlong_seed_s288,0.0
2025-02-07,68.96123504638672,39.870697021484375,42.51130676269531,23.694690704345703,263.8999938964844,50.5,155.25326538085938,222.56057739257807,89.90907287597656,41.253177642822266,213.6152191162109,29.030000686645508,244.24002075195312,83.86936950683594,48.19107437133789,11.436320304870604,42.26580047607422,50.66978073120117,37.48190307617188,142.6805419921875,71.0,108.04000091552734,88.23149108886719,1442.1500244140625,176.395751953125,95.04539489746094,590.6580200195312,4.334000110626221,4.228000164031982,93.12999725341795,166.52999877929688,4.486999988555908,4.690000057220459,16.540000915527344,101.48999786376952,2.07,2.59,2.67,0.84,0.3,0.14,6810935.0,805593.0,95.248,-0.511,4.49,0.2,5910094.0,,,,,,False,False,False,-0.0110814212989059,,0.1007367187039367,2.42,220000.0,64.7,,54.1,18.6299991607666,1840000.0,0.8878154407198987,,,,,,,,,,,,,,,calc_tnx_dfii10,,,,,,,,,,fred_backfill_s288,,fred_backfill_s288,,,,,,247625.0,9288.0,9412.0,-124.0,0.0135718686426188,37.1871755936969,,,,,,,0,12.899221420288086,btlong_seed_s288,btlong_seed_s288,0.0
2025-02-10,70.22284698486328,40.45176315307617,43.76365280151367,24.03291893005371,268.3699951171875,50.58000183105469,155.9776611328125,223.56509399414065,90.51399230957033,41.65869522094727,216.1050262451172,29.200000762939453,248.8456878662109,83.6156997680664,48.49820327758789,11.37644386291504,43.19645309448242,50.26888275146485,37.88963317871094,142.55389404296875,72.31999969482422,108.31999969482422,88.2125473022461,1450.6199951171875,176.89492797851562,95.0643081665039,594.6693115234375,4.333000183105469,4.228000164031982,87.68000030517578,166.9499969482422,4.493000030517578,4.710999965667725,15.8100004196167,99.1500015258789,2.07,2.6,2.66,0.84,0.3,0.16,6810935.0,805593.0,99.653,-0.511,4.51,0.23,5905689.0,,,,,,False,False,False,-0.0082438664893143,,0.0757673408108949,2.42,216000.0,64.7,,54.1,18.229999542236328,1862000.0,0.8672518275706572,,,,,,,,,,,,,,,calc_tnx_dfii10,,,,,,,,,,fred_backfill_s288,,fred_backfill_s288,,,,,,245825.0,9287.5,9410.0,-122.5,0.0135718686426188,37.1871755936969,,,,,,,0,13.091747283935549,btlong_seed_s288,btlong_seed_s288,0.0
2025-02-11,69.865234375,39.212162017822266,43.36251068115234,24.2302188873291,267.3900146484375,50.13999938964844,156.27536010742188,222.26516723632807,88.73825073242188,41.63891220092773,215.64871215820312,29.0,249.09490966796875,83.08018493652344,48.690162658691406,11.316568374633787,43.54484939575195,50.39599990844727,38.081504821777344,142.29080200195312,73.31999969482422,107.95999908447266,87.98518371582031,1453.2099609375,176.91448974609375,95.0643081665039,595.12158203125,4.369999885559082,4.224999904632568,85.58000183105469,168.80999755859375,4.537000179290772,4.75,16.020000457763672,99.81999969482422,2.08,2.64,2.66,0.83,0.3,0.19,6810935.0,805593.0,76.446,-0.511,4.54,0.25,5928896.0,,,,,,False,False,False,-0.0150059822290969,,0.1383603382087042,2.46,216000.0,64.7,,54.1,18.280000686645508,1862000.0,0.8763676070027239,,,,,,,,,,,,,,,calc_tnx_dfii10,,,,,,,,,,fred_backfill_s288,,fred_backfill_s288,,,,,,243300.0,9245.0,9355.0,-110.0,0.0135718686426188,37.1871755936969,,,,,,,0,13.188010215759276,btlong_seed_s288,btlong_seed_s288,0.0
2025-02-12,69.88509368896484,39.57048034667969,44.47788238525391,23.80743408203125,267.6700134277344,49.79999923706055,155.2135467529297,220.21682739257807,89.8993148803711,41.08504486083984,215.78756713867188,29.34000015258789,247.7391357421875,81.95278930664062,48.7861442565918,11.306588172912598,42.4948844909668,50.219993591308594,38.014347076416016,142.086181640625,71.37000274658203,107.94000244140624,87.37890625,1450.75,175.8867950439453,95.07379150390624,593.2044067382812,4.484000205993652,4.228000164031982,86.58000183105469,166.10000610351562,4.63700008392334,4.835000038146973,15.890000343322754,98.73999786376952,2.16,2.66,2.65,0.81,0.3,0.27,6813513.0,828102.0,67.67,-0.511,4.62,0.26,5917741.0,,,,,,False,False,False,-0.0243068750464395,,0.2217526085967964,2.48,216000.0,64.7,,54.1,18.309999465942383,1862000.0,0.8678318299724169,,,,,,,,,,,,,,,calc_tnx_dfii10,,,,,,,,,,fred_backfill_s288,,fred_backfill_s288,,,,,,241650.0,9277.5,9399.0,-121.5,0.0135718686426188,37.1871755936969,,,,,,,0,13.053242683410645,btlong_seed_s288,btlong_seed_s288,0.0
2025-02-13,71.19636535644531,40.75197982788086,44.72248077392578,23.9201774597168,270.3099975585937,50.38999938964844,153.8639678955078,222.698471069336,89.47976684570312,41.332305908203125,218.8328552246093,29.459999084472656,251.1385498046875,83.3150634765625,49.41960906982422,11.46625804901123,42.814640045166016,50.55244827270508,38.10069274902344,142.6415557861328,71.29000091552734,107.30999755859376,88.03254699707031,1452.1199951171875,177.41368103027344,95.09271240234376,599.4671630859375,4.386000156402588,4.2129998207092285,84.56999969482422,163.36000061035156,4.525000095367432,4.73199987411499,15.100000381469728,95.4800033569336,2.08,2.64,2.65,0.81,0.3,0.18,6813513.0,828102.0,67.82,-0.511,4.52,0.21,5917591.0,,,,,,False,False,False,-0.0259669927226473,,0.2382599442497071,2.45,216000.0,64.7,,54.1,17.84000015258789,1862000.0,0.8464125701971648,,,,,,,,,,,,,,,calc_tnx_dfii10,,,,,,,,,,fred_backfill_s288,,fred_backfill_s288,,,,,,237925.0,9362.0,9457.0,-95.0,0.0135718686426188,37.1871755936969,,,,,,,0,13.091747283935549,btlong_seed_s288,btlong_seed_s288,0.0
2025-02-14,70.97782897949219,40.35491561889648,46.297698974609375,24.7751407623291,266.2900085449219,49.59000015258789,152.37542724609375,222.5310821533203,87.07959747314453,41.46088409423828,219.77520751953125,29.309999465942383,251.7965087890625,83.75664520263672,49.43880081176758,11.45627784729004,42.986454010009766,50.65022659301758,37.94239807128906,141.09228515625,70.73999786376953,106.56999969482422,88.40199279785156,1438.739990234375,177.23751831054688,95.13058471679688,599.437744140625,4.323999881744385,4.2129998207092285,84.66999816894531,167.97000122070312,4.4720001220703125,4.692999839782715,14.770000457763672,96.9000015258789,2.04,2.62,2.62,0.8,0.3,0.13,6813513.0,828102.0,58.77,-0.507,4.47,0.21,5926641.0,,,,,,False,False,False,-0.0062788259023479,,0.0570449892068793,2.43,216000.0,64.7,,54.1,17.809999465942383,1862000.0,0.8293094273252493,,,,,,,,,,,,,,,calc_tnx_dfii10,,,,,,,,,,fred_backfill_s288,,fred_backfill_s288,,,,,,255225.0,9812.0,9665.0,147.0,0.0135718686426188,37.1871755936969,,,,,,,0,13.12062644958496,btlong_seed_s288,btlong_seed_s288,0.0
2025-02-17,70.97782897949219,40.35491561889648,46.297698974609375,24.7751407623291,266.2900085449219,49.59000015258789,152.37542724609375,222.5310821533203,87.07959747314453,41.46088409423828,219.77520751953125,29.309999465942383,251.7965087890625,83.75664520263672,49.43880081176758,11.45627784729004,42.986454010009766,50.65022659301758,37.94239807128906,141.09228515625,,,88.40199279785156,1432.5999755859375,177.23751831054688,95.13058471679688,599.437744140625,,,,,4.47,,,,2.04,2.62,2.62,0.8,0.3,0.13,6813513.0,828102.0,58.77,-0.507,4.47,0.21,5926641.0,,,,,,False,False,False,,,,2.43,223000.0,64.7,,54.1,17.809999465942383,1849000.0,,,,,,,,,,,,,,,,calc_tnx_dfii10,,,,,,,,,,fred_backfill_s288,,fred_backfill_s288,,,,,,253975.0,9291.0,9415.0,-124.0,0.0135718686426188,37.1871755936969,,,,,,,0,13.12062644958496,btlong_seed_s288,btlong_seed_s288,0.0
2025-02-18,71.44470977783203,40.06438827514648,46.14115524291992,24.793928146362305,270.70001220703125,49.58000183105469,153.55633544921875,223.752182006836,87.53816223144531,41.87628173828125,220.3009185791016,29.90999984741211,255.4252166748047,82.7701416015625,49.77472686767578,11.48621654510498,43.57348251342773,51.01201248168945,38.297359466552734,140.8194580078125,71.8499984741211,107.0500030517578,87.92833709716797,1441.2900390625,178.59800720214844,95.1495132446289,601.1975708007812,4.39300012588501,4.2129998207092285,84.51000213623047,183.1199951171875,4.544000148773193,4.76200008392334,15.350000381469728,98.5,2.1,2.65,2.62,0.79,0.3,0.21,6813513.0,828102.0,77.817,-0.507,4.55,0.26,5907594.0,,,,73.97866668701172,,False,False,False,-0.0025440174383842,,0.0230245922814713,2.44,223000.0,64.7,,54.1,17.81999969482422,1849000.0,0.8613917308835928,,,,,,,,,,,,,,,calc_tnx_dfii10,,,,,,,,,,fred_backfill_s288,,fred_backfill_s288,,,,,,263775.0,9295.0,9376.5,-81.5,0.0135718686426188,37.1871755936969,,,,,,,0,13.293899536132812,btlong_seed_s288,btlong_seed_s288,0.0
2025-02-19,70.90829467773438,38.86352157592773,46.42489242553711,24.512075424194336,270.8500061035156,49.7599983215332,153.18914794921875,222.98406982421875,85.80145263671875,41.59934997558594,220.3108673095703,29.809999465942383,256.541748046875,82.87349700927734,49.34282302856445,11.74567985534668,43.9171028137207,51.03157424926758,38.49882125854492,142.6513214111328,72.25,107.16999816894533,88.07042694091797,1440.0799560546875,178.9601593017578,95.1495132446289,602.6132202148438,4.369999885559082,4.2179999351501465,83.86000061035156,175.75999450683594,4.534999847412109,4.764999866485596,15.270000457763672,95.5500030517578,2.08,2.66,2.68,0.79,0.3,0.19,6782332.0,790062.0,73.196,-0.507,4.53,0.25,5919074.0,,,,73.9229032454952,,False,False,False,-0.0016827619442363,0.2339968843942894,0.015289369038328,2.45,223000.0,64.7,,54.1,17.93000030517578,1849000.0,0.851645298263366,,,,,,,,,,,,,,,calc_tnx_dfii10,,,,,,,,,,fred_backfill_s288,,fred_backfill_s288,,,,,,270900.0,9433.0,9490.0,-57.0,0.0135718686426188,37.1871755936969,,,,,,,0,13.409415245056152,btlong_seed_s288,btlong_seed_s288,0.0
2025-02-20,69.7559585571289,39.8222770690918,46.99235916137695,24.61542320251465,270.989990234375,50.08000183105469,151.750244140625,220.8470764160156,84.74771118164062,41.16416549682617,219.39825439453125,29.950000762939453,257.00030517578125,83.18354034423828,49.534786224365234,11.795576095581056,44.31800079345703,50.249324798583984,38.49402618408203,143.45033264160156,72.56999969482422,106.33999633789062,88.25044250488281,1439.97998046875,178.5099334716797,95.16844177246094,600.1062622070312,4.3420000076293945,4.204999923706055,86.26000213623047,178.57000732421875,4.5,4.73799991607666,15.65999984741211,94.98999786376952,2.05,2.66,2.66,0.8,0.3,0.17,6782332.0,790062.0,63.207,-0.507,4.5,0.22,5929063.0,,,,73.88062500953674,,False,False,False,0.0111628415683977,-0.1728370566589929,-0.1010022788163382,2.45,223000.0,64.7,,54.1,18.010000228881836,1849000.0,0.8695169155133526,,,,,,,,,,,,,,,calc_tnx_dfii10,,,,,,,,,,fred_backfill_s288,,fred_backfill_s288,,,,,,268750.0,9514.5,9545.0,-30.5,0.0135718686426188,37.1871755936969,,,,,,,0,13.447919845581056,btlong_seed_s288,btlong_seed_s288,0.0
2025-02-21,67.24268341064453,38.03066253662109,48.381683349609375,23.9295711517334,270.739990234375,49.29999923706055,148.2075653076172,214.48538208007807,81.6548080444336,40.00698471069336,214.8650817871093,29.59000015258789,249.2145538330078,84.18878936767578,49.17966079711914,11.725720405578612,43.39689636230469,49.623531341552734,38.50361251831055,142.6805419921875,70.4000015258789,106.61000061035156,88.77143859863281,1431.699951171875,176.00425720214844,95.206298828125,589.8419799804688,4.257999897003174,4.197000026702881,91.83000183105467,165.0,4.420000076293945,4.669000148773193,18.209999084472656,105.70999908447266,2.0,2.61,2.78,0.81,0.3,0.1,6782332.0,790062.0,68.983,-0.497,4.42,0.23,5923287.0,,,,73.77515157063802,,False,False,False,0.0011024196700912,0.9193462806047716,-0.0100868228852828,2.42,223000.0,64.7,,54.1,19.479999542236328,1849000.0,0.9348049031002249,,,,,,,,,,,,,,,calc_tnx_dfii10,,,,,,,,,,fred_backfill_s288,,fred_backfill_s288,,,,,,267750.0,9494.0,9531.5,-37.5,0.0135718686426188,37.1871755936969,,,,,,,0,13.25539493560791,btlong_seed_s288,btlong_seed_s288,0.0
2025-02-24,66.32874298095703,37.94350051879883,46.3074836730957,23.54437065124512,272.2099914550781,49.2599983215332,148.4457244873047,212.93927001953125,79.6448974609375,39.601470947265625,212.31578063964844,29.440000534057617,242.6649169921875,84.43307495117188,49.13166809082031,11.925307273864746,43.40644454956055,49.838645935058594,38.31174850463867,143.840087890625,70.69999694824219,106.5999984741211,88.96089935302734,1434.2900390625,176.1510467529297,95.21576690673828,587.157958984375,4.230000019073486,4.190000057220459,88.44000244140625,156.92999267578125,4.39300012588501,4.6479997634887695,18.979999542236328,106.8000030517578,1.98,2.61,2.78,0.81,0.3,0.09,6782332.0,790062.0,76.818,-0.497,4.4,0.27,5915452.0,,,,73.6847058464499,,False,False,False,-0.0035933951224708,1.8455992087162192,0.0332254768287416,2.41,241000.0,64.7,,54.1,19.86000061035156,1889000.0,0.9556897763811472,,,,,,,,,,,,,,,calc_tnx_dfii10,,,,,,,,,,fred_backfill_s288,,fred_backfill_s288,,,,,,267225.0,9490.0,9510.5,-20.5,0.0135718686426188,37.1871755936969,,,,,,,0,13.216888427734377,btlong_seed_s288,btlong_seed_s288,0.0
2025-02-25,65.92146301269531,37.89508438110352,46.67927169799805,23.75106430053711,268.6199951171875,49.25,149.2991485595703,212.1317901611328,78.5618896484375,39.53224182128906,209.66729736328125,28.82999992370605,237.51095581054688,85.88929748535156,49.48678970336914,11.915328025817873,42.7812385559082,49.82887649536133,38.11988067626953,145.0775604248047,68.93000030517578,106.30999755859376,89.66189575195312,1428.6500244140625,176.3272247314453,95.2252197265625,584.2379150390625,4.132999897003174,4.182000160217285,96.61000061035156,157.60000610351562,4.297999858856201,4.557000160217285,19.43000030517578,108.47000122070312,1.92,2.57,2.84,0.84,0.3,0.0,6782332.0,790062.0,96.0,-0.497,4.3,0.23,5896270.0,,,,73.54885711669922,,False,False,False,-0.0087754421233006,2.3332385250630603,0.0817641077540844,2.38,241000.0,64.7,,54.1,20.030000686645508,1889000.0,0.9700449145830653,,,,,,,,,,,,,,,calc_tnx_dfii10,,,,,,,,,,fred_backfill_s288,,fred_backfill_s288,,,,,,266700.0,9463.0,9470.0,-7.0,0.0135718686426188,37.1871755936969,,,,,,,0,13.053242683410645,btlong_seed_s288,btlong_seed_s288,0.0
2025-02-26,66.61683654785156,38.15656280517578,47.21738815307617,23.3752555847168,269.0299987792969,49.02000045776367,149.98387145996094,212.3976593017578,80.08395385742188,39.73994064331055,210.1731872558593,28.940000534057617,243.06369018554688,86.39664459228516,49.563575744628906,11.865431785583496,42.53783798217773,49.7213134765625,38.27817153930664,144.03497314453125,68.62000274658203,106.41999816894533,89.90821838378906,1429.5,175.95530700683594,95.2252197265625,584.5328369140625,4.077000141143799,4.192999839782715,97.5199966430664,153.44000244140625,4.249000072479248,4.506999969482422,19.100000381469727,106.0500030517578,1.89,2.54,2.81,0.84,0.3,-0.06,6766101.0,681161.0,126.058,-0.497,4.25,0.2,5958882.0,,,,73.41194449530707,,False,False,False,-0.0234031147854792,1.9687019832770385,0.21755839066968,2.36,241000.0,64.7,,54.1,19.75,1889000.0,0.9670886269098595,,,,,,,,,,,,,,,calc_tnx_dfii10,,,,,,,,,,fred_backfill_s288,,fred_backfill_s288,,,,,,265025.0,9504.0,9508.0,-4.0,0.0135718686426188,37.1871755936969,,,,,,,0,12.956979751586914,btlong_seed_s288,btlong_seed_s288,0.0
2025-02-27,65.12674713134766,37.46896362304688,46.22920989990234,23.215538024902344,264.92999267578125,48.54999923706055,151.13497924804688,209.15773010253903,76.8056640625,39.294864654541016,204.39015197753903,28.39999961853028,228.08029174804688,85.78594207763672,48.97809982299805,11.945266723632812,42.76692199707031,49.99509811401367,37.42914581298828,143.45033264160156,70.3499984741211,107.23999786376952,89.80400085449219,1434.4200439453125,174.41864013671875,95.25362396240234,575.2025756835938,4.103000164031982,4.195000171661377,96.2699966430664,149.32000732421875,4.284999847412109,4.553999900817871,21.1299991607666,114.79000091552734,1.92,2.57,2.81,0.85,0.3,-0.03,6766101.0,681161.0,182.148,-0.497,4.29,0.22,5902792.0,,,,73.32918919743719,,False,False,False,-0.0368218444754075,2.0914061159382773,0.3434933492327747,2.36,241000.0,64.7,,54.1,21.21999931335449,1889000.0,0.995758710862387,,,,,,,,,,,,,,,calc_tnx_dfii10,,,,,,,,,,fred_backfill_s288,,fred_backfill_s288,,,,,,263650.0,9415.5,9415.5,0.0,0.0135718686426188,37.1871755936969,,,,,,,0,12.956979751586914,btlong_seed_s288,btlong_seed_s288,0.0
2025-02-28,65.6731185913086,37.01380157470703,44.59529113769531,22.651824951171875,263.2699890136719,48.09999847412109,153.60594177246094,211.38333129882807,77.38131713867188,39.76960754394531,207.57427978515625,28.309999465942383,232.04795837402344,86.83819580078125,49.01649475097656,12.015121459960938,43.430301666259766,51.02179336547852,37.999961853027344,145.11656188964844,69.76000213623047,107.61000061035156,90.29660034179688,1449.8599853515625,176.35658264160156,95.27256774902344,584.178955078125,4.027999877929688,4.192999839782715,104.45999908447266,157.94000244140625,4.230999946594238,4.515999794006348,19.6299991607666,108.98999786376952,1.86,2.58,2.87,0.88,0.3,-0.08,6766101.0,681161.0,234.422,-0.484,4.24,0.25,5850518.0,,,,73.23526322214227,,False,False,False,-0.0247799533831624,1.731563003034397,0.2304421821975939,2.37,241000.0,64.7,,54.1,20.18000030517578,1889000.0,0.9727452360707787,,,,,,,,,,,,,,,calc_tnx_dfii10,,,,,,,,,,fred_backfill_s288,,fred_backfill_s288,,,,,,262075.0,9363.5,9377.0,-13.5,0.0135718686426188,37.1871755936969,,,,,,,0,12.860715866088867,btlong_seed_s288,btlong_seed_s288,0.0
2025-03-03,64.98766326904297,36.55863571166992,43.72451400756836,22.680009841918945,266.739990234375,47.79999923706055,151.8792724609375,205.6026611328125,74.02497863769531,38.69154739379883,203.10064697265625,28.75,222.3182373046875,87.24344635009766,49.3812141418457,12.015121459960938,41.912628173828125,50.59156036376953,38.052730560302734,145.74989318847656,68.37000274658203,106.75,90.62437438964844,1459.800048828125,174.4773406982422,95.29440307617188,573.9441528320312,3.990999937057495,4.192999839782715,105.6500015258789,154.25999450683594,4.179999828338623,4.464000225067139,22.780000686645508,118.73999786376952,1.8,2.59,2.94,0.89,0.3,-0.19,6766101.0,681161.0,119.987,-0.484,4.16,0.2,5964953.0,,,,73.11051295353816,,False,False,False,-0.022773708815245,1.4790546721464346,0.2112924823297035,2.38,224000.0,57.0,,54.1,22.18000030517578,1857000.0,1.0270514144821592,,,,,,,,,,,,,,,calc_tnx_dfii10,,,,,,,,,,fred_backfill_s288,,fred_backfill_s288,,,,,,261050.0,9360.5,9389.0,-28.5,0.0167487205930005,34.7847503398507,,,,,,,0,12.764453887939451,btlong_seed_s288,btlong_seed_s288,0.0
2025-03-04,66.00093841552734,36.52958297729492,45.074703216552734,22.46392059326172,269.0599975585937,47.84999847412109,148.2075653076172,203.2785797119141,75.63484191894531,37.860748291015625,202.37649536132807,29.0,224.5313415527344,86.1690444946289,49.24684524536133,11.945266723632812,41.50696563720703,48.81195068359375,37.43394088745117,144.39547729492188,68.26000213623047,105.73999786376952,90.33934020996094,1457.9300537109375,171.65846252441406,95.3039093017578,567.1504516601562,4.002999782562256,4.195000171661377,108.87000274658205,151.3800048828125,4.210000038146973,4.517000198364258,23.51000022888184,118.55999755859376,1.87,2.59,2.99,0.89,0.3,-0.12,6766101.0,681161.0,135.257,-0.484,4.22,0.26,5949683.0,,,,72.98925018310547,,False,False,False,-0.0317266689620371,1.4202814165248114,0.2943578439126906,2.34,224000.0,57.0,,54.1,22.780000686645508,1857000.0,1.0320456330216128,,,,,,,,,,,,,,,calc_tnx_dfii10,,,,,,,,,,fred_backfill_s288,,fred_backfill_s288,,,,,,261000.0,9395.0,9402.5,-7.5,0.0167487205930005,34.7847503398507,,,,,,,0,12.788518905639648,btlong_seed_s288,btlong_seed_s288,0.0
2025-03-05,66.65657806396484,39.30900192260742,47.07063293457031,23.09339714050293,269.6199951171875,48.93000030517578,151.35330200195312,205.29737854003903,76.52272033691406,38.68165969848633,204.9753875732422,29.770000457763672,228.6884002685547,85.48106384277344,50.40818786621094,11.925307273864746,40.90084457397461,49.09552001953125,37.17012023925781,145.8473358154297,66.30999755859375,105.73999786376952,89.83580780029297,1452.8499755859375,173.2538604736328,95.3039093017578,573.24609375,4.056000232696533,4.204999923706055,104.31999969482422,138.8800048828125,4.264999866485596,4.557000160217285,21.93000030517578,109.62999725341795,1.94,2.56,2.88,0.87,0.3,-0.07,6756764.0,548331.0,139.493,-0.484,4.28,0.29,6068940.0,,,,72.82634158250762,,False,False,False,-0.0063432822454911,-0.4105709774738151,0.0574496372777275,2.32,224000.0,57.0,,54.1,21.71999931335449,1857000.0,1.0096685542569135,,,,,,,,,,,,,,,calc_tnx_dfii10,,,,,,,,,,fred_backfill_s288,,fred_backfill_s288,,,,,,260150.0,9541.0,9550.0,-9.0,0.0167487205930005,34.7847503398507,,,,,,,0,12.754827499389648,btlong_seed_s288,btlong_seed_s288,0.0
2025-03-06,64.86846923828125,38.85383605957031,48.45016860961914,23.084003448486328,268.25,48.93999862670898,148.2869415283203,202.1559295654297,73.76153564453125,38.21680450439453,199.44032287597656,29.690000534057617,219.09825134277344,85.19832611083984,49.93788909912109,12.174790382385254,41.02492904663086,48.283939361572266,36.3978385925293,145.44784545898438,66.36000061035156,104.05999755859376,89.78832244873047,1443.030029296875,171.33544921875,95.33238220214844,563.0703735351562,4.060999870300293,4.197000026702881,108.9499969482422,137.64999389648438,4.285999774932861,4.579999923706055,24.8700008392334,120.81999969482422,1.95,2.53,2.99,0.88,0.3,-0.05,6756764.0,548331.0,129.269,-0.484,4.29,0.33,6079164.0,,,,72.67238108317058,,False,False,False,-0.0076064898054426,-0.5834301210087214,0.0687248519234415,2.34,224000.0,57.0,,54.1,23.700000762939453,1857000.0,1.0493670902375463,,,,,,,,,,,,,,,calc_tnx_dfii10,,,,,,,,,,fred_backfill_s288,,fred_backfill_s288,,,,,,259175.0,9654.0,9647.0,7.0,0.0167487205930005,34.7847503398507,,,,,,,0,12.72594928741455,btlong_seed_s288,btlong_seed_s288,0.0
2025-03-07,65.49430847167969,38.68920135498047,48.45995330810547,23.318883895874023,268.3900146484375,49.08000183105469,148.59457397460938,202.81573486328125,73.90789031982422,38.41461563110352,200.86875915527344,29.59000015258789,224.39178466796875,84.92499542236328,50.46577835083008,12.374377250671388,41.72650146484375,48.02971267700195,37.07418441772461,145.4575958251953,67.04000091552734,103.83999633789062,89.67433166503906,1446.5,172.940673828125,95.36087036132812,566.2261962890625,4.0929999351501465,4.197000026702881,104.41000366210938,139.94000244140625,4.316999912261963,4.616000175476074,23.3700008392334,115.7300033569336,1.99,2.52,2.97,0.89,0.3,-0.02,6756764.0,548331.0,136.305,-0.467,4.32,0.33,6072128.0,,,,72.54139549787655,,False,False,False,0.0022381901186447,-0.2812892966011915,-0.0203010434481694,2.33,224000.0,57.0,,54.1,22.59000015258789,1857000.0,1.0345285826196045,,,,,,,,,,,,,,,calc_tnx_dfii10,,,,,,,,,,fred_backfill_s288,,fred_backfill_s288,,,,,,257325.0,9664.0,9660.0,4.0,0.0167487205930005,34.7847503398507,,,,,,,0,12.822211265563965,btlong_seed_s288,btlong_seed_s288,0.0
2025-03-10,62.86181640625,37.39149475097656,46.82603454589844,22.8303337097168,266.0400085449219,48.36000061035156,146.98696899414062,197.71456909179688,71.60527801513672,37.51457977294922,193.3002014160156,29.11000061035156,213.86453247070312,85.81092071533203,49.3044319152832,12.21470832824707,42.036712646484375,46.95412826538086,37.48190307617188,143.88880920410156,66.02999877929688,103.91000366210938,90.30134582519533,1446.260009765625,170.5034942626953,95.36087036132812,551.14453125,3.973999977111816,4.184999942779541,112.5,146.0399932861328,4.2129998207092285,4.539000034332275,27.86000061035156,128.4600067138672,1.91,2.49,3.16,0.91,0.3,-0.11,6756764.0,548331.0,129.054,-0.467,4.22,0.33,6079379.0,,,,72.39340920881791,,False,False,False,0.0056488398362726,0.3041919952720456,-0.0516254677705667,2.3,222000.0,57.0,,54.1,25.71999931335449,1876000.0,1.083203785152744,,,,,,,,,,,,,,,calc_tnx_dfii10,,,,,,,,,,fred_backfill_s288,,fred_backfill_s288,,,,,,253325.0,9547.0,9560.0,-13.0,0.0167487205930005,34.7847503398507,,,,,,,0,12.745201110839844,btlong_seed_s288,btlong_seed_s288,0.0
2025-03-11,63.43798065185547,38.07908248901367,47.93162155151367,22.905494689941406,269.1600036621094,48.65999984741211,147.19537353515625,197.69485473632807,73.556640625,37.41567611694336,192.5661773681641,29.959999084472656,213.5554962158203,85.19832611083984,49.17006301879883,12.384356498718262,41.70263671875,46.55323028564453,37.13174819946289,142.32003784179688,66.25,103.44000244140624,89.97832489013672,1457.030029296875,168.2327423095703,95.37984466552734,546.5628662109375,4.041999816894531,4.195000171661377,114.5999984741211,132.7899932861328,4.288000106811523,4.603000164031982,26.920000076293945,129.50999450683594,1.97,2.5,3.22,0.94,0.3,-0.06,6756764.0,548331.0,137.31,-0.467,4.28,0.34,6071123.0,,,,72.25688900417752,,False,False,False,0.0263097561595229,-1.0145074558246374,-0.2363662977518767,2.32,222000.0,57.0,,54.1,25.34000015258789,1876000.0,1.0623520092419847,,,,,,,,,,,,,,,calc_tnx_dfii10,,,,,,,,,,fred_backfill_s288,,fred_backfill_s288,,,,,,244175.0,9628.0,9631.0,-3.0,0.0167487205930005,34.7847503398507,,,,,,,0,12.812585830688477,btlong_seed_s288,btlong_seed_s288,0.0
2025-03-12,63.76580047607422,38.33087921142578,47.43263626098633,22.99944877624512,270.3299865722656,48.72999954223633,148.18771362304688,198.03956604003903,74.16156768798828,37.52447128295898,194.7980499267578,30.21999931335449,219.83596801757807,84.68939971923828,49.534786224365234,12.55400562286377,41.893531799316406,46.621673583984375,37.0166244506836,140.89743041992188,67.68000030517578,103.61000061035156,89.71232604980469,1451.02001953125,167.43991088867188,95.37984466552734,549.4632568359375,4.078999996185303,4.197000026702881,104.11000061035156,128.69000244140625,4.317999839782715,4.632999897003174,24.229999542236328,115.88999938964844,1.99,2.53,3.2,0.96,0.3,-0.03,6759571.0,512581.0,131.055,-0.467,4.32,0.31,6115935.0,,,,72.15739142376444,,False,False,False,0.0198583036241069,-1.306777676619065,-0.1776404723371527,2.33,222000.0,57.0,,54.1,23.670000076293945,1876000.0,1.0236586169893271,,,,,,,,,,,,,,,calc_tnx_dfii10,,,,,,,,,,fred_backfill_s288,,fred_backfill_s288,,,,,,240325.0,9766.0,9785.0,-19.0,0.0167487205930005,34.7847503398507,,,,,,,0,12.822211265563965,btlong_seed_s288,btlong_seed_s288,0.0
2025-03-13,62.30551910400391,38.92162322998047,46.74776077270508,23.300092697143555,275.1300048828125,48.5099983215332,147.79075622558594,195.085189819336,73.62493896484375,36.90137481689453,191.2667388916016,30.739999771118164,218.8689727783203,85.43395233154297,49.16046142578125,12.414294242858888,41.60718536376953,46.36744689941406,37.10776138305664,140.14712524414062,66.55000305175781,103.83000183105467,90.07335662841795,1448.75,165.834716796875,95.4083480834961,542.138671875,4.027999877929688,4.188000202178955,106.19000244140624,128.86000061035156,4.27400016784668,4.5970001220703125,24.65999984741211,112.88999938964844,1.98,2.48,3.4,0.97,0.3,-0.07,6759571.0,512581.0,113.435,-0.467,4.27,0.33,6133555.0,,,,72.03808528818983,,False,False,False,0.0251685716530323,-1.2301538881398195,-0.2252644532645131,2.29,222000.0,57.0,,54.1,24.059999465942383,1876000.0,1.024937672268823,,,,,,,,,,,,,,,calc_tnx_dfii10,,,,,,,,,,fred_backfill_s288,,fred_backfill_s288,,,,,,237200.0,9702.5,9734.0,-31.5,0.0167487205930005,34.7847503398507,,,,,,,0,12.783705711364746,btlong_seed_s288,btlong_seed_s288,0.0
2025-03-14,64.38170623779297,40.01596450805664,48.12729644775391,24.277193069458008,275.239990234375,48.90999984741211,150.08311462402344,199.8022918701172,75.52752685546875,37.91020202636719,195.88917541503903,30.709999084472656,225.86720275878903,84.9815444946289,50.1010627746582,12.633840560913086,42.83850860595703,47.44302749633789,37.83207321166992,141.2189483642578,67.18000030517578,103.72000122070312,89.75982666015625,1453.22998046875,168.9961700439453,95.43682098388672,553.3369140625,4.081999778747559,4.188000202178955,101.01000213623048,130.3000030517578,4.308000087738037,4.614999771118164,21.770000457763672,98.2300033569336,2.01,2.48,3.25,0.94,0.3,-0.02,6759571.0,512581.0,126.234,-0.449,4.31,0.29,6120756.0,,,,71.93687518437703,,False,False,False,0.0136950617206808,-1.0983383084457503,-0.1227427146412765,2.3,222000.0,57.0,,54.1,22.170000076293945,1876000.0,0.9819576176295106,,,,,,,,,,,,,,,calc_tnx_dfii10,,,,,,,,,,fred_backfill_s288,,fred_backfill_s288,,,,,,233750.0,9759.0,9810.0,-51.0,0.0167487205930005,34.7847503398507,,,,,,,0,12.822211265563965,btlong_seed_s288,btlong_seed_s288,0.0
2025-03-17,65.36516571044922,40.83913803100586,48.95893478393555,24.85029983520508,276.7300109863281,49.43999862670898,152.25634765625,202.3233642578125,76.8349380493164,38.26625442504883,197.15887451171875,30.809999465942383,228.24978637695312,85.40567016601562,50.69612884521485,12.733633995056152,43.5209846496582,48.00038528442383,37.99036407470703,143.01185607910156,67.58000183105469,103.37000274658205,89.83580780029297,1449.050048828125,171.2767333984375,95.44631958007812,557.6038818359375,4.0980000495910645,4.188000202178955,99.77999877929688,133.89999389648438,4.306000232696533,4.598999977111816,20.51000022888184,95.93000030517578,2.02,2.48,3.18,0.93,0.3,-0.03,6759571.0,512581.0,89.496,-0.449,4.31,0.25,6157494.0,,,,71.84795940165617,,False,False,False,,-0.9164818819655508,,2.29,225000.0,57.0,,54.1,21.299999237060547,1852000.0,0.9629108433579583,,,,,,,,,,,,,,,calc_tnx_dfii10,,,,,,,,,,fred_backfill_s288,,fred_backfill_s288,,,,,,230975.0,9748.0,9820.0,-72.0,0.0167487205930005,34.7847503398507,,,,,,,0,12.9281005859375,btlong_seed_s288,btlong_seed_s288,0.0
2025-03-18,64.96781158447266,41.30398941040039,48.48930740356445,24.963043212890625,279.9599914550781,49.880001068115234,151.81204223632812,200.5664978027344,75.995849609375,38.02888488769531,193.90530395507807,30.850000381469727,224.72076416015625,85.49048614501953,50.62894058227539,12.59392261505127,43.59257125854492,47.94171524047852,37.72654342651367,143.08004760742188,66.9000015258789,103.23999786376952,89.94034576416016,1442.489990234375,170.38604736328125,95.45581817626952,551.5770874023438,4.070000171661377,4.195000171661377,96.68000030517578,136.75,4.281000137329102,4.578999996185303,21.700000762939453,99.68000030517578,1.99,2.46,3.23,0.93,0.3,-0.05,6759571.0,512581.0,149.503,-0.449,4.29,0.25,6097487.0,,,,71.74900024414063,,False,False,False,-0.0026879493858433,-0.1230840920595078,0.0243928128942378,2.29,225000.0,57.0,,54.1,21.96999931335449,1852000.0,0.9877105799338411,,,,,,,,,,,,,,,calc_tnx_dfii10,,,,,,,,,,fred_backfill_s288,,fred_backfill_s288,,,,,,227700.0,9834.0,9888.0,-54.0,0.0167487205930005,34.7847503398507,,,,,,,0,12.899221420288086,btlong_seed_s288,btlong_seed_s288,0.0
2025-03-19,65.73271942138672,41.77852630615234,47.863128662109375,25.310665130615234,281.1099853515625,50.61000061035156,155.4401092529297,203.6853790283203,77.70329284667969,38.52341079711914,196.39508056640625,30.75,226.70458984375,85.93343353271484,50.85929489135742,12.573965072631836,44.30368423461914,48.469722747802734,37.86565399169922,143.15802001953125,67.16000366210938,103.43000030517578,90.2158432006836,1448.93994140625,171.64866638183594,95.4748077392578,557.5841674804688,4.03000020980835,4.190000057220459,91.4000015258789,136.4499969482422,4.25600004196167,4.567999839782715,19.89999961853028,93.2300033569336,1.94,2.5,3.19,0.91,0.3,-0.08,6755982.0,435936.0,193.378,-0.449,4.25,0.26,6126668.0,,,,71.65901991900276,,False,False,False,-0.006115931666311,0.4470441145405453,0.0559105515813946,2.32,225000.0,57.0,,54.1,20.82999992370605,1852000.0,0.955352841642723,,,,,,,,,,,,,,,calc_tnx_dfii10,,,,,,,,,,fred_backfill_s288,,fred_backfill_s288,,,,,,225175.0,9914.0,9955.0,-41.0,0.0167487205930005,34.7847503398507,,,,,,,0,12.976231575012209,btlong_seed_s288,btlong_seed_s288,0.0
2025-03-20,64.6499252319336,41.26525115966797,46.23899459838867,24.97243881225586,280.75,50.7599983215332,154.19761657714844,202.3924255371093,77.98623657226562,38.28603744506836,195.71063232421875,30.5,226.345703125,85.98997497558594,50.46577835083008,12.374377250671388,44.46595001220703,48.53816986083984,38.01914596557617,143.2456817626953,68.26000213623047,103.8499984741211,90.34884643554688,1443.3900146484375,170.93417358398438,95.4748077392578,555.9718627929688,4.006999969482422,4.182000160217285,95.73999786376952,140.7899932861328,4.232999801635742,4.557000160217285,19.799999237060547,89.94999694824219,1.93,2.51,3.17,0.91,0.3,-0.09,6755982.0,435936.0,192.64,-0.449,4.24,0.29,6127406.0,,,,71.59365419241098,,False,False,False,-0.0170385499604995,0.9753240026138712,0.1568384557839426,2.3,225000.0,57.0,,54.1,20.709999084472656,1852000.0,0.9560598798821588,,,,,,,,,,,,,,,calc_tnx_dfii10,,,,,,,,,,fred_backfill_s288,,fred_backfill_s288,,,,,,223275.0,9911.5,9951.0,-39.5,0.0167487205930005,34.7847503398507,,,,,,,0,12.995484352111816,btlong_seed_s288,btlong_seed_s288,0.0
2025-03-21,64.55059814453125,40.42271041870117,45.143192291259766,24.963043212890625,278.489990234375,51.470001220703125,153.80995178222656,201.13897705078125,77.24472045898438,37.8310775756836,196.4149169921875,30.020000457763672,224.07278442382807,85.48106384277344,50.18807601928711,12.51408863067627,44.15573120117188,48.36216354370117,37.774513244628906,142.84622192382812,68.27999877929688,104.08999633789062,90.27284240722656,1465.8199462890625,170.151123046875,95.5032958984375,556.1552734375,4.007999897003174,4.184999942779541,94.54000091552734,141.72999572753906,4.251999855041504,4.5960001945495605,19.280000686645508,87.98999786376953,1.92,2.51,3.21,0.92,0.3,-0.08,6755982.0,435936.0,200.85,-0.431,4.25,0.31,6119196.0,,,,71.53113239216354,,False,False,False,-0.0137011060547639,1.5455984204714786,0.1271026260229284,2.33,225000.0,57.0,,54.1,20.350000381469727,1852000.0,0.9474201634021325,,,,,,,,,,,,,,,calc_tnx_dfii10,,,,,,,,,,fred_backfill_s288,,fred_backfill_s288,,,,,,224600.0,9829.0,9880.0,-51.0,0.0167487205930005,34.7847503398507,,,,,,,0,12.918474197387695,btlong_seed_s288,btlong_seed_s288,0.0
2025-03-24,65.59364318847656,41.14904022216797,45.20189666748047,24.60602760314941,277.25,52.119998931884766,157.16964721679688,206.1429901123047,78.89362335205078,38.85968780517578,200.57586669921875,29.959999084472656,229.9145965576172,84.60457611083984,50.25557327270508,12.673757553100586,44.658836364746094,49.2149658203125,37.76243591308594,143.93685913085938,69.11000061035156,104.26000213623048,89.7503433227539,1464.780029296875,172.78785705566406,95.5222625732422,566.1151733398438,4.0970001220703125,4.182000160217285,95.22000122070312,144.00999450683594,4.330999851226807,4.65500020980835,17.479999542236328,81.88999938964844,1.98,2.54,3.05,0.9,0.3,0.01,6755982.0,435936.0,196.565,-0.431,4.34,0.3,6123481.0,,,,71.4862966184263,,False,False,False,-0.0008366640977405,1.3151578705410711,0.0077424942652548,2.35,224000.0,57.0,,54.1,19.040000915527344,1889000.0,0.9180671587038204,,,,,,,,,,,,,,,calc_tnx_dfii10,,,,,,,,,,fred_backfill_s288,,fred_backfill_s288,,,,,,221775.0,9978.0,10028.0,-50.0,0.0167487205930005,34.7847503398507,,,,,,,0,12.96660614013672,btlong_seed_s288,btlong_seed_s288,0.0
2025-03-25,66.33869171142578,41.95284652709961,44.184364318847656,24.822114944458008,278.4700012207031,52.040000915527344,158.5413360595703,204.9980926513672,77.41058349609375,38.909141540527344,201.8177947998047,30.57999992370605,228.9376373291016,84.59514617919922,50.52556228637695,12.663778305053713,44.84161758422852,49.489742279052734,37.15857696533203,142.09791564941406,69.0,104.18000030517578,89.90232849121094,1466.27001953125,172.37478637695312,95.5317840576172,567.4759521484375,4.058000087738037,4.182000160217285,93.56999969482422,148.67999267578125,4.307000160217285,4.656000137329102,17.149999618530273,87.45999908447266,1.96,2.56,3.09,0.9,0.3,-0.02,6755982.0,435936.0,214.786,-0.431,4.31,0.35,6105260.0,,,,71.44109122536399,,False,False,False,0.0231816879560564,0.0610793459423947,-0.2110989107104828,2.35,224000.0,57.0,,54.1,19.049999237060547,1889000.0,0.9002624832218393,,,,,,,,,,,,,,,calc_tnx_dfii10,,,,,,,,,,fred_backfill_s288,,fred_backfill_s288,,,,,,219950.0,9982.0,10011.0,-29.0,0.0167487205930005,34.7847503398507,,,,,,,0,12.976231575012209,btlong_seed_s288,btlong_seed_s288,0.0
2025-03-26,65.18637084960938,40.75197982788086,44.262638092041016,24.70937156677246,278.239990234375,51.400001525878906,156.1855926513672,202.91552734375,75.69338989257812,38.44428253173828,198.1317443847656,30.530000686645508,221.3213348388672,84.03909301757812,49.91809844970703,12.464191436767578,45.10615158081055,49.3425407409668,37.40495681762695,141.57949829101562,69.6500015258789,104.5500030517578,89.6933364868164,1462.0899658203125,172.0502471923828,95.5507583618164,560.7012939453125,4.083000183105469,4.190000057220459,91.41000366210938,144.75,4.3379998207092285,4.683000087738037,18.32999992370605,90.23999786376952,1.98,2.56,3.19,0.91,0.3,0.02,6740253.0,360177.0,241.371,-0.431,4.35,0.37,6138705.0,,,,71.40910748073033,,False,False,False,0.0200217668136173,0.1231622237052227,-0.182471538729203,2.36,224000.0,57.0,,54.1,19.84000015258789,1889000.0,0.9238911180812225,,,,,,,,,,,,,,,calc_tnx_dfii10,,,,,,,,,,fred_backfill_s288,,fred_backfill_s288,,,,,,216750.0,9884.0,9909.0,-25.0,0.0167487205930005,34.7847503398507,,,,,,,0,12.96660614013672,btlong_seed_s288,btlong_seed_s288,0.0
2025-03-27,64.18695068359375,39.928802490234375,44.90837860107422,24.737558364868164,281.9700012207031,51.790000915527344,155.43014526367188,201.9482879638672,74.06400299072266,38.13768005371094,196.95936584472656,31.31999969482422,217.0745544433593,83.7940673828125,49.97594451904297,12.53404712677002,44.66846084594727,49.24440383911133,37.395294189453125,141.80447387695312,69.91999816894531,104.06999969482422,89.61732482910156,1465.6800537109375,171.60765075683594,95.56024932861328,559.2122802734375,4.0980000495910645,4.188000202178955,91.02999877929688,140.85000610351562,4.36899995803833,4.728000164031982,18.690000534057617,89.51000213623047,1.99,2.6,3.27,0.91,0.3,0.05,6740253.0,360177.0,291.785,-0.431,4.38,0.41,6088291.0,,,,71.38298275596217,,False,False,False,0.0361714842912346,-0.8220778870523818,-0.3256473042507579,2.38,224000.0,57.0,,54.1,19.88999938964844,1889000.0,0.9396682306478424,,,,,,,,,,,,,,,calc_tnx_dfii10,,,,,,,,,,fred_backfill_s288,,fred_backfill_s288,,,,,,215275.0,9787.0,9847.0,-60.0,0.0167487205930005,34.7847503398507,,,,,,,0,13.00511074066162,btlong_seed_s288,btlong_seed_s288,0.0
2025-03-28,62.97492980957031,38.7473030090332,43.53862380981445,24.38993453979492,284.0599975585937,51.27999877929688,152.3090362548828,197.8424072265625,72.33704376220703,37.19808578491211,191.8327178955078,31.0,211.5118560791016,84.95327758789062,49.40705871582031,12.354418754577637,44.456825256347656,48.2924919128418,37.67065048217773,141.36428833007812,69.36000061035156,104.04000091552734,90.33934020996094,1461.8900146484375,168.9621124267578,95.58876037597656,547.9506225585938,3.9809999465942383,4.188000202178955,96.83000183105467,139.0399932861328,4.255000114440918,4.632999897003174,21.64999961853028,102.44000244140624,1.9,2.58,3.47,0.94,0.3,-0.06,6740253.0,360177.0,286.575,-0.414,4.27,0.38,6093501.0,,,,71.34810375345164,,False,False,False,0.0148762959703063,0.5616989278427748,-0.1363148579679407,2.36,224000.0,57.0,,54.1,22.01000022888184,1889000.0,0.9836437707129525,,,,,,,,,,,,,,,calc_tnx_dfii10,,,,,,,,,,fred_backfill_s288,,fred_backfill_s288,,,,,,212925.0,9795.0,9834.0,-39.0,0.0167487205930005,34.7847503398507,,,,,,,0,12.956979751586914,btlong_seed_s288,btlong_seed_s288,0.0
2025-03-31,62.58748245239258,37.83697509765625,43.35272979736328,24.286590576171875,288.1400146484375,51.47999954223633,152.17982482910156,196.89488220214844,71.48819732666016,37.3167724609375,191.7731170654297,30.989999771118164,210.81402587890625,85.79206085205078,49.01172637939453,12.454212188720703,44.94742202758789,48.881309509277344,38.09092712402344,142.82174682617188,71.4800033569336,104.20999908447266,90.60536193847656,1469.4100341796875,170.36846923828125,95.58876037597656,551.6289672851562,3.983000040054321,4.192999839782715,101.3499984741211,148.5800018310547,4.245999813079834,4.61299991607666,22.280000686645508,99.12000274658205,1.85,2.61,3.55,0.97,0.3,-0.09,6740253.0,360177.0,399.167,-0.414,4.23,0.34,5980909.0,,,,71.3122417844575,,False,False,False,-0.0021430625726865,1.6704251496794311,0.0199258498111376,2.4,220000.0,57.0,,54.1,21.96999931335449,1852000.0,1.0141102131533788,,,,,,,,,,,,,,,calc_tnx_dfii10,,,,,,,,,,fred_backfill_s288,,fred_backfill_s288,,,,,,211375.0,9673.0,9721.0,-48.0,0.0167487205930005,34.7847503398507,,,,,,,0,13.12062644958496,btlong_seed_s288,btlong_seed_s288,0.0
2025-04-01,63.10408401489258,38.09845352172852,43.450565338134766,24.55904960632324,287.57000732421875,51.04999923706055,153.2831573486328,196.9146270751953,72.2394790649414,37.57392501831055,193.3428955078125,30.6299991607666,211.83087158203125,86.5354995727539,49.185279846191406,12.53404712677002,45.21196365356445,48.82242584228516,38.18754959106445,140.21005249023438,71.19999694824219,104.26000213623048,90.9236831665039,1471.9599609375,170.54551696777344,95.613525390625,553.18701171875,3.910000085830689,4.199999809265137,104.7300033569336,143.00999450683594,4.156000137329102,4.515999794006348,21.770000457763672,97.5500030517578,1.84,2.54,3.5,0.98,0.3,-0.15,6740253.0,360177.0,230.063,-0.414,4.17,0.3,6150013.0,,,,71.25965552494444,,False,False,False,-0.0117779671618286,2.310536359264755,0.1105775447532444,2.32,220000.0,52.2,,52.3,21.81999969482422,1852000.0,0.9977085592227388,,,,,,,,,,,,,,,calc_tnx_dfii10,,,,,,,,,,fred_backfill_s288,,fred_backfill_s288,,,,,,213275.0,9652.0,9703.5,-51.5,0.018766545554739,32.6212703411135,,,,,,,0,13.139878273010254,btlong_seed_s288,btlong_seed_s288,0.0
2025-04-02,64.02799224853516,37.86602783203125,43.53862380981445,24.55904960632324,288.1600036621094,51.560001373291016,153.84971618652344,200.023666381836,72.83464050292969,38.206912994384766,194.7338409423828,30.76000022888184,213.4259033203125,86.47874450683594,49.320274353027344,12.673757553100586,45.27448654174805,49.22478103637695,38.36627960205078,141.1490936279297,71.70999908447266,103.80999755859376,90.83790588378906,1469.969970703125,171.97154235839844,95.62305450439452,556.687744140625,3.950999975204468,4.203000068664551,106.38999938964844,144.27000427246094,4.196000099182129,4.552999973297119,21.51000022888184,118.37000274658205,1.88,2.51,3.42,0.96,0.3,-0.12,6723452.0,313326.0,233.488,-0.414,4.2,0.29,6176638.0,3.3731441243692872,,,71.23189689373147,-2.360251740073982,False,False,False,-0.0332239378229719,2.026870940358973,0.3112421967977745,2.32,220000.0,52.2,,52.3,21.450000762939453,1852000.0,1.0027971777999212,,,,,,,,,,,,,,,calc_tnx_dfii10,,,,,,,,,,fred_backfill_s288,,fred_backfill_s288,,,,,,211875.0,9646.0,9695.0,-49.0,0.018766545554739,32.6212703411135,,,,,,,0,13.216888427734377,btlong_seed_s288,btlong_seed_s288,1.0
2025-04-03,60.86881256103516,35.25123596191406,42.7950439453125,24.737558364868164,286.4200134277344,51.18000030517578,146.89178466796875,187.1829071044922,70.78571319580078,35.674949645996094,184.43084716796875,28.88999938964844,194.9633636474609,86.87600708007812,48.288551330566406,11.37644386291504,41.72005844116211,46.80083084106445,38.1247444152832,140.004638671875,66.94999694824219,102.06999969482422,91.7719268798828,1466.0400390625,163.77915954589844,95.6421127319336,529.2537841796875,3.760999917984009,4.184999942779541,112.0,139.1999969482422,4.054999828338623,4.485000133514404,30.020000457763672,119.4800033569336,1.78,2.5,4.01,1.06,0.3,-0.25,6723452.0,313326.0,196.265,-0.414,4.06,0.35,6213861.0,3.373462364879898,,,71.11172445889177,-8.966797988371555,False,False,False,-0.0886741336154229,4.8793510257033725,0.8791293553963353,2.27,220000.0,52.2,,52.3,27.3799991607666,1852000.0,1.0964207953950555,,,,,,,,,,,,,,,calc_tnx_dfii10,,,,,,,,,,fred_backfill_s288,,fred_backfill_s288,,,,,,210450.0,9397.0,9442.0,-45.0,0.018766545554739,32.6212703411135,,,,,,,0,12.687443733215332,btlong_seed_s288,btlong_seed_s288,1.0
2025-04-04,57.16323471069336,31.63895034790039,39.50763320922852,23.018239974975582,279.7200012207031,49.18999862670898,134.49673461914062,178.83294677734375,66.08292388916016,34.02324676513672,173.15415954589844,27.07999992370605,180.2391662597656,87.82186126708984,45.2319450378418,11.615948677062988,37.88185501098633,43.37590408325195,36.0040168762207,132.3260498046875,61.9900016784668,103.0199966430664,92.02925872802734,1450.6800537109375,154.58360290527344,95.67069244384766,498.2696838378906,3.7090001106262207,4.15500020980835,125.70999908447266,136.5399932861328,3.984999895095825,4.388000011444092,45.310001373291016,147.16000366210938,1.83,2.34,4.45,1.14,0.3,-0.27,6723452.0,313326.0,184.499,-0.399,4.01,0.33,6225627.0,3.373828413876856,,,70.86034518274768,-18.05339075805431,False,False,False,-0.12189485060227,5.256574749273904,1.2590999946575376,2.15,220000.0,52.2,,52.3,36.709999084472656,1852000.0,1.2342686598555632,,,,,,,,,,,,,,,calc_tnx_dfii10,,,,,,,,,,fred_backfill_s288,,fred_backfill_s288,,,,,,210800.0,8830.5,8900.0,-69.5,0.018766545554739,32.6212703411135,,,,,,,0,12.215755462646484,btlong_seed_s288,btlong_seed_s288,0.0
2025-04-07,57.332122802734375,31.29031562805176,36.53330612182617,22.501502990722656,273.7099914550781,49.130001068115234,134.98379516601562,177.21429443359375,65.37067413330078,33.954010009765625,173.38265991210938,27.13999938964844,184.32644653320312,85.17347717285156,44.24843215942383,11.136940002441406,37.63655471801758,43.267948150634766,35.453304290771484,131.53375244140625,60.70000076293945,103.26000213623048,90.93323516845705,1458.52001953125,153.2952423095703,95.68022918701172,497.3821716308594,3.839999914169312,4.150000095367432,137.3000030517578,133.82000732421875,4.15500020980835,4.5929999351501465,46.97999954223633,152.6300048828125,1.96,2.31,4.61,1.2,0.3,-0.14,6723452.0,313326.0,148.146,-0.399,4.15,0.42,6261980.0,3.374495855336135,,,70.54793140806001,-18.71178577169472,False,False,False,-0.0938002854861334,3.587598930064128,0.945986584977076,2.2,223000.0,52.2,,52.3,36.880001068115234,1876000.0,1.2738611220608964,,,,,,,,,,,,,,,calc_tnx_dfii10,,,,,,,,,,fred_backfill_s288,,fred_backfill_s288,,,,,,210225.0,8825.0,8870.0,-45.0,0.018766545554739,32.6212703411135,,,,,,,0,12.032855987548828,btlong_seed_s288,btlong_seed_s288,0.0
2025-04-08,57.08375549316406,30.25408363342285,35.29074478149414,22.02234649658203,275.20001220703125,49.15999984741211,136.57415771484375,172.5458221435547,65.26335144042969,33.4100341796875,170.29275512695312,27.13999938964844,179.3917999267578,83.56554412841797,44.01701736450195,10.109067916870115,36.76598358154297,43.10111999511719,35.308380126953125,130.07627868652344,59.58000183105469,102.95999908447266,90.47575378417967,1469.949951171875,150.40379333496094,95.68022918701172,489.591796875,3.9140000343322754,4.177999973297119,139.8800048828125,135.67999267578125,4.26200008392334,4.715000152587891,52.33000183105469,170.9199981689453,2.04,2.35,4.57,1.18,0.3,-0.05,6723452.0,313326.0,156.911,-0.399,4.26,0.55,6253215.0,3.3739635604063123,,,70.23896592238853,-21.140047504283853,False,False,False,-0.1140073593390433,3.342833984691584,1.15603638125957,2.22,223000.0,52.2,,52.3,41.5,1876000.0,1.2609638995434864,,,,,,,,,,,,,,,calc_tnx_dfii10,,,,,,,,,,fred_backfill_s288,,fred_backfill_s288,,,,,,213450.0,8760.0,8814.0,-54.0,0.018766545554739,32.6212703411135,,,,,,,0,11.75369358062744,btlong_seed_s288,btlong_seed_s288,0.0
2025-04-09,62.89545822143555,33.84700012207031,38.773834228515625,23.215538024902344,285.3800048828125,51.220001220703125,148.92947387695312,187.2124938964844,71.35160064697266,36.555206298828125,190.2827911376953,28.059999465942383,210.176025390625,84.05738067626953,47.30503463745117,11.436320304870604,39.61337661743164,46.349403381347656,36.699649810791016,135.7300567626953,62.34999847412109,102.9000015258789,90.18982696533205,1486.1300048828125,162.43179321289062,95.69927978515624,541.0083618164062,4.10099983215332,4.228000164031982,128.8300018310547,142.22999572753906,4.400000095367432,4.793000221252441,33.619998931884766,142.5,2.07,2.45,4.37,1.21,0.3,-0.01,6727416.0,306049.0,168.115,-0.399,4.34,0.43,6253252.0,3.689391360853911,,,69.93396588029533,-11.61468345043245,False,False,False,-0.1204432009757672,3.0990662101186275,1.2249494631774631,2.33,223000.0,52.2,,52.3,29.920000076293945,1876000.0,1.1236630630399758,,,,,,,,,,,,,,,calc_tnx_dfii10,,,,,,,,,,fred_backfill_s288,,fred_backfill_s288,,,,,,211925.0,8539.0,8590.0,-51.0,0.018766545554739,32.6212703411135,,,,,,,0,12.235008239746094,btlong_seed_s288,btlong_seed_s288,0.0
2025-04-10,61.25625991821289,32.36528396606445,38.39226150512695,22.72698783874512,292.3500061035156,50.52000045776367,146.19598388671875,179.34620666503906,69.87832641601562,35.32878875732422,182.56298828125,28.280000686645508,195.60137939453125,81.74006652832031,46.36973190307617,11.286630630493164,37.02571105957031,45.05401992797852,36.424293518066406,131.944580078125,60.06999969482422,100.87000274658205,89.62751770019531,1443.949951171875,156.963623046875,95.69927978515624,517.3018798828125,4.038000106811523,4.197000026702881,128.35000610351562,127.54000091552734,4.394000053405762,4.848999977111816,40.720001220703125,157.24000549316406,2.21,2.32,4.42,1.18,0.3,0.06,6727416.0,306049.0,129.95,-0.399,4.4,0.56,6291417.0,3.689580883230259,,,69.6131038008065,-15.285172421321093,False,False,False,-0.1342143080013943,3.2359347156943,1.3874665067428964,2.18,223000.0,52.2,,52.3,35.709999084472656,1876000.0,1.1402968990388158,,,,,,,,,,,,,,,calc_tnx_dfii10,,,,,,,,,,fred_backfill_s288,,fred_backfill_s288,,,,,,209425.0,8978.0,8986.0,-8.0,0.018766545554739,32.6212703411135,,,,,,,0,12.042482376098633,btlong_seed_s288,btlong_seed_s288,0.0
2025-04-11,62.15036392211914,34.399009704589844,40.22185897827149,23.196746826171875,297.92999267578125,50.7599983215332,148.2137908935547,181.9617156982422,72.05409240722656,35.92221450805664,185.8118438720703,29.190000534057617,200.685546875,82.18462371826172,47.64251708984375,11.84547233581543,37.94438171386719,45.79984664916992,36.86873626708984,133.88133239746094,61.5,99.77999877929688,89.12238311767578,1452.0400390625,159.34365844726562,95.74691772460938,526.531982421875,4.159999847412109,4.2129998207092285,137.25999450683594,128.63999938964844,4.493000030517578,4.876999855041504,37.560001373291016,147.35000610351562,2.28,2.33,4.26,1.18,0.3,0.14,6727416.0,306049.0,98.531,-0.389,4.48,0.52,6322836.0,3.690487374429608,,,69.33069005505791,-9.827900811956802,False,False,False,-0.1218845725329452,2.6224379478422235,1.244024293855789,2.21,223000.0,52.2,,52.3,33.90999984741211,1876000.0,1.1076379104188483,,,,,,,,,,,,,,,calc_tnx_dfii10,,,,,,,,,,fred_backfill_s288,,fred_backfill_s288,,,,,,208775.0,9180.0,9160.0,20.0,0.018766545554739,32.6212703411135,,,,,,,0,12.215755462646484,btlong_seed_s288,btlong_seed_s288,0.0
2025-04-14,62.33911895751953,35.19313049316406,40.2512092590332,23.497392654418945,296.2300109863281,51.02999877929688,149.96319580078125,184.10348510742188,72.41510009765625,36.258487701416016,187.2028045654297,29.3799991607666,200.984619140625,82.7710189819336,48.1921272277832,11.905348777770996,38.07905197143555,46.27090072631836,37.530555725097656,135.51486206054688,61.52999877929688,99.63999938964844,89.8371810913086,1419.050048828125,161.37945556640625,95.75646209716795,531.6401977539062,3.997999906539917,4.195000171661377,132.4600067138672,135.7100067138672,4.363999843597412,4.797999858856201,30.88999938964844,122.31999969482422,2.15,2.35,4.14,1.15,0.3,0.05,6727416.0,306049.0,102.838,-0.389,4.38,0.54,6318529.0,3.690417825098136,,,69.19847494868908,-7.641010001790027,False,False,False,-0.1091854664040014,2.1658926223296904,1.100885392658423,2.21,217000.0,52.2,,52.3,29.6299991607666,1840000.0,1.0425244773732636,,,,,,,,,,,,,,,calc_tnx_dfii10,,,,,,,,,,fred_backfill_s288,,fred_backfill_s288,,,,,,207825.0,9212.5,9240.0,-27.5,0.018766545554739,32.6212703411135,,,,,,,0,12.196502685546877,btlong_seed_s288,btlong_seed_s288,0.0
2025-04-15,62.9351921081543,35.05754852294922,39.79136276245117,23.356464385986328,297.7799987792969,51.130001068115234,149.4065704345703,184.3304748535156,72.40534210205078,36.08045959472656,187.36178588867188,29.40999984741211,202.29055786132807,83.06424713134766,48.51996612548828,11.715741157531738,38.02133941650391,46.3886604309082,37.525726318359375,134.68341064453125,61.33000183105469,100.22000122070312,90.10404205322266,1419.4200439453125,160.85821533203125,95.7659683227539,530.1510620117188,3.963000059127808,4.199999809265137,122.55999755859376,135.75999450683594,4.322999954223633,4.776000022888184,30.1200008392334,115.88999938964844,2.16,2.31,4.09,1.14,0.3,0.02,6727416.0,306049.0,88.878,-0.389,4.35,0.51,6332489.0,3.690269661398205,,,68.9516953290519,-7.890074557721594,False,False,False,-0.103727035718936,2.145661154251448,1.0502494637885142,2.16,217000.0,52.2,,52.3,29.0,1840000.0,1.038620718594255,,,,,,,,,,,,,,,calc_tnx_dfii10,,,,,,,,,,fred_backfill_s288,,fred_backfill_s288,,,,,,212475.0,9094.0,9150.0,-56.0,0.018766545554739,32.6212703411135,,,,,,,0,12.167624473571776,btlong_seed_s288,btlong_seed_s288,0.0
2025-04-16,61.82252502441406,35.05754852294922,38.98907852172852,23.29069900512696,307.4700012207031,51.130001068115234,148.760498046875,182.56378173828125,72.12239074707031,35.6156120300293,181.7184600830078,29.76000022888184,193.7471466064453,83.5276870727539,48.41389465332031,11.476237297058104,38.3339729309082,45.66245651245117,37.18756866455078,133.31399536132812,62.470001220703125,99.37999725341795,90.49481964111328,1427.02001953125,158.79290771484375,95.7850341796875,518.366943359375,3.908999919891357,4.208000183105469,119.4000015258789,131.32000732421875,4.27899980545044,4.747000217437744,32.63999938964844,122.91000366210938,2.12,2.29,4.16,1.13,0.3,-0.04,6727113.0,422983.0,54.772,-0.389,4.29,0.52,6249358.0,2.4327688744874454,,,68.73186479988745,-7.786135376702541,False,False,False,-0.1151669557884209,2.482932978573183,1.1898650458505369,2.16,217000.0,52.2,,52.3,30.940000534057617,1840000.0,1.05494501700863,,,,,,,,,,,,,,,calc_tnx_dfii10,,,,,,,,,,fred_backfill_s288,,fred_backfill_s288,,,,,,216250.0,9083.0,9119.0,-36.0,0.018766545554739,32.6212703411135,,,,,,,0,12.312018394470217,btlong_seed_s288,btlong_seed_s288,0.0
2025-04-17,61.36553955078125,35.20281219482422,39.08692169189453,23.694690704345703,306.1199951171875,52.2599983215332,148.65115356445312,184.0541229248047,73.00050354003906,35.813419342041016,181.67874145507807,29.549999237060547,191.9327850341797,82.78995513916016,48.93457794189453,11.705761909484863,39.199737548828125,45.78022384643555,37.5692024230957,132.53146362304688,64.68000030517578,99.37999725341795,90.23748779296876,1414.22998046875,159.97308349609375,95.82313537597656,519.1065063476562,3.941999912261963,4.204999923706055,114.63999938964844,130.02000427246094,4.333000183105469,4.809000015258789,29.64999961853028,116.26000213623048,2.11,2.26,4.02,1.11,0.3,0.0,6727113.0,422983.0,58.6,-0.389,4.34,0.53,6245530.0,2.432840658522961,,,68.56339018223649,-7.307382150923559,False,False,False,-0.1114421626005531,2.376713407227331,1.1544729323831842,2.22,217000.0,52.2,,52.3,29.350000381469727,1840000.0,1.0102214389492805,,,,,,,,,,,,,,,calc_tnx_dfii10,,,,,,,,,,fred_backfill_s288,,fred_backfill_s288,,,,,,213400.0,9104.0,9134.0,-30.0,0.018766545554739,32.6212703411135,,,,,,,0,12.408281326293944,btlong_seed_s288,btlong_seed_s288,0.0
2025-04-21,59.82568740844727,35.183448791503906,39.39022064208984,23.675901412963867,315.5899963378906,53.0,145.57974243164062,180.3627777099609,70.47349548339844,34.91338348388672,177.24754333496094,29.790000915527344,187.2473602294922,81.34281158447266,48.70315933227539,11.48621654510498,38.17525100708008,44.798866271972656,36.68033218383789,129.6752471923828,63.08000183105469,98.27999877929688,89.75139617919922,,156.75711059570312,95.82313537597656,506.7503967285156,3.9590001106262207,4.210000038146973,128.55999755859375,125.7699966430664,4.40500020980835,4.910999774932861,33.81999969482422,124.11000061035156,2.2,2.25,4.16,1.12,0.3,0.08,6727113.0,422983.0,114.114,-0.389,4.42,0.67,6190016.0,2.4314882656475856,,,68.36711896476099,-7.263589313134489,False,False,False,-0.1243184820805556,2.680378742355409,1.3170079925739469,2.21,224000.0,52.2,,52.3,31.82999992370605,1906000.0,1.0625196285230298,,,,,,,,,,,,,,,calc_tnx_dfii10,,,,,,,,,,fred_backfill_s288,,fred_backfill_s288,,,,,,213400.0,9104.0,9134.0,-30.0,0.018766545554739,32.6212703411135,,,,,,,0,12.312018394470217,btlong_seed_s288,btlong_seed_s288,0.0
2025-04-22,60.90855407714844,36.11315155029297,40.114234924316406,24.29598617553711,311.1099853515625,53.5,145.2815399169922,185.03126525878903,71.98579406738281,35.83319854736328,181.8178253173828,29.5,191.3047332763672,81.79680633544922,49.657752990722656,11.615948677062988,39.14682769775391,46.28071212768555,37.68030548095703,132.11085510253906,64.30999755859375,98.91999816894533,89.81812286376953,1421.6400146484375,160.6221923828125,95.83267974853516,519.9348754882812,3.9769999980926514,4.2129998207092285,118.3499984741211,125.93000030517578,4.388999938964844,4.879000186920166,30.56999969482422,112.95999908447266,2.14,2.3,3.99,1.11,0.3,0.08,6727113.0,422983.0,137.951,-0.389,4.41,0.65,6166179.0,2.430899410252474,,,68.21694946289062,-4.750293487568557,False,False,False,-0.1225187916192567,2.399067709201875,1.292095575117223,2.25,224000.0,52.2,,52.3,29.450000762939453,1906000.0,1.0380305230176496,,,,,,,,,,,,,,,calc_tnx_dfii10,,,,,,,,,,fred_backfill_s288,,fred_backfill_s288,,,,,,212700.0,9293.5,9316.5,-23.0,0.018766545554739,32.6212703411135,,,,,,,0,12.340896606445312,btlong_seed_s288,btlong_seed_s288,0.0
2025-04-23,62.27951049804688,36.955692291259766,40.68170928955078,24.71876716613769,303.6499938964844,53.18000030517578,149.33700561523438,187.7751007080078,73.9469223022461,36.49586486816406,185.8615264892578,30.559999465942383,198.29299926757807,82.59131622314453,49.80238723754883,11.595989227294922,39.07467651367188,46.83027267456055,37.839725494384766,132.7662353515625,62.27000045776367,99.83999633789062,89.91342163085938,1429.219970703125,162.1760711669922,95.86125946044922,527.991455078125,4.013999938964844,4.208000183105469,116.5999984741211,126.66999816894533,4.38700008392334,4.833000183105469,28.450000762939453,109.0199966430664,2.11,2.33,3.75,1.08,0.3,0.07,6726930.0,606632.0,171.78,-0.389,4.4,0.59,5948518.0,-0.5563371471271394,,,68.02203427330922,-2.4947474365680566,False,False,False,-0.0835241986748502,1.1091456121218322,0.8299123972856037,2.28,224000.0,52.2,,52.3,28.020000457763672,1906000.0,1.0153461919397164,,,,,,,,,,,,,,,calc_tnx_dfii10,,,,,,,,,,fred_backfill_s288,,fred_backfill_s288,,,,,,205250.0,9416.5,9437.0,-20.5,0.018766545554739,32.6212703411135,,,,,,,0,12.254260063171388,btlong_seed_s288,btlong_seed_s288,0.0
2025-04-24,64.27635192871094,38.28245544433594,40.7110595703125,25.12276268005371,308.07000732421875,53.7400016784668,151.94126892089844,191.5355224609375,76.47393035888672,37.57392501831055,191.1372528076172,30.559999465942383,208.32179260253903,83.46149444580078,50.438777923583984,11.975204467773438,39.69994735717773,47.35038757324219,37.8976936340332,134.38998413085938,62.790000915527344,99.29000091552734,90.39949798583984,1426.449951171875,164.9199981689453,95.86125946044922,539.1051635742188,3.927000045776367,4.197000026702881,108.27999877929688,129.02000427246094,4.304999828338623,4.764999866485596,26.46999931335449,102.9800033569336,2.02,2.35,3.73,1.06,0.3,0.0,6726930.0,606632.0,130.004,-0.389,4.32,0.55,5990294.0,1.4304253719581883,,,67.85542407278287,0.9922897656613028,False,False,False,-0.0959412398710505,1.3516872176428825,0.9671668516456792,2.28,224000.0,52.2,,52.3,26.440000534057617,1906000.0,1.0011345982863438,,,,,,,,,,,,,,,calc_tnx_dfii10,,,,,,,,,,fred_backfill_s288,,fred_backfill_s288,,,,,,203425.0,9410.5,9420.0,-9.5,0.018766545554739,32.6212703411135,,,,,,,0,12.350522994995115,btlong_seed_s288,btlong_seed_s288,0.0
2025-04-25,64.88235473632812,37.95318603515625,40.62300109863281,25.310665130615234,304.7300109863281,52.84999847412109,153.80001831054688,191.59474182128903,76.08366394042969,37.53436279296875,193.3031616210937,30.049999237060547,211.3124847412109,84.07630920410156,50.55448532104492,11.985183715820312,39.62780380249024,47.12467575073242,37.78175354003906,135.0355682373047,63.02000045776367,99.47000122070312,90.74259948730467,1430.06005859375,164.6839599609375,95.89937591552734,543.0003051757812,3.884000062942505,4.192999839782715,105.79000091552734,132.3699951171875,4.265999794006348,4.73799991607666,24.84000015258789,98.9499969482422,2.02,2.32,3.67,1.04,0.3,-0.03,6726930.0,606632.0,94.021,-0.396,4.29,0.55,6026277.0,1.43109103235044,,,67.69084775245796,0.1220141097962868,False,False,False,-0.1122097011788597,1.416378179461537,1.1378923241647083,2.25,224000.0,52.2,,52.3,25.3700008392334,1906000.0,0.9791091577014893,,,,,,,,,,,,,,,calc_tnx_dfii10,,,,,,,,,,fred_backfill_s288,,fred_backfill_s288,,,,,,203450.0,9364.0,9369.0,-5.0,0.018766545554739,32.6212703411135,,,,,,,0,12.379402160644531,btlong_seed_s288,btlong_seed_s288,0.0
2025-04-28,65.10091400146484,37.85634613037109,40.50559616088867,25.5643367767334,309.07000732421875,53.290000915527344,154.78407287597656,192.4040985107422,77.44961547851562,37.51457977294922,193.25347900390625,30.190000534057617,209.9965667724609,84.60596466064453,50.90160751342773,11.925307273864746,39.906768798828125,47.271881103515625,38.013633728027344,135.57357788085938,62.04999923706055,99.01000213623048,91.10477447509766,1437.3599853515625,165.14617919921875,95.89937591552734,543.2073364257812,3.815999984741211,4.192999839782715,110.01000213623048,131.27999877929688,4.216000080108643,4.693999767303467,25.14999961853028,103.38999938964844,1.98,2.32,3.73,1.04,0.3,-0.09,6726930.0,606632.0,148.649,-0.396,4.23,0.56,5971649.0,1.431227041880656,,,67.5132206415726,-0.1317199011944825,False,False,False,-0.1049348592318984,1.5430020013135617,1.0742701933635832,2.24,239000.0,52.2,,52.3,25.729999542236328,1876000.0,0.977458222540814,,,,,,,,,,,,,,,calc_tnx_dfii10,,,,,,,,,,fred_backfill_s288,,fred_backfill_s288,,,,,,202800.0,9365.5,9370.0,-4.5,0.018766545554739,32.6212703411135,,,,,,,0,12.32164478302002,btlong_seed_s288,btlong_seed_s288,0.0
2025-04-29,66.05463409423828,37.749813079833984,40.68170928955078,25.70526695251465,306.0599975585937,53.540000915527344,155.4897918701172,193.53912353515625,77.7520751953125,37.72228240966797,194.5450592041016,29.82999992370605,209.6376800537109,85.31536102294922,51.055885314941406,12.025100708007812,39.79133605957031,47.76255798339844,38.30831527709961,136.2387237548828,60.41999816894531,99.23999786376952,91.41928100585938,1435.8800048828125,166.11000061035156,95.90889739990234,546.6293334960938,3.775000095367432,4.190000057220459,112.2699966430664,134.2899932861328,4.172999858856201,4.6479997634887695,24.170000076293945,101.30999755859376,1.96,2.29,3.74,1.06,0.3,-0.12,6726930.0,606632.0,157.537,-0.396,4.19,0.54,5962761.0,1.4295645965442194,,,67.29728834507829,-0.4074939093872021,False,False,False,-0.0937903497438182,1.5233220286161877,0.962302188636622,2.21,239000.0,52.2,,52.3,25.21999931335449,1876000.0,0.9583664050099895,,,,,,,,,,,,,,,calc_tnx_dfii10,,,,,,,,,,fred_backfill_s288,,fred_backfill_s288,,,,,,202500.0,9487.5,9465.0,22.5,0.018766545554739,32.6212703411135,,,,,,,0,12.167624473571776,btlong_seed_s288,btlong_seed_s288,0.0
2025-04-30,66.10430908203125,36.61674118041992,41.03392791748047,25.404617309570312,303.7699890136719,53.56999969482422,155.9669189453125,192.3251190185547,77.02031707763672,37.95965194702149,194.5848083496093,29.600000381469727,210.62461853027344,84.62488555908203,50.97874450683594,12.045059204101562,38.71875762939453,47.85088348388672,38.11507797241211,137.40274047851562,58.209999084472656,99.47000122070312,91.5622329711914,1431.1600341796875,166.34605407714844,95.93748474121094,546.84619140625,3.752000093460083,4.190000057220459,112.4800033569336,132.72999572753906,4.177000045776367,4.681000232696533,24.700000762939453,102.29000091552734,1.94,2.29,3.94,1.09,0.3,-0.14,6709277.0,595741.0,250.601,-0.396,4.17,0.57,5862935.0,1.3157514607896603,,,67.05169516094661,-3.355234461019241,False,False,False,-0.0851635609652281,1.4689978636390983,0.8739910015328185,2.24,239000.0,52.2,,52.3,25.540000915527344,1876000.0,0.9671104102397583,,,,,,,,,,,,,,,calc_tnx_dfii10,,,,,,,,,,fred_backfill_s288,,fred_backfill_s288,,,,,,200150.0,9204.0,9207.0,-3.0,0.018766545554739,32.6212703411135,,,,,,,0,11.97509765625,btlong_seed_s288,btlong_seed_s288,0.0
2025-05-01,66.18377685546875,36.868534088134766,40.85781478881836,25.254291534423828,297.4599914550781,53.540000915527344,157.59706115722656,193.51939392089844,78.03502655029297,38.404727935791016,196.8699493408203,29.38999938964844,211.64146423339844,84.19580078125,50.76661682128906,12.084976196289062,38.8630485534668,47.841068267822266,38.2261848449707,133.6563720703125,59.2400016784668,100.25,91.16352081298828,1423.75,166.1198272705078,95.95182800292967,550.7216186523438,3.811000108718872,4.184999942779541,107.33000183105467,134.07000732421875,4.230999946594238,4.736999988555908,24.600000381469727,102.30999755859376,2.0,2.3,3.78,1.09,0.33,-0.06,6709277.0,595741.0,157.353,-0.396,4.25,0.55,5956183.0,1.8003446507383505,,,66.8518647016105,-2.6579160612243635,False,False,False,-0.0744105782647444,1.1592244484643597,0.7531191029079878,2.23,239000.0,52.2,,52.5,25.489999771118164,1876000.0,0.965084370433896,,,,,,,,,,,,,,,calc_tnx_dfii10,,,,,,,,,,fred_backfill_s288,,fred_backfill_s288,,,,,,197700.0,9195.0,9185.0,10.0,0.0149116448728158,35.0766970437276,,,,,,,0,12.01360321044922,btlong_seed_s288,btlong_seed_s288,0.0
2025-05-02,67.23683166503906,37.65297317504883,42.7265510559082,25.479780197143555,297.9800109863281,53.90999984741211,160.39016723632812,197.8720092773437,79.6448974609375,39.22563552856445,199.9400177001953,29.1200008392334,218.3505859375,83.28443908691406,51.69227600097656,12.21470832824707,39.43059921264648,48.83223724365234,38.52569961547852,135.5050811767578,58.290000915527344,100.0,90.55155181884766,1435.0999755859375,169.05062866210938,95.98050689697266,558.8966674804688,3.931999921798706,4.208000183105469,101.4000015258789,134.77999877929688,4.322000026702881,4.795000076293945,22.68000030517578,97.26000213623048,2.06,2.31,3.6,1.06,0.33,0.0,6709277.0,595741.0,147.882,-0.409,4.33,0.5,5965654.0,1.800522619894207,,,66.64305114746094,-0.5796076607529788,False,False,False,-0.0311421120409827,1.3217337652721886,0.3186719306548546,2.26,239000.0,52.2,,52.5,24.0,1876000.0,0.9450000127156576,,,,,,,,,,,,,,,calc_tnx_dfii10,,,,,,,,,,fred_backfill_s288,,fred_backfill_s288,,,,,,197300.0,9376.0,9359.0,17.0,0.0149116448728158,35.0766970437276,,,,,,,0,12.071361541748049,btlong_seed_s288,btlong_seed_s288,0.0
2025-05-05,67.55474853515625,37.34307098388672,42.65806579589844,25.094575881958008,306.8800048828125,54.31999969482422,160.28082275390625,196.35206604003903,78.92289733886719,39.14651107788086,198.82720947265625,29.479999542236328,216.9349822998047,82.81928253173828,51.788700103759766,12.244647026062012,38.71875762939453,48.51820373535156,38.42908477783203,135.1236114501953,57.130001068115234,99.83000183105467,90.3890151977539,1398.9000244140625,168.49005126953125,95.99006652832033,555.6918334960938,3.943000078201294,4.208000183105469,104.4499969482422,134.1199951171875,4.3429999351501465,4.829999923706055,23.63999938964844,101.16999816894533,2.08,2.33,3.6,1.05,0.33,0.03,6709277.0,595741.0,124.69,-0.409,4.36,0.53,5988846.0,1.8011675867269927,,,66.40796641980188,-1.3810729916208242,False,False,False,-0.0077211315756197,1.5860354747843513,0.080375201235407,2.26,228000.0,52.2,,52.5,24.549999237060547,1884000.0,0.9629327952874892,,,,,,,,,,,,,,,calc_tnx_dfii10,,,,,,,,,,fred_backfill_s288,,fred_backfill_s288,,,,,,197300.0,9376.0,9359.0,17.0,0.0149116448728158,35.0766970437276,,,,,,,0,11.984724044799805,btlong_seed_s288,btlong_seed_s288,0.0
2025-05-06,67.63421630859375,38.16624450683594,43.10812759399414,25.00062561035156,315.4800109863281,53.68000030517578,159.16754150390625,194.21026611328125,81.30355834960938,38.77067184448242,196.92958068847656,30.21999931335449,214.92124938964844,83.0945816040039,51.779052734375,12.19474983215332,38.72837448120117,48.24342346191406,38.89767074584961,131.39682006835938,59.09000015258789,99.23999786376952,90.61848449707033,1374.3699951171875,167.24099731445312,95.99006652832033,551.047119140625,3.8980000019073486,4.210000038146973,106.18000030517578,133.24000549316406,4.308000087738037,4.813000202178955,24.76000022888184,104.31999969482422,2.04,2.34,3.66,1.05,0.33,-0.03,6709277.0,595741.0,129.858,-0.409,4.3,0.52,5983678.0,1.8011562023643402,,,66.18372913942498,0.7832073353495783,False,False,False,-0.0339415125951132,1.5728343099162323,0.3543305430078884,2.27,228000.0,52.2,,52.5,25.40999984741211,1884000.0,0.9744195347330367,,,,,,,,,,,,,,,calc_tnx_dfii10,,,,,,,,,,fred_backfill_s288,,fred_backfill_s288,,,,,,195625.0,9500.0,9475.0,25.0,0.0149116448728158,35.0766970437276,,,,,,,0,12.157998085021973,btlong_seed_s288,btlong_seed_s288,0.0
2025-05-07,67.70376586914062,37.3043327331543,41.91448593139648,24.80332565307617,310.75,53.220001220703125,159.3464813232422,194.85183715820312,81.71334075927734,38.88935852050781,197.73434448242188,29.489999771118164,219.33750915527344,83.44583129882812,51.59585571289063,12.394336700439451,38.74280548095703,48.52801132202149,39.0087776184082,132.40431213378906,58.06999969482422,99.61000061035156,90.85752868652344,1374.77001953125,168.34249877929688,95.9996337890625,553.3646240234375,3.872999906539917,4.215000152587891,99.87000274658205,132.2100067138672,4.275000095367432,4.7729997634887695,23.549999237060547,99.81999969482422,2.01,2.33,3.67,1.05,0.33,-0.08,6710889.0,583727.0,154.859,-0.409,4.26,0.48,5972303.0,2.027247353265005,,,65.9252545631538,-1.4752719246576285,False,False,False,-0.0377182548568322,1.6738544183458364,0.3974549944974868,2.27,228000.0,52.2,,52.5,24.700000762939453,1884000.0,0.9534412352082029,,,,,,,,,,,,,,,calc_tnx_dfii10,,,,,,,,,,fred_backfill_s288,,fred_backfill_s288,,,,,,193975.0,9486.0,9462.5,23.5,0.0149116448728158,35.0766970437276,,,,,,,0,12.032855987548828,btlong_seed_s288,btlong_seed_s288,0.0
2025-05-08,68.06141662597656,37.60454940795898,42.26670837402344,25.81800651550293,304.6300048828125,51.540000915527344,162.45767211914062,198.5628967285156,81.23526000976562,39.61136245727539,199.7313537597656,29.459999084472656,221.2615203857422,82.51548767089844,51.42229461669922,12.573965072631836,39.25264358520508,48.93037033081055,38.69478225708008,131.2109375,59.90999984741211,100.63999938964844,90.1499481201172,1397.2900390625,169.7587127685547,96.02828979492188,557.2202758789062,3.99399995803833,4.215000152587891,98.66000366210938,131.52000427246094,4.373000144958496,4.835999965667725,22.479999542236328,96.29000091552734,2.08,2.39,3.51,1.02,0.33,0.03,6710889.0,583727.0,139.768,-0.409,4.37,0.47,5987394.0,2.3670973273975937,,,65.73101722587974,-0.6743982998377862,False,False,False,-0.0164511516675701,1.276347682886815,0.1701125108133894,2.29,228000.0,52.2,,52.5,23.76000022888184,1884000.0,0.946127917747678,,,,,,,,,,,,,,,calc_tnx_dfii10,,,,,,,,,,fred_backfill_s288,,fred_backfill_s288,,,,,,194275.0,9413.0,9395.0,18.0,0.0149116448728158,35.0766970437276,,,,,,,0,12.167624473571776,btlong_seed_s288,btlong_seed_s288,0.0
2025-05-09,67.46533203125,37.92413330078125,41.689453125,25.89316749572754,306.8399963378906,52.38999938964844,162.34832763671875,198.19772338867188,82.42559814453125,39.720157623291016,199.66180419921875,29.799999237060547,222.7070159912109,82.63890838623047,51.75976943969727,12.464191436767578,39.64704513549805,48.93037033081055,38.76240921020508,129.78282165527344,61.02000045776367,100.33999633789062,90.21688842773438,1403.8499755859375,169.71939086914062,96.05699157714844,556.51025390625,3.986999988555908,4.215000152587891,100.4000015258789,128.39999389648438,4.375,4.833000183105469,21.89999961853028,96.3499984741211,2.08,2.39,3.53,1.02,0.33,0.03,6710889.0,583727.0,142.272,-0.426,4.37,0.49,5984890.0,2.36705805731261,,,65.55694942151086,0.167750827703661,False,False,False,0.0039867369204298,1.157955332426784,-0.0410500125296486,2.3,228000.0,52.2,,52.5,23.3799991607666,1884000.0,0.9366980498134546,,,,,,,,,,,,,,,calc_tnx_dfii10,,,,,,,,,,fred_backfill_s288,,fred_backfill_s288,,,,,,191775.0,9485.5,9432.5,53.0,0.0149116448728158,35.0766970437276,,,,,,,0,12.2831392288208,btlong_seed_s288,btlong_seed_s288,0.0
2025-05-12,69.62113189697266,38.99910354614258,43.61689376831055,25.82740020751953,298.19000244140625,54.31999969482422,164.64443969726562,205.16587829589844,82.81586456298828,41.10482406616211,207.7194366455078,29.6299991607666,236.673568725586,81.86994171142578,52.01046371459961,12.663778305053713,40.68115234375,49.92153930664063,38.53053665161133,132.99122619628906,61.95000076293945,101.79000091552734,89.64318084716797,1395.1700439453125,174.37124633789062,96.05699157714844,574.9015502929688,4.10099983215332,4.28000020980835,102.9000015258789,137.6699981689453,4.456999778747559,4.888000011444092,18.38999938964844,87.93000030517578,2.16,2.35,3.15,0.97,0.33,0.03,6710889.0,583727.0,147.505,-0.426,4.45,0.47,5979657.0,2.366815845690007,,,65.40796641980188,2.9714371851546018,False,False,False,0.0141885044179752,0.7236245436371954,-0.1427900873057765,2.3,226000.0,52.2,,52.5,20.21999931335449,1889000.0,0.9094955496612007,,,,,,,,,,,,,,,calc_tnx_dfii10,,,,,,,,,,fred_backfill_s288,,fred_backfill_s288,,,,,,190750.0,9590.0,9547.0,43.0,0.0149116448728158,35.0766970437276,,,,,,,0,12.360150337219238,btlong_seed_s288,btlong_seed_s288,0.0
2025-05-13,70.2867431640625,39.57048034667969,42.88309860229492,26.616600036621094,299.4599914550781,54.0099983215332,165.93663024902344,205.9160003662109,84.53306579589844,41.46088409423828,210.89874267578125,29.93000030517578,244.7982788085937,81.53766632080078,52.09724807739258,12.713674545288086,41.25351333618164,50.127628326416016,38.47739028930664,128.99049377441406,63.66999816894531,101.0,89.57623291015625,1416.030029296875,174.76463317871094,96.07610321044922,578.6981201171875,4.120999813079834,4.284999847412109,100.12999725341795,140.52000427246094,4.499000072479248,4.942999839782715,18.21999931335449,91.58999633789062,2.17,2.38,3.09,0.94,0.33,0.08,6710889.0,583727.0,144.214,-0.426,4.49,0.47,5982948.0,2.366870829922729,,,65.37900028228759,4.4269205085428975,False,False,False,0.0077323236141049,0.6137767250094684,-0.077364568653456,2.33,226000.0,52.2,,52.5,20.09000015258789,1889000.0,0.9069188240403016,,,,,,,,,,,,,,,calc_tnx_dfii10,,,,,,,,,,fred_backfill_s288,,fred_backfill_s288,,,,,,189650.0,9534.0,9548.0,-14.0,0.0149116448728158,35.0766970437276,,,,,,,0,12.523797035217283,btlong_seed_s288,btlong_seed_s288,0.0
2025-05-14,69.83968353271484,39.154052734375,43.01028823852539,26.494461059570312,293.1600036621094,53.970001220703125,166.11553955078125,204.090072631836,85.64533996582031,41.30263137817383,212.16053771972656,29.25,247.2207489013672,80.9965591430664,51.8851203918457,12.793509483337402,41.00341033935547,49.990234375,38.30831527709961,125.95821380615234,63.150001525878906,101.04000091552734,89.2415771484375,1416.0,173.71234130859375,96.08566284179688,579.437744140625,4.162000179290772,4.284999847412109,100.7300033569336,138.94000244140625,4.527999877929688,4.9670000076293945,18.6200008392334,97.16000366210938,2.16,2.44,3.1,0.93,0.33,0.12,6713270.0,575846.0,165.024,-0.426,4.53,0.48,5972400.0,2.5383013502324525,,,65.23400033315023,3.289340471721092,False,False,False,0.0102332385785779,0.619722474290109,-0.1025632909118332,2.37,226000.0,52.2,,52.5,20.57999992370605,1889000.0,0.904761948895105,,,,,,,,,,,,,,,calc_tnx_dfii10,,,,,,,,,,fred_backfill_s288,,fred_backfill_s288,,,,,,185575.0,9649.5,9622.0,27.5,0.0149116448728158,35.0766970437276,,,,,,,0,12.446786880493164,btlong_seed_s288,btlong_seed_s288,0.0
2025-05-15,70.55496978759766,38.88289260864258,41.97319030761719,26.31595230102539,297.8399963378906,54.77000045776367,169.6442108154297,205.4225006103516,85.91853332519531,41.43120574951172,212.4387359619141,29.61000061035156,246.3634185791016,81.70857238769531,52.43473052978516,12.783531188964844,41.17655563354492,50.32389831542969,39.12471771240234,127.61132049560548,61.619998931884766,100.87999725341795,89.82484436035156,1407.3299560546875,175.2957305908203,96.08566284179688,582.2678833007812,4.072999954223633,4.257999897003174,98.6500015258789,140.85000610351562,4.454999923706055,4.918000221252441,17.829999923706055,94.11000061035156,2.11,2.41,3.2,0.94,0.33,0.07,6713270.0,575846.0,109.436,-0.426,4.45,0.49,6027988.0,2.421778935950991,,,65.05683364868165,2.5446811933474978,False,False,False,0.0271295358087295,0.6590752528652735,-0.2728895872800461,2.34,226000.0,52.2,,52.5,20.25,1889000.0,0.8804938233928916,,,,,,,,,,,,,,,calc_tnx_dfii10,,,,,,,,,,fred_backfill_s288,,fred_backfill_s288,,,,,,184650.0,9537.5,9528.0,9.5,0.0149116448728158,35.0766970437276,,,,,,,0,12.32164478302002,btlong_seed_s288,btlong_seed_s288,0.0
2025-05-16,70.95235443115234,38.28245544433594,41.836212158203125,26.30655860900879,294.239990234375,54.65999984741211,170.9065704345703,207.12013244628903,85.90877532958984,41.93562698364258,213.31304931640625,29.299999237060547,245.65562438964844,81.92691040039062,52.55044174194336,12.723654747009276,41.11402893066406,50.628116607666016,39.6995849609375,130.1838836669922,62.4900016784668,101.08999633789062,89.8535385131836,1397.02001953125,177.01681518554688,96.12390899658205,585.9559936523438,4.064000129699707,4.236999988555908,96.6999969482422,136.00999450683594,4.440999984741211,4.89900016784668,17.239999771118164,94.94000244140624,2.09,2.42,3.16,0.93,0.33,0.06,6713270.0,575846.0,136.799,-0.444,4.43,0.45,6000625.0,2.421151555875567,,,64.88883368174235,0.9505025647051912,False,False,False,0.031573400794773,0.6050318179778826,-0.3170702178643463,2.35,226000.0,52.2,,52.5,20.07999992370605,1889000.0,0.858565728915415,,,,,,,,,,,,,,,calc_tnx_dfii10,,,,,,,,,,fred_backfill_s288,,fred_backfill_s288,,,,,,179375.0,9534.0,9518.0,16.0,0.0149116448728158,35.0766970437276,,,,,,,0,12.263886451721191,btlong_seed_s288,btlong_seed_s288,0.0
2025-05-19,71.18084716796875,38.66983413696289,41.806861877441406,26.47567176818848,298.0299987792969,54.77999877929688,172.25840759277344,206.2515869140625,86.29904174804688,41.886173248291016,213.551498413086,29.420000076293945,245.24688720703125,81.6895751953125,52.97469711303711,12.843406677246094,40.58014297485352,50.65755462646485,39.8686637878418,131.4359130859375,62.68999862670898,100.43000030517578,89.80572509765625,1398.1300048828125,176.9971466064453,96.13345336914062,586.596923828125,4.080999851226807,4.239999771118164,103.80999755859376,135.94000244140625,4.474999904632568,4.940000057220459,18.13999938964844,96.88999938964844,2.1,2.43,3.21,0.92,0.33,0.07,6713270.0,575846.0,180.417,-0.444,4.46,0.49,5957007.0,2.420522368800904,,,64.76033363342285,1.9501629691009992,False,False,False,0.0457681247537786,0.7371011618418856,-0.4636395013299292,2.37,225000.0,52.2,,52.5,20.690000534057617,1917000.0,0.8767520020015639,,,,,,,,,,,,,,,calc_tnx_dfii10,,,,,,,,,,fred_backfill_s288,,fred_backfill_s288,,,,,,174325.0,9545.0,9517.0,28.0,0.0149116448728158,35.0766970437276,,,,,,,0,12.225381851196287,btlong_seed_s288,btlong_seed_s288,0.0
2025-05-20,71.33979797363281,38.69888687133789,41.95362091064453,26.456880569458008,303.5799865722656,54.06999969482422,172.36773681640625,206.3601531982422,85.99658966064453,41.64879989624024,212.81626892089844,30.1299991607666,244.77833557128903,81.10099792480469,53.225399017333984,13.062952041625977,40.20497894287109,50.38277816772461,39.98460388183594,131.7587127685547,62.560001373291016,100.12000274658205,89.69099426269531,1388.550048828125,176.53489685058594,96.15258026123048,584.6246948242188,4.066999912261963,4.248000144958496,101.37000274658205,137.27000427246094,4.480999946594238,4.9670000076293945,18.09000015258789,96.62000274658205,2.13,2.42,3.2,0.9,0.33,0.1,6713270.0,575846.0,136.033,-0.444,4.48,0.51,6001391.0,2.421396984260316,,,64.62466704050699,2.0045295897809456,False,False,False,0.0466896182573222,0.6152559418164517,-0.4704292757524744,2.35,225000.0,52.2,,52.5,20.71999931335449,1917000.0,0.8730695343666587,,,,,,,,,,,,,,,calc_tnx_dfii10,,,,,,,,,,fred_backfill_s288,,fred_backfill_s288,,,,,,170750.0,9530.0,9521.0,9.0,0.0149116448728158,35.0766970437276,,,,,,,0,12.39865493774414,btlong_seed_s288,btlong_seed_s288,0.0
2025-05-21,70.19733428955078,38.91194152832031,41.62096786499024,25.99651527404785,305.82000732421875,54.02999877929688,169.7634735107422,200.5664978027344,85.53801727294922,40.81800079345703,209.84559631347656,30.51000022888184,240.72097778320312,79.71497344970703,52.936134338378906,13.182703971862791,39.46427536010742,49.35235595703125,39.25515365600586,128.70684814453125,61.56999969482422,99.55999755859376,89.0694580078125,1392.72998046875,172.6894989013672,96.16213989257812,574.7733764648438,4.1570000648498535,4.235000133514404,102.0999984741211,137.27999877929688,4.5960001945495605,5.090000152587891,20.8700008392334,106.3000030517578,2.23,2.43,3.25,0.91,0.33,0.22,6688726.0,503055.0,162.802,-0.444,4.58,0.58,6022869.0,3.226444993085975,,,64.5020003636678,2.538120193414839,False,False,False,-0.0087202123367446,0.5006455099058372,0.0874079115269061,2.37,225000.0,52.2,,52.5,22.65999984741211,1917000.0,0.9210062215254985,,,,,,,,,,,,,,,calc_tnx_dfii10,,,,,,,,,,fred_backfill_s288,,fred_backfill_s288,,,,,,168825.0,9532.5,9533.5,-1.0,0.0149116448728158,35.0766970437276,,,,,,,0,12.379402160644531,btlong_seed_s288,btlong_seed_s288,0.0
2025-05-22,71.05169677734375,38.94099426269531,41.33723068237305,25.855587005615234,303.1099853515625,53.790000915527344,169.17701721191406,200.55661010742188,86.04537200927734,40.71909713745117,210.30259704589844,30.030000686645508,240.06301879882807,80.1326904296875,52.87827682495117,13.142786979675291,39.31036376953125,49.29347610473633,38.69478225708008,127.6993408203125,61.20000076293945,99.95999908447266,89.40412139892578,1373.8599853515625,172.1387481689453,96.18125915527344,575.0001831054688,4.11299991607666,4.23199987411499,99.47000122070312,139.0399932861328,4.552999973297119,5.065000057220459,20.280000686645508,104.0999984741211,2.2,2.42,3.32,0.92,0.33,0.17,6688726.0,503055.0,173.018,-0.444,4.54,0.54,6012653.0,1.6546773814238636,,,64.37833366394042,2.5864443836132844,False,False,False,-0.0012629177606381,0.6056316102633972,0.0127473518206571,2.35,225000.0,52.2,,52.5,22.31999969482422,1917000.0,0.9086021937244128,,,,,,,,,,,,,,,calc_tnx_dfii10,,,,,,,,,,fred_backfill_s288,,fred_backfill_s288,,,,,,166525.0,9493.0,9461.5,31.5,0.0149116448728158,35.0766970437276,,,,,,,0,12.30239200592041,btlong_seed_s288,btlong_seed_s288,0.0
2025-05-23,70.58477020263672,40.0837516784668,41.20025634765625,25.977724075317383,309.75,54.58000183105469,170.0219268798828,199.9249420166016,94.6020965576172,40.7487678527832,208.3056182861328,30.450000762939453,236.70347595214844,80.26558685302734,53.06148147583008,13.112849235534668,39.43540954589844,49.116825103759766,39.15853500366211,127.4939193725586,61.52999877929688,99.11000061035156,89.66229248046875,1381.3399658203125,171.4503173828125,96.2099380493164,571.0753173828125,4.078000068664551,4.230000019073486,100.91000366210938,139.33999633789062,4.508999824523926,5.031000137329102,22.290000915527344,109.76000213623048,2.18,2.4,3.4,0.93,0.33,0.15,6688726.0,503055.0,154.841,-0.458,4.51,0.51,6030830.0,1.6559131760170542,,,64.2313336690267,5.5354043186342405,False,False,False,-0.0031111126213356,0.7246928342086021,0.0316475241482301,2.33,225000.0,52.2,,52.5,23.799999237060547,1917000.0,0.936554690338734,,,,,,,,,,,,,,,calc_tnx_dfii10,,,,,,,,,,fred_backfill_s288,,fred_backfill_s288,,,,,,164725.0,9595.0,9570.0,25.0,0.0149116448728158,35.0766970437276,,,,,,,0,12.379402160644531,btlong_seed_s288,btlong_seed_s288,0.0
2025-05-26,70.58477020263672,40.0837516784668,41.20025634765625,25.977724075317383,309.75,54.58000183105469,170.0219268798828,199.9249420166016,94.6020965576172,40.7487678527832,208.3056182861328,30.450000762939453,236.70347595214844,80.26558685302734,53.06148147583008,13.112849235534668,39.43540954589844,49.116825103759766,39.15853500366211,127.4939193725586,,98.93000030517578,89.66229248046875,1364.72998046875,171.4503173828125,96.2099380493164,571.0753173828125,,,,,4.51,,,,2.18,2.4,3.4,0.93,0.33,0.15,6688726.0,503055.0,154.841,-0.458,4.51,0.51,6030830.0,1.6567865068852772,,,64.13762742381985,,False,False,False,,,,2.33,236000.0,52.2,,52.5,23.799999237060547,1896000.0,,,,,,,,,,,,,,,,calc_tnx_dfii10,,,,,,,,,,fred_backfill_s288,,fred_backfill_s288,,,,,,164725.0,9595.0,9570.0,25.0,0.0149116448728158,35.0766970437276,,,,,,,0,12.379402160644531,btlong_seed_s288,btlong_seed_s288,0.0
2025-05-27,71.9656753540039,40.12249374389648,40.47624206542969,26.29716110229492,304.5,54.52999877929688,174.22650146484375,204.9980926513672,97.59744262695312,41.6290168762207,213.2236328125,30.229999542236328,244.21011352539065,81.38578796386719,53.803932189941406,13.561919212341309,39.77690124511719,49.98042678833008,39.453216552734375,129.27418518066406,60.88999938964844,99.5199966430664,90.03520965576172,1368.0999755859375,174.64662170410156,96.2195053100586,582.9483642578125,4.0229997634887695,4.203000068664551,97.93000030517578,140.88999938964844,4.434000015258789,4.940000057220459,18.959999084472656,96.48999786376952,2.11,2.41,3.24,0.91,0.33,0.08,6688726.0,503055.0,138.066,-0.458,4.43,0.51,6047605.0,1.6551503706737414,,,64.01084770590572,5.576043894124427,False,False,False,0.018601149233371,0.5046593413115577,-0.1873652010364033,2.32,236000.0,52.2,,52.5,21.290000915527344,1896000.0,0.890558866563723,,,,,,,,,,,,,,,calc_tnx_dfii10,,,,,,,,,,fred_backfill_s288,,fred_backfill_s288,,,,,,162150.0,9653.0,9610.0,43.0,0.0149116448728158,35.0766970437276,,,,,,,0,12.2831392288208,btlong_seed_s288,btlong_seed_s288,0.0
2025-05-28,70.94242858886719,39.68669509887695,39.88920593261719,26.01530647277832,303.8099975585937,54.290000915527344,174.4451904296875,202.83657836914065,97.21692657470705,41.15427780151367,212.27975463867188,29.979999542236328,241.60821533203125,81.03453063964844,53.31217956542969,13.681671142578123,39.271881103515625,49.646759033203125,38.90250396728516,128.60902404785156,61.84000015258789,99.87999725341795,89.78660583496094,1374.800048828125,173.1615753173828,96.24818420410156,579.5757446289062,4.065000057220459,4.224999904632568,93.1999969482422,137.64999389648438,4.477000236511231,4.974999904632568,19.309999465942383,97.1500015258789,2.15,2.39,3.23,0.9,0.33,0.12,6673244.0,467204.0,173.641,-0.458,4.47,0.51,6032399.0,1.9895727326217028,,,63.90203411296263,4.382132723066912,False,False,False,0.0127044293544114,0.5929124843608448,-0.1287435860600805,2.33,236000.0,52.2,,52.5,21.670000076293945,1896000.0,0.8910936501133979,,,,,,,,,,,,,,,calc_tnx_dfii10,,,,,,,,,,fred_backfill_s288,,fred_backfill_s288,,,,,,154300.0,9682.0,9635.0,47.0,0.0149116448728158,35.0766970437276,,,,,,,0,12.225381851196287,btlong_seed_s288,btlong_seed_s288,0.0
2025-05-29,70.56490325927734,39.9384880065918,40.808895111083984,26.024702072143555,305.6099853515625,54.59000015258789,175.2503204345703,203.4386444091797,94.89480590820312,41.17405700683594,212.7069702148437,30.299999237060547,243.3228759765625,81.78451538085938,53.52430725097656,13.482084274291992,39.56528091430664,49.90191268920898,39.17302322387695,129.46981811523438,60.93999862670898,99.27999877929688,90.15950775146484,1373.5999755859375,173.58447265625,96.24818420410156,581.8636474609375,3.997999906539917,4.230000019073486,92.66999816894533,137.25999450683594,4.423999786376953,4.922999858856201,19.18000030517578,95.31999969482422,2.11,2.38,3.22,0.9,0.33,0.07,6673244.0,467204.0,165.66,-0.458,4.43,0.51,6040380.0,-0.0389666982927416,,,63.81101718191373,4.990897377865422,False,False,False,0.0034692336813768,0.4801701184524665,-0.0349911709981149,2.31,236000.0,52.2,,52.5,21.6200008392334,1896000.0,0.887141515294033,,,,,,,,,,,,,,,calc_tnx_dfii10,,,,,,,,,,fred_backfill_s288,,fred_backfill_s288,,,,,,152375.0,9641.5,9605.0,36.5,0.0149116448728158,35.0766970437276,,,,,,,0,12.167624473571776,btlong_seed_s288,btlong_seed_s288,0.0
2025-05-30,71.3497314453125,39.80290603637695,39.76201248168945,25.5643367767334,303.6000061035156,54.310001373291016,176.1747283935547,202.40231323242188,94.82650756835938,41.05537033081055,212.36920166015625,30.0,239.0063018798828,81.9079360961914,53.59180450439453,13.561919212341309,39.21416091918945,50.009864807128906,39.57398986816406,129.7436981201172,60.790000915527344,99.33000183105467,90.42725372314452,1370.4100341796875,173.51560974121094,96.27685546875,581.2127075195312,3.9790000915527344,4.23199987411499,92.11000061035156,138.25,4.415999889373779,4.928999900817871,18.56999969482422,95.1500015258789,2.07,2.39,3.31,0.91,0.33,0.05,6673244.0,467204.0,315.657,-0.47,4.41,0.52,5890383.0,-0.0415473873663696,,,63.71661040742519,4.586005158140272,False,False,False,0.0111491647213637,0.5181295601157383,-0.112829549248504,2.35,236000.0,52.2,,52.5,21.3799991607666,1896000.0,0.8685687756667981,,,,,,,,,,,,,,,calc_tnx_dfii10,,,,,,,,,,fred_backfill_s288,,fred_backfill_s288,,,,,,149875.0,9623.0,9565.0,58.0,0.0149116448728158,35.0766970437276,,,,,,,0,12.071361541748049,btlong_seed_s288,btlong_seed_s288,0.0
2025-06-02,72.07495880126953,40.59702682495117,39.96747589111328,25.62070846557617,311.6700134277344,54.540000915527344,177.16871643066406,203.03399658203125,94.6313705444336,41.09493255615234,214.038314819336,31.59000015258789,242.54530334472656,81.14564514160156,54.20891189575195,13.781464576721191,39.72880935668945,50.02949142456055,39.6995849609375,129.82196044921875,62.52000045776367,98.6999969482422,90.1202621459961,1381.989990234375,173.6533203125,96.3037109375,584.4866943359375,4.017000198364258,4.23199987411499,95.76000213623048,141.0399932861328,4.461999893188477,4.994999885559082,18.36000061035156,91.83999633789062,2.13,2.38,3.27,0.91,0.23,0.02,6673244.0,467204.0,135.841,-0.47,4.46,0.52,6070199.0,-0.038537720046905,,,63.64000023017496,6.602202960170911,False,False,False,0.0551051145649517,0.0085370601091323,-0.5436724189122337,2.33,244000.0,60.7,,52.5,21.09000015258789,1947000.0,0.8705547879334016,,,,,,,,,,,,,,,calc_tnx_dfii10,,,,,,,,,,fred_backfill_s288,,fred_backfill_s288,,,,,,148450.0,9655.0,9601.0,54.0,0.0144854107733233,36.1110921336969,,,,,,,0,12.32164478302002,btlong_seed_s288,btlong_seed_s288,0.0
2025-06-03,72.8200454711914,40.73261260986328,40.13380432128906,25.911958694458008,308.9100036621094,53.959999084472656,178.2720489501953,206.3108062744141,96.33881378173828,41.6982536315918,215.7074737548828,31.440000534057617,248.0182647705078,81.002685546875,53.81357955932617,13.931154251098633,40.20016860961914,50.127628326416016,39.80586624145508,130.12518310546875,63.40999984741211,99.25,90.033935546875,1376.0699462890625,175.09901428222656,96.31331634521484,587.8197631835938,4.027999877929688,4.235000133514404,100.0,141.60000610351562,4.460000038146973,4.982999801635742,17.690000534057617,90.88999938964844,2.14,2.38,3.19,0.89,0.23,0.03,6673244.0,467204.0,153.177,-0.47,4.46,0.5,6052863.0,-0.0389337091261099,,,63.59559346861759,6.885319708719662,False,False,False,0.0624976282586435,-0.0948899422933235,-0.6140630485466172,2.32,244000.0,60.7,,52.5,20.71999931335449,1947000.0,0.8537645328325869,,,,,,,,,,,,,,,calc_tnx_dfii10,,,,,,,,,,fred_backfill_s288,,fred_backfill_s288,,,,,,143850.0,9643.0,9590.0,53.0,0.0144854107733233,36.1110921336969,,,,,,,0,12.408281326293944,btlong_seed_s288,btlong_seed_s288,0.0
2025-06-04,72.46240234375,41.245880126953125,40.93608856201172,25.780426025390625,310.8999938964844,53.91999816894531,179.05728149414062,205.72848510742188,96.15343475341795,41.7081413269043,216.27378845214844,31.34000015258789,250.9690856933593,82.31764221191406,54.09320068359375,13.831360816955566,39.41617202758789,49.84303283691406,39.1102294921875,130.37948608398438,62.84999847412109,98.79000091552734,90.69585418701172,1377.719970703125,174.7056427001953,96.32290649414062,587.6619262695312,3.931999921798706,4.239999771118164,96.9800033569336,137.4600067138672,4.364999771118164,4.88700008392334,17.610000610351562,90.79000091552734,2.06,2.32,3.23,0.89,0.23,-0.07,6672885.0,378947.0,168.882,-0.47,4.37,0.5,6125056.0,1.3767615504795438,,,63.53796632411116,8.145743921635496,False,False,False,0.0622204270273987,0.063120539413619,-0.617240915407514,2.3,244000.0,60.7,,52.5,20.65999984741211,1947000.0,0.8523717686550423,,,,,,,,,,,,,,,calc_tnx_dfii10,,,,,,,,,,fred_backfill_s288,,fred_backfill_s288,,,,,,141350.0,9673.5,9620.0,53.5,0.0144854107733233,36.1110921336969,,,,,,,0,12.350522994995115,btlong_seed_s288,btlong_seed_s288,0.0
2025-06-05,72.81010437011719,41.95284652709961,41.6307487487793,25.93074989318848,309.3299865722656,54.18000030517578,179.1566925048828,205.8172912597656,95.23628997802734,41.747703552246094,214.62452697753903,32.45000076293945,250.52047729492188,82.37481689453125,54.09320068359375,13.71160888671875,39.3776969909668,49.70564270019531,39.04742813110352,130.2034149169922,63.369998931884766,98.73999786376952,90.42724609375,1361.0899658203125,174.2335662841797,96.33250427246094,584.8219604492188,3.989000082015991,4.23199987411499,94.6500015258789,140.08999633789062,4.394000053405762,4.883999824523926,18.479999542236328,93.1999969482422,2.11,2.31,3.18,0.89,0.23,-0.04,6672885.0,378947.0,152.727,-0.47,4.4,0.48,6141211.0,0.7511987770679518,,,63.464915453377415,9.893724922164914,False,False,False,0.0847574388952523,-0.7673590723214873,-0.8079512116779721,2.28,244000.0,60.7,,52.5,21.11000061035156,1947000.0,0.8754144485042992,,,,,,,,,,,,,,,calc_tnx_dfii10,,,,,,,,,,fred_backfill_s288,,fred_backfill_s288,,,,,,138000.0,9834.0,9765.0,69.0,0.0144854107733233,36.1110921336969,,,,,,,0,12.408281326293944,btlong_seed_s288,btlong_seed_s288,0.0
2025-06-06,72.99887084960938,41.81726837158203,41.81664657592773,26.04349136352539,305.17999267578125,54.90999984741211,180.86636352539065,209.1434631347656,97.23644256591795,42.1631088256836,216.75070190429688,32.689998626708984,251.946044921875,81.32667541503906,54.26676177978516,13.611815452575684,40.11840438842773,50.32389831542969,39.221336364746094,131.44570922851562,64.58000183105469,99.19000244140624,89.70775604248047,1354.550048828125,175.73831176757812,96.36128997802734,590.827392578125,4.125999927520752,4.23199987411499,89.6500015258789,138.85000610351562,4.510000228881836,4.9629998207092285,16.770000457763672,89.44999694824219,2.2,2.35,3.09,0.87,0.23,0.08,6672885.0,378947.0,149.284,-0.479,4.51,0.47,6144654.0,0.7509697128135873,,,63.43152560217906,9.439153048480954,False,False,False,0.1029467873112897,-1.2204765405674285,-0.9610676389562602,2.31,244000.0,60.7,,52.5,20.020000457763672,1947000.0,0.8376623413742399,,,,,,,,,,,,,,,calc_tnx_dfii10,,,,,,,,,,fred_backfill_s288,,fred_backfill_s288,,,,,,132400.0,9795.0,9718.0,77.0,0.0144854107733233,36.1110921336969,,,,,,,0,12.494916915893556,btlong_seed_s288,btlong_seed_s288,0.0
2025-06-09,72.3034439086914,42.18527603149414,42.7265510559082,25.949539184570312,306.6199951171875,55.2400016784668,181.54226684570312,210.58447265625,99.4707489013672,42.14332580566406,217.1083831787109,33.38999938964844,256.16290283203125,81.41242980957031,54.28604507446289,13.232601165771484,40.19536209106445,50.04911804199219,38.97013473510742,131.2207489013672,65.29000091552734,98.94000244140624,89.8708267211914,1359.18994140625,175.76780700683594,96.37085723876952,591.3599853515625,4.085999965667725,4.239999771118164,92.62000274658205,139.17999267578125,4.48199987411499,4.953999996185303,17.15999984741211,88.97000122070312,2.18,2.34,3.12,0.87,0.23,0.05,6672885.0,378947.0,179.315,-0.479,4.49,0.48,6114623.0,0.7506954010304545,,,63.39949171421892,10.29402391737342,False,False,False,0.095916279041095,-1.578247016463551,-0.8807981296446812,2.3,246000.0,60.7,,52.5,20.09000015258789,1935000.0,0.8541562825822899,,,,,,,,,,,,,,,calc_tnx_dfii10,,,,,,,,,,fred_backfill_s288,,fred_backfill_s288,,,,,,122400.0,9849.0,9745.0,104.0,0.0144854107733233,36.1110921336969,,,,,,,0,12.504544258117676,btlong_seed_s288,btlong_seed_s288,0.0
2025-06-10,72.11469268798828,42.07874298095703,42.18843460083008,26.04349136352539,306.7099914550781,55.2599983215332,178.05337524414062,211.7194976806641,96.9242172241211,42.21255874633789,218.52911376953125,33.22999954223633,261.257080078125,81.8316879272461,54.411399841308594,13.372310638427734,40.91201400756836,50.10799789428711,39.061920166015625,132.71730041503906,64.9800033569336,99.0500030517578,90.0243148803711,1353.8499755859375,176.64309692382812,96.3804702758789,594.7128295898438,4.084000110626221,4.25,91.22000122070312,141.22000122070312,4.473999977111816,4.940000057220459,16.950000762939453,92.05999755859376,2.18,2.32,3.12,0.87,0.23,0.02,6672885.0,378947.0,182.725,-0.479,4.47,0.46,6111213.0,0.7500482994726498,,,63.3554239434711,9.912619342922556,False,False,False,0.0840130187092915,-1.510204963406936,-0.7754328199039158,2.29,246000.0,60.7,,52.5,19.940000534057617,1935000.0,0.8500501659460225,,,,,,,,,,,,,,,calc_tnx_dfii10,,,,,,,,,,fred_backfill_s288,,fred_backfill_s288,,,,,,120400.0,9854.0,9768.0,86.0,0.0144854107733233,36.1110921336969,,,,,,,0,12.466038703918455,btlong_seed_s288,btlong_seed_s288,0.0
2025-06-11,72.3034439086914,41.81726837158203,42.2764892578125,26.51325035095215,308.3699951171875,55.33000183105469,179.60398864746094,210.85096740722656,102.59293365478516,42.04441833496094,217.8038482666016,32.95000076293945,261.0676574707031,82.07942962646484,54.40175628662109,13.292476654052734,41.50362014770508,50.04911804199219,39.08607864379883,132.78578186035156,68.1500015258789,98.62999725341795,90.39849090576172,1363.8800048828125,176.1415252685547,96.39966583251952,593.0167236328125,4.008999824523926,4.25,89.36000061035156,141.38999938964844,4.412000179290772,4.9079999923706055,17.260000228881836,99.0199966430664,2.14,2.3,3.12,0.87,0.23,-0.04,6677155.0,332907.0,204.625,-0.479,4.41,0.47,6139623.0,1.5560326543743177,,,63.37661038414907,9.13635143892686,False,False,False,0.0709326594046464,-1.2574812205010044,-0.6638392512227842,2.27,246000.0,60.7,,52.5,20.299999237060547,1935000.0,0.8502463486486858,,,,,,,,,,,,,,,calc_tnx_dfii10,,,,,,,,,,fred_backfill_s288,,fred_backfill_s288,,,,,,119450.0,9730.0,9670.0,60.0,0.0144854107733233,36.1110921336969,,,,,,,0,12.668190956115724,btlong_seed_s288,btlong_seed_s288,0.0
2025-06-12,72.63128662109375,42.04969024658203,42.31562805175781,26.447484970092773,312.20001220703125,54.79999923706055,178.39132690429688,210.0120086669922,102.7197723388672,42.1136589050293,218.3006134033203,33.060001373291016,262.3337097167969,83.06089782714844,54.82601547241211,13.332393646240234,41.64791488647461,50.04911804199219,39.55949401855469,133.8226318359375,68.04000091552734,97.91999816894533,90.79180908203124,1365.68994140625,176.55458068847656,96.40925598144533,595.37353515625,3.9600000381469727,4.257999897003174,88.98999786376953,145.60000610351562,4.35699987411499,4.8420000076293945,18.020000457763672,103.04000091552734,2.11,2.28,3.17,0.88,0.23,-0.1,6677155.0,332907.0,181.417,-0.479,4.36,0.46,6162831.0,0.3831412288904934,,,63.39152559183412,9.644938765380928,False,False,False,0.0651592742792375,-1.096897541957322,-0.6153274464717349,2.25,246000.0,60.7,,52.5,20.64999961853028,1935000.0,0.8726392634696913,,,,,,,,,,,,,,,calc_tnx_dfii10,,,,,,,,,,fred_backfill_s288,,fred_backfill_s288,,,,,,116850.0,9779.0,9690.0,89.0,0.0144854107733233,36.1110921336969,,,,,,,0,12.677817344665527,btlong_seed_s288,btlong_seed_s288,0.0
2025-06-13,71.92594146728516,41.53641891479492,41.415504455566406,26.43808937072754,316.2900085449219,54.040000915527344,179.13682556152344,206.1726226806641,102.4758529663086,41.50043869018555,215.53857421875,32.970001220703125,256.1928100585937,82.26048278808594,54.16069412231445,12.993097305297852,42.37418746948242,49.028507232666016,39.33244705200195,133.15748596191406,72.9800033569336,98.18000030517578,90.45602416992188,1349.7900390625,174.42042541503906,96.4476318359375,588.7171630859375,4.02400016784668,4.239999771118164,95.30999755859376,149.64999389648438,4.423999786376953,4.914999961853027,20.81999969482422,113.37000274658205,2.13,2.31,3.18,0.88,0.23,-0.04,6677155.0,332907.0,168.645,-0.487,4.41,0.45,6175603.0,0.3833315999597797,,,63.471525612524,8.22484643773791,False,False,False,0.0468093153512858,-0.7842267844115405,-0.4490542373150816,2.29,246000.0,60.7,,52.5,22.6200008392334,1935000.0,0.9204243555425888,,,,,,,,,,,,,,,calc_tnx_dfii10,,,,,,,,,,fred_backfill_s288,,fred_backfill_s288,,,,,,114475.0,9658.0,9578.0,80.0,0.0144854107733233,36.1110921336969,,,,,,,0,13.033989906311035,btlong_seed_s288,btlong_seed_s288,0.0
2025-06-16,72.73063659667969,42.14653778076172,42.286277770996094,27.09366035461425,311.7799987792969,54.560001373291016,178.25332641601562,208.6033477783203,107.09082794189452,41.92573165893555,218.56887817382807,33.029998779296875,262.5630187988281,81.4314956665039,54.43068313598633,13.232601165771484,42.2491340637207,49.5878791809082,39.13920974731445,132.74667358398438,71.7699966430664,98.0,90.1969985961914,1365.1400146484375,176.10215759277344,96.4476318359375,594.3182983398438,4.034999847412109,4.248000144958496,93.4800033569336,156.60000610351562,4.452000141143799,4.953999996185303,19.11000061035156,106.19000244140624,2.16,2.32,3.1,0.87,0.23,0.03,6677155.0,332907.0,140.759,-0.487,4.46,0.49,6203489.0,0.3839032511738116,,,63.53067811868959,9.717529716744888,False,False,False,0.0731924732708133,-1.1592115538036083,-0.690885560714321,2.29,243000.0,60.7,,52.5,21.229999542236328,1960000.0,0.9001413576261692,,,,,,,,,,,,,,,calc_tnx_dfii10,,,,,,,,,,fred_backfill_s288,,fred_backfill_s288,,,,,,107325.0,9738.0,9671.0,67.0,0.0144854107733233,36.1110921336969,,,,,,,0,13.033989906311035,btlong_seed_s288,btlong_seed_s288,0.0
2025-06-17,72.77035522460938,41.62357711791992,41.885135650634766,26.90225410461425,311.94000244140625,53.83000183105469,179.06915283203125,206.4062042236328,105.37362670898438,41.56967926025391,216.41290283203125,33.7400016784668,260.778564453125,82.42247009277344,53.74607849121094,13.28249740600586,42.64353561401367,49.30328369140625,38.8155517578125,130.5555877685547,74.83999633789062,98.81999969482422,90.63831329345705,1357.780029296875,174.4105987548828,96.45720672607422,589.2398681640625,3.989000082015991,4.2179999351501465,97.18000030517578,154.36000061035156,4.39300012588501,4.89300012588501,21.600000381469727,115.5,2.08,2.35,3.17,0.88,0.23,-0.03,6677155.0,332907.0,168.939,-0.487,4.39,0.45,6175309.0,0.3833892919317572,,,63.62779669034279,8.275354076548735,False,False,False,0.0898031189322972,-1.6133285803161084,-0.8302662639422724,2.31,243000.0,60.7,,52.5,22.90999984741211,1960000.0,0.9428197523060936,,,,,,,,,,,,,,,calc_tnx_dfii10,,,,,,,,,,fred_backfill_s288,,fred_backfill_s288,,,,,,107550.0,9820.5,9710.0,110.5,0.0144854107733233,36.1110921336969,,,,,,,0,13.293899536132812,btlong_seed_s288,btlong_seed_s288,0.0
2025-06-18,72.45246124267578,41.65262985229492,41.71880340576172,26.87354278564453,310.260009765625,53.790000915527344,177.87522888183594,207.4948883056641,106.2322235107422,41.60923767089844,216.3930206298828,33.27000045776367,261.77545166015625,82.56539154052734,53.890716552734375,13.332393646240234,42.36457061767578,49.28366088867188,38.9169921875,130.33059692382812,75.13999938964844,98.91000366210938,90.69585418701172,1380.5,174.4302520751953,96.47640991210938,589.1510620117188,3.993000030517578,4.2230000495910645,93.63999938964844,148.41000366210938,4.396999835968018,4.894999980926514,20.13999938964844,106.1999969482422,2.07,2.36,3.16,0.88,0.23,-0.04,6681056.0,337762.0,205.05,-0.487,4.38,0.44,6138244.0,0.3680119802642601,,,63.73186447660802,8.270915683351543,False,False,False,0.0748569983890139,-1.455966068713147,-0.698080334585061,2.33,243000.0,60.7,,52.5,21.96999931335449,1960000.0,0.9167045980473163,,,,,,,,,,,,,,,calc_tnx_dfii10,,,,,,,,,,fred_backfill_s288,,fred_backfill_s288,,,,,,107350.0,9841.0,9685.5,155.5,0.0144854107733233,36.1110921336969,,,,,,,0,13.346843719482422,btlong_seed_s288,btlong_seed_s288,0.0
2025-06-19,72.45246124267578,41.65262985229492,41.71880340576172,26.87354278564453,310.260009765625,53.790000915527344,177.87522888183594,207.4948883056641,106.2322235107422,41.60923767089844,216.3930206298828,33.27000045776367,261.77545166015625,82.56539154052734,53.890716552734375,13.332393646240234,42.36457061767578,49.28366088867188,38.9169921875,130.33059692382812,,,90.69585418701172,1370.75,174.4302520751953,96.47640991210938,589.1510620117188,,,,,4.38,,,,2.07,2.36,3.16,0.88,0.23,-0.04,6681056.0,337762.0,205.05,-0.487,4.38,0.44,6138244.0,-0.5759660106700815,,,63.62982763093093,,False,False,False,,,,2.31,243000.0,60.7,,52.5,21.96999931335449,1960000.0,,,,,,,,,,,,,,,,calc_tnx_dfii10,,,,,,,,,,fred_backfill_s288,,fred_backfill_s288,,,,,,103325.0,9712.0,9610.0,102.0,0.0144854107733233,36.1110921336969,,,,,,,0,13.346843719482422,btlong_seed_s288,btlong_seed_s288,0.0
2025-06-20,71.69744110107422,40.65513610839844,41.08285140991211,26.481157302856445,310.1300048828125,53.900001525878906,179.52682495117188,207.0594024658203,104.4467315673828,41.51033782958984,215.4392242431641,32.720001220703125,259.462646484375,82.41292572021484,53.45433044433594,13.322415351867676,42.797454833984375,49.42105102539063,39.02327346801758,129.70457458496094,74.93000030517578,98.70999908447266,90.75343322753906,1374.8900146484375,174.7154541015625,96.5147705078125,587.7673950195312,3.9609999656677246,4.195000171661377,90.0999984741211,149.19000244140625,4.375,4.888999938964844,20.6200008392334,108.86000061035156,2.05,2.37,3.13,0.88,0.23,-0.01,6681056.0,337762.0,138.283,-0.493,4.38,0.48,6205011.0,-0.5741338071259428,,,63.71620697810732,5.625449102866864,False,False,False,0.0732318000449838,-1.219917917312541,-0.6941130091143695,2.33,243000.0,60.7,,52.5,22.479999542236328,1960000.0,0.917259842487617,,,,,,,,,,,,,,,calc_tnx_dfii10,,,,,,,,,,fred_backfill_s288,,fred_backfill_s288,,,,,,99200.0,9945.0,9654.0,291.0,0.0144854107733233,36.1110921336969,,,,,,,0,13.380535125732422,btlong_seed_s288,btlong_seed_s288,0.0
2025-06-23,73.0385971069336,41.17809295654297,41.59161376953125,26.471586227416992,311.0799865722656,54.310001373291016,182.0838165283203,209.5930938720703,105.5297393798828,42.12354278564453,217.7038116455078,32.959999084472656,261.1075439453125,82.67973327636719,53.86252975463867,13.372310638427734,41.71517562866211,50.04339218139648,39.51797866821289,129.8913116455078,68.51000213623047,98.41999816894533,91.07001495361328,1369.469970703125,176.25791931152344,96.53397369384766,593.5730590820312,3.884000062942505,4.1579999923706055,95.02999877929688,154.77999877929688,4.320000171661377,4.85699987411499,19.82999992370605,104.31999969482422,2.04,2.33,3.12,0.89,0.23,-0.04,6681056.0,337762.0,165.319,-0.493,4.34,0.5,6177975.0,-0.5746387781443096,,,63.70155183200178,6.919202341694919,False,False,False,,-1.36224534478908,,2.28,236000.0,60.7,,52.5,21.81999969482422,1954000.0,0.9087992759417772,,,,,,,,,,,,,,,calc_tnx_dfii10,,,,,,,,,,fred_backfill_s288,,fred_backfill_s288,,,,,,95875.0,10035.0,9642.0,393.0,0.0144854107733233,36.1110921336969,,,,,,,0,12.918474197387695,btlong_seed_s288,btlong_seed_s288,0.0
2025-06-24,73.38630676269531,41.749473571777344,42.91244888305664,26.777835845947266,306.19000244140625,54.79999923706055,180.8302001953125,212.2653350830078,108.31043243408205,42.66752243041992,221.0370178222656,32.61000061035156,270.6976928710937,83.28003692626953,54.57201385498047,13.591856956481934,41.17210006713867,50.791778564453125,39.68822479248047,131.48348999023438,64.37000274658203,97.86000061035156,91.38658905029295,1361.93994140625,177.92677307128906,96.54356384277344,600.13037109375,3.8559999465942383,4.182000160217285,92.62000274658205,154.97000122070312,4.293000221252441,4.828999996185303,17.479999542236328,92.29000091552734,2.01,2.3,3.06,0.88,0.23,-0.08,6681056.0,337762.0,187.367,-0.493,4.3,0.55,6155927.0,-0.5732296628386147,,,63.57896561458193,8.318705505329337,False,False,False,0.0727757729772262,-1.5025837528693224,-0.6833245534653152,2.28,236000.0,60.7,,52.5,20.049999237060547,1954000.0,0.871820459221075,,,,,,,,,,,,,,,calc_tnx_dfii10,,,,,,,,,,fred_backfill_s288,,fred_backfill_s288,,,,,,94675.0,9930.5,9735.0,195.5,0.0144854107733233,36.1110921336969,,,,,,,0,12.591180801391602,btlong_seed_s288,btlong_seed_s288,0.0
2025-06-25,73.94263458251953,41.62357711791992,42.95158767700195,26.385454177856445,307.1199951171875,55.0,181.11871337890625,209.79103088378903,105.92976379394533,42.301570892333984,221.61412048339844,33.0099983215332,274.3463439941406,83.38483428955078,54.29988479614258,13.512022018432615,40.99268341064453,50.62437438964844,39.158016204833984,131.60142517089844,64.91999816894531,97.68000030517578,91.42495727539062,1353.780029296875,176.64306640625,96.55315399169922,600.4666137695312,3.846999883651733,4.188000202178955,91.23999786376952,152.24000549316406,4.293000221252441,4.8420000076293945,16.760000228881836,89.6500015258789,2.01,2.28,3.04,0.88,0.23,-0.09,6662200.0,364375.0,210.879,-0.493,4.29,0.55,6086946.0,-1.2889310621608474,,,63.47068977355957,7.902483007065486,False,False,False,0.08920054348636,-1.71152285342791,-0.829908266372458,2.28,236000.0,60.7,,52.5,19.670000076293945,1954000.0,0.8520589813866241,,,,,,,,,,,,,,,calc_tnx_dfii10,,,,,,,,,,fred_backfill_s288,,fred_backfill_s288,,,,,,93475.0,9810.0,9717.0,93.0,0.0144854107733233,36.1110921336969,,,,,,,0,12.562301635742188,btlong_seed_s288,btlong_seed_s288,0.0
2025-06-26,74.56926727294922,44.15120697021485,42.990718841552734,26.9213924407959,306.7799987792969,55.709999084472656,183.5662841796875,213.1956787109375,108.05674743652344,42.88510894775391,223.68370056152344,33.34000015258789,276.34014892578125,83.8041000366211,54.89274597167969,13.581876754760742,41.579402923583984,50.99856948852539,39.483924865722656,131.91595458984375,65.23999786376953,97.1500015258789,91.75115203857422,1357.030029296875,177.9761505126953,96.56275939941406,605.1646118164062,3.799000024795532,4.192999839782715,89.47000122070312,147.4600067138672,4.252999782562256,4.815999984741211,16.59000015258789,89.5999984741211,1.98,2.29,3.04,0.89,0.23,-0.13,6662200.0,364375.0,252.432,-0.493,4.26,0.56,6045393.0,-1.7522906006571135,,,63.35913802837504,14.301503823659733,False,False,False,0.0961335700249788,-1.943691916335742,-0.8845787750430851,2.27,236000.0,60.7,,52.5,19.450000762939453,1954000.0,0.8529562725878611,,,,,,,,,,,,,,,calc_tnx_dfii10,,,,,,,,,,fred_backfill_s288,,fred_backfill_s288,,,,,,93075.0,10115.0,9875.0,240.0,0.0144854107733233,36.1110921336969,,,,,,,0,12.610433578491213,btlong_seed_s288,btlong_seed_s288,0.0
2025-06-27,74.19129943847656,43.73248291015625,43.10812759399414,26.93096351623535,301.2200012207031,55.86000061035156,186.6008453369141,213.2649383544922,106.75909423828124,43.31148147583008,224.4598083496093,32.619998931884766,277.5563659667969,83.27051544189453,55.232906341552734,13.70162868499756,41.3612060546875,51.14627456665039,39.5617561340332,131.6309356689453,65.5199966430664,97.4000015258789,91.51130676269533,1352.760009765625,178.6279296875,96.60113525390624,608.1712036132812,3.828000068664551,4.197000026702881,87.93000030517578,143.44000244140625,4.2829999923706055,4.84499979019165,16.31999969482422,91.83999633789062,2.0,2.31,3.02,0.88,0.23,-0.1,6662200.0,364375.0,285.742,-0.5,4.29,0.56,6012083.0,-1.7533807958348802,,,63.33448285069959,13.088626448556507,False,False,False,0.0959245551073337,-1.7779328092474938,-0.8857877238703207,2.28,236000.0,60.7,,52.5,19.450000762939453,1954000.0,0.8390745015249963,,,,,,,,,,,,,,,calc_tnx_dfii10,,,,,,,,,,fred_backfill_s288,,fred_backfill_s288,,,,,,91275.0,10051.0,9857.0,194.0,0.0144854107733233,36.1110921336969,,,,,,,0,12.543048858642578,btlong_seed_s288,btlong_seed_s288,0.0
2025-06-30,75.17601776123047,43.82012176513672,43.29402160644531,27.61045837402344,304.8299865722656,55.68000030517578,187.68533325195312,213.5717620849609,108.4762954711914,43.21232604980469,225.9622497558593,32.810001373291016,278.0149230957031,84.08998107910156,55.40784454345703,13.721588134765623,41.12360763549805,51.56969833374024,39.722286224365234,132.47616577148438,65.11000061035156,96.87999725341795,91.8758544921875,1363.5899658203125,179.46728515625,96.60113525390624,611.0790405273438,3.795000076293945,4.190000057220459,90.26000213623048,139.64999389648438,4.230000019073486,4.77899980545044,16.729999542236328,89.73999786376953,1.95,2.31,2.96,0.86,0.23,-0.17,6662200.0,364375.0,460.731,-0.5,4.24,0.52,5837094.0,-1.7562910984825209,,,63.38827593573208,13.166755430633458,False,False,False,0.0619252644675234,-1.5699062681459144,-0.5753330309667639,2.28,231000.0,60.7,,52.5,19.440000534057617,1952000.0,0.8605966606290189,,,,,,,,,,,,,,,calc_tnx_dfii10,,,,,,,,,,fred_backfill_s288,,fred_backfill_s288,,,,,,90625.0,10040.0,9845.0,195.0,0.0144854107733233,36.1110921336969,,,,,,,0,12.552675247192385,btlong_seed_s288,btlong_seed_s288,0.0
2025-07-01,74.02220916748047,44.23884963989258,43.23531723022461,27.553037643432617,307.54998779296875,55.84000015258789,184.07369995117188,215.76893615722656,105.00286865234376,43.64861297607422,223.98220825195312,32.72999954223633,274.9843444824219,84.29846954345703,55.36897277832031,13.691650390625,41.43878936767578,51.85527420043945,39.85847854614258,134.36322021484375,65.44999694824219,96.81999969482422,91.70551300048828,1348.5,181.5706481933593,96.62712860107422,610.8812866210938,3.8420000076293945,4.224999904632568,93.4800033569336,140.07000732421875,4.250999927520752,4.77899980545044,16.829999923706055,89.54000091552734,1.97,2.32,2.91,0.84,0.17,-0.14,6662200.0,364375.0,245.53,-0.5,4.26,0.48,6052295.0,-1.7534909879581062,2.071428571428572,,63.47017242168558,14.08553069565075,False,False,False,0.0456340399367396,-1.264608558506818,-0.428803807570393,2.28,231000.0,61.7,,52.1,19.51000022888184,1952000.0,0.8626345323559547,,,,,,,,,,,,,,,calc_tnx_dfii10,,,,,,,,,,fred_backfill_s288,,fred_backfill_s288,,,,,,91250.0,10061.0,9948.0,113.0,0.0135266634793725,37.4742461916466,,,,,,,0,12.6200590133667,btlong_seed_s288,btlong_seed_s288,0.0
2025-07-02,74.12167358398438,45.39764404296875,42.32540893554688,27.66788101196289,309.25,55.59999847412109,183.79510498046875,218.7579040527344,105.78340911865234,44.11465072631836,225.57418823242188,33.2400016784668,280.3775634765625,83.76287078857422,55.54391479492188,13.7315673828125,42.15157699584961,51.81588363647461,39.51311111450195,133.036376953125,67.44999694824219,96.77999877929688,91.51302337646484,1355.5899658203125,181.9853973388672,96.62712860107422,613.650634765625,3.869999885559082,4.2230000495910645,91.37000274658205,139.27999877929688,4.293000221252441,4.822999954223633,16.639999389648438,89.80000305175781,2.0,2.34,2.88,0.83,0.17,-0.11,6659598.0,359516.0,237.307,-0.5,4.3,0.52,6062775.0,-1.718017582783382,2.070866141732284,,63.60586199267157,16.88247020556284,False,False,False,0.0662843818096294,-1.4315559329448238,-0.6166800252572475,2.29,231000.0,61.7,,52.1,19.350000381469727,1952000.0,0.85994827191753,,,,,,,,,,,,,,,calc_tnx_dfii10,,,,,,,,,,fred_backfill_s288,,fred_backfill_s288,,,,,,93250.0,10045.0,9968.0,77.0,0.0135266634793725,37.4742461916466,,,,,,,0,12.822211265563965,btlong_seed_s288,btlong_seed_s288,0.0
2025-07-03,75.52415466308594,45.24184036254883,42.61893081665039,28.05069351196289,307.1400146484375,55.790000915527344,185.9143524169922,220.7868194580078,105.87122344970705,44.42203140258789,227.77310180664065,33.5099983215332,282.740234375,83.17945861816406,55.6119499206543,13.931154251098633,42.20006561279297,52.377174377441406,39.809837341308594,133.17398071289062,67.0,97.18000030517578,91.19544219970705,1354.75,182.86427307128903,96.6752700805664,618.4869995117188,3.938999891281128,4.239999771118164,86.08999633789062,141.36000061035156,4.3480000495910645,4.861999988555908,16.3799991607666,90.5999984741211,2.02,2.37,2.8,0.8,0.17,-0.07,6659598.0,359516.0,214.665,-0.5,4.35,0.47,6085417.0,-1.8895466745848968,2.07046875,,63.686034432772935,16.30642795956856,False,False,False,0.0400286828096623,-1.6807608810134609,-0.3668878197650365,2.33,231000.0,61.7,,52.1,19.209999084472656,1952000.0,0.8526808923175051,,,,,,,,,,,,,,,calc_tnx_dfii10,,,,,,,,,,fred_backfill_s288,,fred_backfill_s288,,,,,,94325.0,10120.0,10015.0,105.0,0.0135266634793725,37.4742461916466,,,,,,,0,12.822211265563965,btlong_seed_s288,btlong_seed_s288,0.0
2025-07-04,75.52415466308594,45.24184036254883,42.61893081665039,28.05069351196289,307.1400146484375,55.790000915527344,185.9143524169922,220.7868194580078,105.87122344970705,44.42203140258789,227.77310180664065,33.5099983215332,282.740234375,83.17945861816406,55.6119499206543,13.931154251098633,42.20006561279297,52.377174377441406,39.809837341308594,133.17398071289062,66.5,,91.19544219970705,1357.0999755859375,182.86427307128903,96.6752700805664,618.4869995117188,,,,,4.35,,,,2.02,2.37,2.8,0.8,0.17,-0.07,6659598.0,359516.0,214.665,-0.507,4.35,0.47,6085417.0,-1.8901297998335065,2.0700775193798453,,63.7968965070001,,False,False,False,,,,2.33,231000.0,61.7,,52.1,19.209999084472656,1952000.0,,,,,,,,,,,,,,,,calc_tnx_dfii10,,,,,,,,,,fred_backfill_s288,,fred_backfill_s288,,,,,,95275.0,9970.5,9881.0,89.5,0.0135266634793725,37.4742461916466,,,,,,,0,12.822211265563965,btlong_seed_s288,btlong_seed_s288,0.0
2025-07-07,75.27548217773438,44.14147186279297,42.55044174194336,27.37120056152344,307.3699951171875,55.36000061035156,187.11822509765625,217.4712677001953,106.47614288330078,44.0154914855957,226.0418243408203,33.43000030517578,278.8922119140625,82.38562774658203,54.9218978881836,14.150699615478516,41.79275894165039,51.87496948242188,39.89253616333008,132.0535430908203,67.93000030517578,97.4800033569336,90.90673065185548,1362.199951171875,181.4027709960937,96.69449615478516,613.8779907226562,3.9660000801086426,4.244999885559082,88.52999877929688,137.9600067138672,4.394999980926514,4.931000232696533,17.790000915527344,96.3000030517578,2.05,2.4,2.86,0.81,0.17,-0.02,6659598.0,359516.0,218.03,-0.507,4.4,0.5,6082052.0,-1.8906622513309543,2.0699230769230765,67.3997620173863,63.90775858122727,13.323407392047514,False,False,False,-0.0012449882590462,-1.5302198537513725,0.0114469647505437,2.34,228000.0,61.7,,52.1,20.209999084472656,1949000.0,0.880257383544139,,,,,,,,,,,,,,,calc_tnx_dfii10,,,,,,,,,,fred_backfill_s288,,fred_backfill_s288,,,,,,97400.0,9893.0,9819.0,74.0,0.0135266634793725,37.4742461916466,,,,,,,0,12.79333209991455,btlong_seed_s288,btlong_seed_s288,0.0
2025-07-08,75.27548217773438,44.45308303833008,43.35272979736328,27.476470947265625,304.1600036621094,55.68999862670898,185.81483459472656,218.9756317138672,103.66618347167967,44.11465072631836,226.21099853515625,33.290000915527344,282.6006774902344,82.28044128417969,55.32037353515625,14.48001766204834,42.91770553588867,51.41215133666992,39.469329833984375,132.653076171875,68.33000183105469,97.51000213623048,90.7719955444336,1374.6400146484375,181.8570251464844,96.71377563476562,613.5418090820312,3.984999895095825,4.25,88.05000305175781,140.8000030517578,4.414999961853027,4.943999767303467,16.809999465942383,91.30999755859376,2.07,2.39,2.92,0.82,0.17,0.0,6659598.0,359516.0,219.415,-0.507,4.42,0.52,6080667.0,-1.890618014415824,2.069923664122137,67.40708674032857,64.02500001315413,13.984613797631916,False,False,False,0.0102044818086621,-1.5904998748687105,-0.0932350597456714,2.34,228000.0,61.7,,52.1,19.57999992370605,1949000.0,0.8585290874077097,,,,,,,,,,,,,,,calc_tnx_dfii10,,,,,,,,,,fred_backfill_s288,,fred_backfill_s288,,,,,,102500.0,9925.0,9845.5,79.5,0.0135266634793725,37.4742461916466,,,,,,,0,12.822211265563965,btlong_seed_s288,btlong_seed_s288,0.0
2025-07-09,75.91206359863281,43.73248291015625,42.88309860229492,26.95010566711425,305.5199890136719,55.65999984741211,187.9539489746093,221.3509521484375,102.60269165039062,44.47161102294922,227.8228759765625,33.0,284.53466796875,83.14120483398438,55.69941711425781,14.859232902526855,42.699501037597656,51.599246978759766,39.83902359008789,133.1641387939453,68.37999725341797,97.47000122070312,91.24356842041016,1370.300048828125,182.400146484375,96.70413208007812,617.2210083007812,3.920000076293945,4.244999885559082,84.30999755859375,141.75,4.3420000076293945,4.875999927520752,15.9399995803833,91.76000213623048,2.01,2.38,2.94,0.83,0.17,-0.08,6661912.0,319889.0,227.273,-0.507,4.34,0.48,6114750.0,-1.237797109701344,2.0694696969696973,67.41468760371208,64.14655165836729,12.021352727302204,False,False,False,0.0108599611531594,-1.269284758953764,-0.1005434912788558,2.33,228000.0,61.7,,52.1,19.020000457763672,1949000.0,0.8380651523000798,,,,,,,,,,,,,,,calc_tnx_dfii10,,,,,,,,,,fred_backfill_s288,,fred_backfill_s288,,,,,,107125.0,9635.0,9640.0,-5.0,0.0135266634793725,37.4742461916466,,,,,,,0,12.812585830688477,btlong_seed_s288,btlong_seed_s288,0.0
2025-07-10,73.3160171508789,44.28753662109375,42.84395980834961,26.52900695800781,306.20001220703125,55.27000045776367,187.69528198242188,222.48915100097656,104.04669952392578,44.70958709716797,227.48455810546875,33.75,286.62811279296875,83.1985855102539,55.73828887939453,15.088757514953612,43.02437973022461,51.90450668334961,40.16493225097656,133.97991943359375,66.56999969482422,97.6500015258789,91.19544219970705,1373.0,183.456771850586,96.723388671875,618.9617309570312,3.930999994277954,4.239999771118164,81.58000183105469,143.32000732421875,4.3460001945495605,4.861000061035156,15.779999732971191,90.94000244140624,2.01,2.39,2.92,0.83,0.17,-0.07,6661912.0,319889.0,183.339,-0.507,4.35,0.49,6158684.0,0.5990479433409579,2.0690225563909777,67.40813963542612,64.21724128723145,13.285162263123794,False,False,False,0.040875106069377,-1.6113952977847317,-0.3708431993305758,2.34,228000.0,61.7,,52.1,18.920000076293945,1949000.0,0.8340380374914979,,,,,,,,,,,,,,,calc_tnx_dfii10,,,,,,,,,,fred_backfill_s288,,fred_backfill_s288,,,,,,108100.0,9752.0,9744.0,8.0,0.0135266634793725,37.4742461916466,,,,,,,0,12.754827499389648,btlong_seed_s288,btlong_seed_s288,0.0
2025-07-11,72.19204711914062,43.97592926025391,43.02985382080078,26.3471736907959,309.1400146484375,54.880001068115234,188.819564819336,219.42100524902344,105.53948974609376,44.58068084716797,226.9870758056641,35.029998779296875,286.59820556640625,82.05088806152344,55.27178192138672,15.18855094909668,43.21833801269531,51.3629150390625,40.10655975341797,132.86929321289062,68.44999694824219,97.8499984741211,90.7719955444336,1372.6400146484375,182.11376953125,96.76189422607422,616.785888671875,3.992000102996826,4.236999988555908,85.4800033569336,144.9600067138672,4.422999858856201,4.956999778747559,16.399999618530273,93.52999877929688,2.06,2.44,2.97,0.83,0.17,0.02,6661912.0,319889.0,181.637,-0.513,4.43,0.53,6160386.0,0.5991360281864644,2.068955223880597,67.41615392244779,64.28224122935328,12.345116581387815,False,False,False,0.0870547266959584,-2.041251735630619,-0.7682586475540969,2.36,228000.0,61.7,,52.1,19.3700008392334,1949000.0,0.8466700520380221,,,,,,,,,,,,,,,calc_tnx_dfii10,,,,,,,,,,fred_backfill_s288,,fred_backfill_s288,,,,,,108725.0,9637.5,9645.0,-7.5,0.0135266634793725,37.4742461916466,,,,,,,0,12.9281005859375,btlong_seed_s288,btlong_seed_s288,0.0
2025-07-14,72.81867980957031,43.742218017578125,43.382080078125,26.13662338256836,308.010009765625,54.91999816894531,192.6600341796875,220.89569091796875,108.86656951904295,44.58068084716797,227.7930145263672,34.630001068115234,284.4349670410156,81.87873840332031,55.33981323242188,15.20850944519043,42.74314880371094,51.746952056884766,40.26708221435547,132.71205139160156,66.9800033569336,98.08000183105467,90.73348999023438,1378.1700439453125,182.3013916015625,96.76189422607422,617.9627685546875,3.984999895095825,4.228000164031982,90.7300033569336,147.0,4.427000045776367,4.9730000495910645,17.200000762939453,95.75,2.04,2.45,2.95,0.82,0.17,0.01,6661912.0,319889.0,217.841,-0.513,4.43,0.53,6124182.0,0.5994476169376872,2.0687407407407403,67.41282452881791,64.34948263497188,11.62360031271752,False,False,False,0.0612736167408276,-1.824057693031153,-0.5449866216751076,2.39,221000.0,61.7,,52.1,19.84000015258789,1941000.0,0.8669355156580439,,,,,,,,,,,,,,,calc_tnx_dfii10,,,,,,,,,,fred_backfill_s288,,fred_backfill_s288,,,,,,109625.0,9555.0,9600.0,-45.0,0.0135266634793725,37.4742461916466,,,,,,,0,12.822211265563965,btlong_seed_s288,btlong_seed_s288,0.0
2025-07-15,72.72917175292969,43.17742538452149,44.77140045166016,26.289751052856445,306.7300109863281,54.880001068115234,192.2421417236328,216.57061767578125,108.53483581542967,44.10473251342773,228.02186584472656,34.2599983215332,289.89794921875,81.30487823486328,54.785831451416016,15.008922576904297,42.1273307800293,50.86071014404297,39.8828010559082,130.32376098632812,66.5199966430664,98.62000274658205,90.37742614746094,1382.010009765625,179.77340698242188,96.77152252197266,615.3220825195312,4.050000190734863,4.23199987411499,88.94999694824219,143.72000122070312,4.488999843597412,5.01800012588501,17.3799991607666,94.66000366210938,2.09,2.48,2.95,0.81,0.17,0.08,6661912.0,319889.0,198.277,-0.513,4.5,0.55,6143746.0,0.6001383521097914,2.0688970588235294,67.40606068119858,64.38758606746279,10.053744147789368,False,False,False,0.0326592475550646,-1.642228561491205,-0.292398477879491,2.4,221000.0,61.7,,52.1,20.059999465942383,1941000.0,0.8664007788372152,,,,,,,,,,,,,,,calc_tnx_dfii10,,,,,,,,,,fred_backfill_s288,,fred_backfill_s288,,,,,,110475.0,9564.0,9635.0,-71.0,0.0135266634793725,37.4742461916466,,,,,,,0,12.79333209991455,btlong_seed_s288,btlong_seed_s288,0.0
2025-07-16,72.94798278808594,43.13847732543945,44.38982391357422,26.385454177856445,308.260009765625,55.27000045776367,193.446029663086,218.74801635742188,111.63750457763672,44.21380615234375,228.27061462402344,34.40999984741211,288.3826599121094,81.41964721679688,55.04824447631836,15.37815761566162,41.763668060302734,51.21520233154297,39.90225982666016,131.9454345703125,66.37999725341797,98.38999938964844,90.62762451171876,1386.449951171875,180.4745330810547,96.8004150390625,617.3792114257812,3.984999895095825,4.224999904632568,89.5199966430664,146.7100067138672,4.454999923706055,5.013999938964844,17.15999984741211,95.55999755859376,2.05,2.49,3.0,0.81,0.17,0.05,6659273.0,296247.0,197.086,-0.513,4.46,0.58,6165940.0,3.965648505857122,2.068759124087592,67.39834591858369,64.45844808118096,9.801325419000516,False,False,False,0.0409754271374478,-1.561283577490564,-0.3670760135295445,2.4,221000.0,61.7,,52.1,20.09000015258789,1941000.0,0.8541562825822899,,,,,,,,,,,,,,,calc_tnx_dfii10,,,,,,,,,,fred_backfill_s288,,fred_backfill_s288,,,,,,121000.0,9563.0,9615.5,-52.5,0.0135266634793725,37.4742461916466,,,,,,,0,12.822211265563965,btlong_seed_s288,btlong_seed_s288,0.0
2025-07-17,73.6541976928711,42.86581802368164,45.06492233276367,26.50029754638672,307.5899963378906,55.0099983215332,194.8687896728516,221.61817932128903,112.7205047607422,44.99714279174805,230.0914459228516,34.650001525878906,290.8051147460937,81.40052795410156,55.174591064453125,15.63762092590332,42.02065658569336,51.70756149291992,40.067649841308594,130.44171142578125,67.54000091552734,98.7300033569336,90.59877014160156,1384.9200439453125,181.9458923339844,96.81004333496094,621.1573486328125,4.00600004196167,4.235000133514404,85.56999969482422,151.1199951171875,4.4629998207092285,5.013999938964844,16.520000457763672,92.9000015258789,2.04,2.53,2.91,0.8,0.17,0.06,6659273.0,296247.0,193.66,-0.513,4.47,0.56,6169366.0,3.9649948197271634,2.068550724637681,67.39940304542655,64.5403446329051,8.974797019920832,False,False,False,,-1.653869080238068,,2.42,221000.0,61.7,,52.1,19.690000534057617,1941000.0,0.8390045713401163,,,,,,,,,,,,,,,calc_tnx_dfii10,,,,,,,,,,fred_backfill_s288,,fred_backfill_s288,,,,,,122150.0,9586.0,9621.0,-35.0,0.0135266634793725,37.4742461916466,,,,,,,0,12.90884780883789,btlong_seed_s288,btlong_seed_s288,0.0
2025-07-18,73.81334686279297,42.7197494506836,45.29973220825195,25.696388244628903,308.3900146484375,54.5,195.1175231933593,220.04454040527344,114.28160095214844,45.04671859741211,229.89244079589844,34.61000061035156,289.40948486328125,81.52486419677734,55.04824447631836,15.547806739807127,41.68123245239258,51.73711013793945,40.73892593383789,129.57679748535156,67.33999633789062,98.4800033569336,90.84898376464844,1391.5799560546875,181.87677001953125,96.8389129638672,620.7024536132812,3.961999893188477,4.230000019073486,83.29000091552734,150.4499969482422,4.432000160217285,5.000999927520752,16.40999984741211,93.1500015258789,2.03,2.5,2.93,0.8,0.17,0.04,6659273.0,296247.0,199.298,-0.518,4.44,0.56,6163728.0,3.964291448986024,2.068273381294964,67.3989629957411,64.6148273204935,8.487826082673777,False,False,False,0.0637308976158355,-1.5207055100240243,-0.5678697515950706,2.4,221000.0,61.7,,52.1,19.57999992370605,1941000.0,0.8381000976176749,,,,,,,,,,,,,,,calc_tnx_dfii10,,,,,,,,,,fred_backfill_s288,,fred_backfill_s288,,,,,,122175.0,9667.0,9720.5,-53.5,0.0135266634793725,37.4742461916466,,,,,,,0,12.94735336303711,btlong_seed_s288,btlong_seed_s288,0.0
2025-07-21,74.29077911376953,43.703269958496094,45.33887100219727,25.916507720947266,313.1300048828125,54.75,193.66490173339844,219.1537628173828,111.94972229003906,44.75916290283203,231.0565795898437,35.349998474121094,289.6088562011719,82.25173950195312,55.40784454345703,15.318282127380373,41.24967575073242,51.589393615722656,40.870262145996094,128.8396759033203,67.19999694824219,97.8499984741211,91.16658020019533,1390.5699462890625,181.2546539306641,96.84852600097656,621.87939453125,3.9079999923706055,4.2230000495910645,86.62000274658203,154.8300018310547,4.372000217437744,4.936999797821045,16.649999618530273,92.26000213623048,1.98,2.49,2.89,0.8,0.17,-0.03,6659273.0,296247.0,213.666,-0.518,4.38,0.53,6149360.0,3.964984661041804,2.067642857142857,67.39750001009773,64.7036203844794,10.822260716217013,False,False,False,0.0654905327011874,-1.561550808311461,-0.5801146169642291,2.39,218000.0,61.7,,52.1,19.51000022888184,1936000.0,0.8534084788929047,,,,,,,,,,,,,,,calc_tnx_dfii10,,,,,,,,,,fred_backfill_s288,,fred_backfill_s288,,,,,,122075.0,9773.5,9845.0,-71.5,0.0135266634793725,37.4742461916466,,,,,,,0,12.90884780883789,btlong_seed_s288,btlong_seed_s288,0.0
2025-07-22,73.70391845703125,44.89128112792969,45.64217376708984,25.839942932128903,316.1000061035156,54.61000061035156,191.20741271972656,220.9748687744141,112.44731903076172,45.17562103271485,229.89244079589844,35.720001220703125,284.4848022460937,82.74906158447266,55.670257568359375,15.787310600280762,41.44363784790039,51.87496948242188,41.37129974365234,131.23779296875,66.20999908447266,97.38999938964844,91.42642211914062,1381.8199462890625,183.56539916992188,96.8677978515625,621.9684448242188,3.875999927520752,4.230000019073486,89.88999938964844,153.44000244140625,4.335999965667725,4.901999950408936,16.5,90.58000183105467,1.96,2.47,2.9,0.81,0.17,-0.06,6659273.0,296247.0,196.374,-0.518,4.35,0.52,6166652.0,3.965418187167513,2.0668794326241136,67.38883212012966,64.80344798647124,13.634549426251771,False,False,False,0.0610287702251512,-1.5183033431445776,-0.5400670207558491,2.38,218000.0,61.7,,52.1,19.530000686645508,1936000.0,0.8448540409567213,,,,,,,,,,,,,,,calc_tnx_dfii10,,,,,,,,,,fred_backfill_s288,,fred_backfill_s288,,,,,,124850.0,9818.5,9877.0,-58.5,0.0135266634793725,37.4742461916466,,,,,,,0,12.899221420288086,btlong_seed_s288,btlong_seed_s288,0.0
2025-07-23,74.02220916748047,45.28079605102539,46.41510391235352,26.2993221282959,312.17999267578125,54.72999954223633,195.89358520507807,224.34982299804688,114.98409271240234,45.76064682006836,230.9371795654297,35.689998626708984,285.720947265625,82.29000854492188,56.85597229003906,15.966938972473145,42.09339141845703,52.28854751586914,41.05997848510742,133.93075561523438,65.25,97.20999908447266,91.09921264648438,1379.780029296875,185.08612060546875,96.8774185180664,627.259765625,3.934000015258789,4.239999771118164,85.94999694824219,159.2899932861328,4.388000011444092,4.948999881744385,15.369999885559082,88.04000091552734,2.03,2.44,2.83,0.79,0.17,-0.01,6657715.0,323176.0,189.632,-0.518,4.4,0.52,6144907.0,3.61612381185672,2.066619718309859,67.37333333665046,64.92482731260102,14.439000870059736,False,False,False,0.0636630067054861,-1.6518287021384326,-0.5568595609909526,2.36,218000.0,61.7,,52.1,18.559999465942383,1936000.0,0.8281250176630148,,,,,,,,,,,,,,,calc_tnx_dfii10,,,,,,,,,,fred_backfill_s288,,fred_backfill_s288,,,,,,124825.0,9862.0,9920.0,-58.0,0.0135266634793725,37.4742461916466,,,,,,,0,12.870342254638672,btlong_seed_s288,btlong_seed_s288,0.0
2025-07-24,73.98242950439453,44.511505126953125,46.5031623840332,25.96435737609864,310.2699890136719,54.060001373291016,195.8438415527344,221.2519989013672,117.60867309570312,45.711063385009766,231.4247131347656,35.4900016784668,286.9072570800781,82.14653015136719,56.457496643066406,15.966938972473145,42.39402389526367,52.259010314941406,41.0064697265625,133.42950439453125,66.02999877929688,97.37999725341795,90.9644775390625,1373.719970703125,184.49365234375,96.88705444335938,627.4674072265625,3.970999956130981,4.244999885559082,82.75,159.41000366210938,4.4079999923706055,4.948999881744385,15.390000343322754,89.75,1.98,2.5,2.82,0.79,0.17,0.01,6657715.0,323176.0,132.186,-0.518,4.43,0.52,6202353.0,3.615483021135368,2.066013986013986,67.36366905925942,65.04189622813257,12.344426992652105,False,False,False,0.0525135447935454,-1.5915787411606863,-0.4590976668239541,2.43,218000.0,61.7,,52.1,18.559999465942383,1936000.0,0.8292026285649102,,,,,,,,,,,,,,,calc_tnx_dfii10,,,,,,,,,,fred_backfill_s288,,fred_backfill_s288,,,,,,124775.0,9861.0,9912.0,-51.0,0.0135266634793725,37.4742461916466,,,,,,,0,12.85109043121338,btlong_seed_s288,btlong_seed_s288,0.0
2025-07-25,74.26094055175781,44.03435516357422,46.56186676025391,25.78252220153809,307.3999938964844,53.79999923706055,197.2666015625,222.07345581054688,118.00869750976562,46.46465301513672,231.97198486328125,34.65999984741211,286.59820556640625,82.66300201416016,56.389461517333984,16.43596649169922,42.2340087890625,52.623348236083984,41.11347961425781,134.13714599609375,65.16000366210938,97.6500015258789,91.17620086669922,1372.0,185.3823699951172,96.90631103515624,630.1181030273438,3.95199990272522,4.244999885559082,82.08999633789062,145.57000732421875,4.386000156402588,4.928999900817871,14.93000030517578,90.58999633789062,1.96,2.47,2.84,0.78,0.17,-0.02,6657715.0,323176.0,150.509,-0.522,4.4,0.49,6184030.0,3.6150227784376376,2.0652777777777778,67.34792859213692,65.16034455134951,11.022706222709754,False,False,False,0.0411769989852337,-1.2998685514538322,-0.3651993448488575,2.43,218000.0,61.7,,52.1,18.31999969482422,1936000.0,0.8149563621113932,,,,,,,,,,,,,,,calc_tnx_dfii10,,,,,,,,,,fred_backfill_s288,,fred_backfill_s288,,,,,,128475.0,9788.0,9840.0,-52.0,0.0135266634793725,37.4742461916466,,,,,,,0,12.72594928741455,btlong_seed_s288,btlong_seed_s288,0.0
2025-07-28,73.91280364990234,43.489036560058594,46.17050552368164,25.38056755065918,305.4100036621094,53.22999954223633,197.0476989746093,221.81613159179688,115.6182861328125,46.26634216308594,232.7182006835937,34.63999938964844,290.5060729980469,82.12739562988281,55.55363464355469,16.74532699584961,42.71405029296875,52.259010314941406,40.67569351196289,132.96759033203125,66.70999908447266,98.66000366210938,90.97410583496094,1382.780029296875,184.2862548828125,96.93518829345705,629.9598999023438,3.9769999980926514,4.235000133514404,83.7300033569336,147.64999389648438,4.420000076293945,4.964000225067139,15.029999732971191,88.58999633789062,1.98,2.47,2.82,0.78,0.17,0.02,6657715.0,323176.0,170.463,-0.522,4.42,0.51,6164076.0,3.614303304581679,2.0646896551724137,67.34340426938753,65.32551693094187,9.561641352436467,False,False,False,0.0537705471092304,-1.3598550455860243,-0.4740780392291555,2.44,219000.0,61.7,,52.1,18.15999984741211,1963000.0,0.8276431640561408,,,,,,,,,,,,,,,calc_tnx_dfii10,,,,,,,,,,fred_backfill_s288,,fred_backfill_s288,,,,,,127400.0,9783.0,9835.0,-52.0,0.0135266634793725,37.4742461916466,,,,,,,0,12.860715866088867,btlong_seed_s288,btlong_seed_s288,0.0
2025-07-29,74.07195281982422,43.03135681152344,46.18029022216797,25.610258102416992,306.25,53.4900016784668,196.2318572998047,220.4008331298828,113.4522705078125,45.97878646850586,232.3699645996093,34.65999984741211,291.9914245605469,83.51420593261719,55.53419494628906,15.867145538330078,43.13105392456055,51.99313735961914,41.14267349243164,132.12234497070312,69.20999908447266,98.91000366210938,91.57079315185548,1388.2900390625,184.1973876953125,96.93518829345705,628.29833984375,3.9059998989105225,4.230000019073486,85.06999969482422,149.1199951171875,4.329999923706055,4.870999813079834,15.979999542236328,95.13999938964844,1.91,2.48,2.86,0.79,0.17,-0.06,6657715.0,323176.0,171.018,-0.522,4.34,0.48,6163521.0,3.614381817068546,2.0636301369863017,67.35654930329659,65.49999967114678,8.347918056709025,False,False,False,0.063462484427351,-1.2872429113815718,-0.5607439683046458,2.42,219000.0,61.7,,52.1,18.770000457763672,1963000.0,0.8513585057280412,,,,,,,,,,,,,,,calc_tnx_dfii10,,,,,,,,,,fred_backfill_s288,,fred_backfill_s288,,,,,,127625.0,9733.5,9785.0,-51.5,0.0135266634793725,37.4742461916466,,,,,,,0,13.02436351776123,btlong_seed_s288,btlong_seed_s288,0.0
2025-07-30,73.3160171508789,41.7849235534668,45.18232727050781,25.72509765625,300.9599914550781,52.70000076293945,197.6347198486328,219.28244018554688,113.10102081298828,45.68132019042969,232.628662109375,33.5099983215332,295.3410339355469,83.08381652832031,55.11627578735352,15.996877670288086,42.51524353027344,51.8946647644043,41.44912338256836,131.88645935058594,70.0,99.94000244140624,91.2531967163086,1388.8599853515625,183.0025177001953,96.9544448852539,627.507080078125,3.964999914169312,4.23199987411499,81.87999725341797,154.0800018310547,4.375999927520752,4.910999774932861,15.479999542236328,94.33000183105467,1.96,2.48,2.89,0.78,0.17,-0.03,6642578.0,370507.0,155.481,-0.522,4.38,0.44,6116590.0,2.3650760422706085,2.062925170068027,67.37503497250431,65.70568933158086,5.150818527132084,False,False,False,0.0358916001366533,-0.9756595491741772,-0.3223496332882565,2.42,219000.0,61.7,,52.1,18.350000381469727,1963000.0,0.8435966877618382,,,,,,,,,,,,,,,calc_tnx_dfii10,,,,,,,,,,fred_backfill_s288,,fred_backfill_s288,,,,,,136850.0,9699.5,9737.0,-37.5,0.0135266634793725,37.4742461916466,,,,,,,0,12.995484352111816,btlong_seed_s288,btlong_seed_s288,0.0
2025-07-31,72.30146026611328,41.92124938964844,45.78893280029297,25.40927696228028,302.9599914550781,52.63999938964844,195.6050567626953,217.1347503662109,111.81312561035156,45.30452346801758,231.40484619140625,33.31999969482422,287.8842163085937,83.13164520263672,54.64004898071289,15.97691822052002,42.28734588623047,51.56969833374024,41.672882080078125,128.1909942626953,69.26000213623047,100.02999877929688,91.33018493652344,1392.52001953125,181.33364868164065,96.96407318115234,625.1531372070312,3.9600000381469727,4.235000133514404,79.83999633789062,152.2899932861328,4.360000133514404,4.886000156402588,16.719999313354492,98.37000274658205,1.98,2.46,2.86,0.79,0.17,-0.04,6642578.0,370507.0,214.445,-0.522,4.37,0.43,6057626.0,2.363861554860436,2.062364864864865,67.3881250222524,65.86689626759497,5.440113425048265,False,False,False,0.008049140020071,-0.7209370795942226,-0.0731862969398609,2.38,219000.0,61.7,,52.1,19.13999938964844,1963000.0,0.8735632103727878,,,,,,,,,,,,,,,calc_tnx_dfii10,,,,,,,,,,fred_backfill_s288,,fred_backfill_s288,,,,,,138200.0,9606.0,9655.0,-49.0,0.0135266634793725,37.4742461916466,,,,,,,0,12.870342254638672,btlong_seed_s288,btlong_seed_s288,0.0
2025-08-01,71.14765930175781,41.62911987304688,45.05513381958008,25.50498008728028,309.1099853515625,52.720001220703125,194.7891998291016,212.7107086181641,109.32514190673828,44.6302604675293,226.87762451171875,33.59000015258789,283.0692138671875,84.31348419189453,54.44567108154297,15.917041778564451,41.50182342529297,50.614532470703125,41.736122131347656,128.87899780273438,67.33000183105469,98.69000244140624,92.38164520263672,1391.510009765625,179.28953552246094,96.99497985839844,614.9066162109375,3.7709999084472656,4.182000160217285,83.83000183105469,155.49000549316406,4.21999979019165,4.807000160217285,20.3799991607666,109.79000091552734,1.9,2.38,3.13,0.82,0.13,-0.12,6642578.0,370507.0,97.426,-0.525,4.23,0.54,6174645.0,2.365813273581807,2.061275167785235,67.38772417265794,65.97568939472067,4.685433624009261,False,False,False,,-0.4618771283587117,,2.32,219000.0,58.2,,52.6,21.239999771118164,1963000.0,0.9595103286431773,,,,,,,,,,,,,,,calc_tnx_dfii10,,,,,,,,,,fred_backfill_s288,,fred_backfill_s288,,,,,,141750.0,9535.5,9594.0,-58.5,0.0150062907357512,37.8461450448818,,,,,,,0,12.668190956115724,btlong_seed_s288,btlong_seed_s288,1.0
2025-08-04,72.4705581665039,42.31076049804688,46.04331588745117,25.772953033447266,310.9100036621094,52.47999954223633,196.90841674804688,217.4712677001953,113.56935119628906,45.016971588134766,231.0565795898437,33.97999954223633,289.28985595703125,84.54390716552734,55.2037467956543,16.545740127563477,41.40969467163086,51.116737365722656,42.47550201416016,130.72671508789062,66.29000091552734,98.77999877929688,92.50717163085938,1390.1800537109375,181.4817810058593,97.01431274414062,624.2531127929688,3.743000030517578,4.152999877929688,87.94999694824219,159.30999755859375,4.199999809265137,4.796999931335449,17.520000457763672,95.8499984741211,1.85,2.41,3.02,0.82,0.13,-0.13,6642578.0,370507.0,125.73,-0.525,4.22,0.53,6146341.0,2.36543874864783,2.0598666666666667,67.38020552021183,66.0505169835584,6.354479778161815,False,False,False,0.0048789816032934,-0.5497816814330115,-0.0446416777099081,2.35,226000.0,58.2,,52.6,19.61000061035156,1942000.0,0.8934217191464728,,,,,,,,,,,,,,,calc_tnx_dfii10,,,,,,,,,,fred_backfill_s288,,fred_backfill_s288,,,,,,139575.0,9622.5,9687.0,-64.5,0.0150062907357512,37.8461450448818,,,,,,,0,12.629685401916504,btlong_seed_s288,btlong_seed_s288,0.0
2025-08-05,71.56542205810547,42.729488372802734,46.268348693847656,25.85908508300781,311.1600036621094,52.40999984741211,196.540283203125,218.57974243164065,116.57445526123048,45.155792236328125,229.4447021484375,34.349998474121094,286.2094421386719,84.80313873291016,55.30094146728516,16.635555267333984,41.46303176879883,50.909942626953125,42.02311325073242,130.22547912597656,65.16000366210938,98.77999877929688,92.43958282470705,1383.5899658203125,180.9781646728516,97.02397918701172,621.088134765625,3.76200008392334,4.150000095367432,89.19999694824219,149.91000366210938,4.196000099182129,4.769000053405762,17.850000381469727,97.6500015258789,1.86,2.41,2.98,0.82,0.13,-0.12,6642578.0,370507.0,84.356,-0.525,4.22,0.5,6187715.0,2.3660590366042067,2.058543046357616,67.36510210621114,66.07620673344053,7.339061264803526,False,False,False,0.0086285379038482,-0.72269664308799,-0.0781617468711921,2.34,226000.0,58.2,,52.6,20.030000686645508,1942000.0,0.8911632436124058,,,,,,,,,,,,,,,calc_tnx_dfii10,,,,,,,,,,fred_backfill_s288,,fred_backfill_s288,,,,,,153850.0,9576.5,9643.0,-66.5,0.0150062907357512,37.8461450448818,,,,,,,0,12.523797035217283,btlong_seed_s288,btlong_seed_s288,0.0
2025-08-06,72.64959716796875,43.1092643737793,46.90430450439453,26.27061080932617,310.5,52.2599983215332,196.41094970703125,218.292724609375,117.60867309570312,44.89798355102539,232.3500518798828,34.349998474121094,285.7309265136719,84.31348419189453,55.72857666015625,17.0546875,41.0799674987793,51.15612030029297,41.6485595703125,128.26963806152344,64.3499984741211,98.18000030517578,92.37200164794922,1386.5799560546875,180.5732879638672,97.03363037109376,625.845458984375,3.763999938964844,4.132999897003174,83.88999938964844,149.7100067138672,4.21999979019165,4.810999870300293,16.770000457763672,97.80999755859376,1.88,2.4,2.98,0.81,0.13,-0.1,6640843.0,421043.0,91.966,-0.525,4.22,0.53,6127834.0,1.3434182641211656,2.057368421052632,67.34472978437269,66.09689633599643,8.222327782296501,False,False,False,0.024214234756563,-0.7372326448177678,-0.2188797736796743,2.34,226000.0,58.2,,52.6,19.46999931335449,1942000.0,0.8613251694498579,,,,,,,,,,,,,,,calc_tnx_dfii10,,,,,,,,,,fred_backfill_s288,,fred_backfill_s288,,,,,,156125.0,9604.5,9670.5,-66.0,0.0150062907357512,37.8461450448818,,,,,,,0,12.494916915893556,btlong_seed_s288,btlong_seed_s288,0.0
2025-08-07,70.80948638916016,43.96619415283203,46.65970230102539,26.84482955932617,313.1199951171875,52.52999877929688,195.96324157714844,217.5801239013672,116.39883422851562,45.1855354309082,233.1759185791016,34.7599983215332,290.2169494628906,84.16947937011719,56.127052307128906,16.76528549194336,40.91995620727539,50.58498764038086,42.10094833374024,126.7953872680664,63.880001068115234,98.4000015258789,92.30440521240234,1384.3900146484375,180.4646453857422,97.03363037109376,625.3212280273438,3.7899999618530273,4.138000011444092,80.1500015258789,147.02999877929688,4.24399995803833,4.815999984741211,16.56999969482422,97.37000274658205,1.88,2.41,2.95,0.8,0.13,-0.09,6640843.0,421043.0,77.961,-0.525,4.23,0.51,6141839.0,1.3427285523766708,2.0562091503267976,67.32147657151191,66.13586189006936,10.252865936810608,False,False,False,0.0071644123039262,-0.779545471909472,-0.0645374238764926,2.36,226000.0,58.2,,52.6,19.350000381469727,1942000.0,0.8563307167007739,,,,,,,,,,,,,,,calc_tnx_dfii10,,,,,,,,,,fred_backfill_s288,,fred_backfill_s288,,,,,,156000.0,9636.5,9702.0,-65.5,0.0150062907357512,37.8461450448818,,,,,,,0,12.523797035217283,btlong_seed_s288,btlong_seed_s288,0.0
2025-08-08,70.73986053466797,45.027610778808594,46.42489242553711,26.615140914916992,313.04998779296875,52.119998931884766,195.455810546875,218.0552215576172,115.14995574951172,45.364017486572266,235.3350372314453,34.880001068115234,292.6194763183594,83.80465698242188,56.389461517333984,17.144500732421875,41.18179702758789,51.05765151977539,41.92096328735352,127.92564392089844,63.880001068115234,98.18000030517578,92.09197998046876,1384.969970703125,180.79054260253903,97.08193969726562,630.1972045898438,3.829999923706055,4.132999897003174,79.19999694824219,147.52999877929688,4.284999847412109,4.855000019073486,15.149999618530272,93.13999938964844,1.88,2.46,2.94,0.8,0.13,-0.05,6640843.0,421043.0,80.303,-0.527,4.27,0.51,6139497.0,1.3431422271809046,2.055064935064935,67.29853340148925,66.15982739678745,12.78872248270284,False,False,False,-0.0167184294174704,-0.8267485357710949,0.1500488522014702,2.4,226000.0,58.2,,52.6,18.700000762939453,1942000.0,0.8101603743543828,,,,,,,,,,,,,,,calc_tnx_dfii10,,,,,,,,,,fred_backfill_s288,,fred_backfill_s288,,,,,,155850.0,9627.0,9702.0,-75.0,0.0150062907357512,37.8461450448818,,,,,,,0,12.504544258117676,btlong_seed_s288,btlong_seed_s288,0.0
2025-08-11,70.4712905883789,44.30701446533203,46.1900749206543,26.45244598388672,308.54998779296875,52.27000045776367,195.26675415039065,218.0057067871093,114.5157699584961,45.11612701416016,234.6484832763672,34.18000030517578,292.4898681640625,83.9006576538086,56.16592788696289,17.234315872192383,40.85206985473633,51.03795623779297,41.78963088989258,128.05340576171875,63.959999084472656,98.5199966430664,92.12096405029295,1387.81005859375,180.2967987060547,97.09159088134766,628.9510498046875,3.822999954223633,4.14300012588501,81.76000213623047,148.5500030517578,4.2729997634887695,4.841000080108643,16.25,97.08999633789062,1.87,2.46,2.94,0.8,0.13,-0.07,6640843.0,421043.0,82.214,-0.527,4.27,0.51,6137586.0,1.3438313452060369,2.053870967741936,67.27642390270107,66.18172395640406,10.834784444813872,False,False,False,-0.0147218443596799,-0.6787236086312962,0.1328971578967888,2.4,224000.0,58.2,,52.6,19.25,1957000.0,0.8441558441558441,,,,,,,,,,,,,,,calc_tnx_dfii10,,,,,,,,,,fred_backfill_s288,,fred_backfill_s288,,,,,,155700.0,9643.5,9725.0,-81.5,0.0150062907357512,37.8461450448818,,,,,,,0,12.552675247192385,btlong_seed_s288,btlong_seed_s288,0.0
2025-08-12,71.9135513305664,45.27105712890625,46.72819137573242,27.17022132873535,308.2699890136719,52.470001220703125,197.2367401123047,224.4784698486328,116.29150390625,46.21676254272461,237.58370971679688,34.40999984741211,299.1690979003906,83.47822570800781,56.79765701293945,17.403963088989258,41.05087661743164,51.6583251953125,41.969608306884766,128.93797302246094,63.16999816894531,98.0999984741211,92.10163879394533,1389.7900390625,182.5877685546875,97.09159088134766,635.6468505859375,3.822000026702881,4.130000114440918,77.41999816894531,151.4499969482422,4.293000221252441,4.885000228881836,14.729999542236328,92.86000061035156,1.91,2.43,2.93,0.79,0.13,-0.04,6640843.0,421043.0,57.492,-0.527,4.29,0.57,6162308.0,1.343501257287505,2.052948717948718,67.24940794392636,66.19224114253603,13.069214299109632,False,False,False,-0.0006390933144407,-0.8173676667724582,0.005725466140511,2.38,224000.0,58.2,,52.6,18.34000015258789,1957000.0,0.8031624547264702,,,,,,,,,,,,,,,calc_tnx_dfii10,,,,,,,,,,fred_backfill_s288,,fred_backfill_s288,,,,,,155000.0,9661.5,9754.0,-92.5,0.0150062907357512,37.8461450448818,,,,,,,0,12.504544258117676,btlong_seed_s288,btlong_seed_s288,0.0
2025-08-13,72.4506607055664,46.0208625793457,48.20557022094727,26.96924591064453,309.2099914550781,52.709999084472656,195.81398010253903,228.84315490722656,113.53032684326172,46.71254348754883,237.7130584716797,35.0,300.345458984375,84.16947937011719,57.0600700378418,17.423921585083008,41.52606964111328,51.95374298095703,42.06203079223633,131.00189208984375,62.650001525878906,97.83999633789062,92.42992401123048,1383.0899658203125,185.1947479248047,97.11093139648438,637.8228149414062,3.7699999809265137,4.110000133514404,77.30999755859375,153.1300048828125,4.23799991607666,4.828000068664551,14.489999771118164,98.16999816894533,1.87,2.42,2.9,0.78,0.13,-0.05,6643615.0,504304.0,57.202,-0.527,4.24,0.57,6082109.0,-0.7477865766139513,2.0517834394904457,67.21934646406984,66.21086186376111,14.74289786280858,False,False,False,0.0140212184373851,-1.0942742887656074,-0.1238714523775339,2.37,224000.0,58.2,,52.6,18.32999992370605,1957000.0,0.7905073557790012,,,,,,,,,,,,,,,calc_tnx_dfii10,,,,,,,,,,fred_backfill_s288,,fred_backfill_s288,,,,,,155875.0,9746.5,9835.0,-88.5,0.0150062907357512,37.8461450448818,,,,,,,0,12.475665092468262,btlong_seed_s288,btlong_seed_s288,0.0
2025-08-14,71.34659576416016,45.28079605102539,47.148902893066406,26.69170379638672,307.25,52.40999984741211,194.9981384277344,225.893783569336,113.14005279541016,46.04819488525391,237.4991455078125,34.5,300.98345947265625,83.5454330444336,56.96288299560547,17.723302841186523,41.48727416992188,52.19992446899414,41.77017211914063,131.66041564941406,63.959999084472656,98.25,92.13060760498048,1378.780029296875,183.9900054931641,97.12059020996094,637.882080078125,3.821000099182129,4.111999988555908,76.7699966430664,150.6199951171875,4.293000221252441,4.882999897003174,14.829999923706056,98.04000091552734,1.9,2.43,2.89,0.77,0.13,-0.01,6643615.0,504304.0,28.818,-0.527,4.29,0.55,6110493.0,-0.7471637713647228,2.0508227848101264,67.19818187069583,66.25844804171858,12.726558637103146,False,False,False,-0.003227259803056,-0.8916575739127873,0.0287413209996802,2.39,224000.0,58.2,,52.6,18.489999771118164,1957000.0,0.802055170756188,,,,,,,,,,,,,,,calc_tnx_dfii10,,,,,,,,,,fred_backfill_s288,,fred_backfill_s288,,,,,,155850.0,9665.5,9756.0,-90.5,0.0150062907357512,37.8461450448818,,,,,,,0,12.523797035217283,btlong_seed_s288,btlong_seed_s288,0.0
2025-08-15,71.59526062011719,45.91375350952149,47.97075271606445,26.98838806152344,307.42999267578125,52.709999084472656,194.09274291992188,224.7952117919922,112.94491577148438,45.63174057006836,236.4593811035156,34.5,294.73291015625,82.95018768310547,57.215576171875,17.673404693603516,41.48727416992188,51.6583251953125,41.6485595703125,133.87179565429688,62.79999923706055,97.8499984741211,91.9471664428711,1387.8699951171875,183.5357666015625,97.14958953857422,636.388671875,3.8450000286102295,4.111999988555908,76.66000366210938,153.7899932861328,4.328000068664551,4.926000118255615,15.09000015258789,97.8499984741211,1.95,2.42,2.88,0.75,0.13,0.03,6643615.0,504304.0,33.757,-0.529,4.33,0.58,6105554.0,-0.7475352874589447,2.050188679245283,67.16980649886592,66.2803446013352,14.097290649599104,False,False,False,-6.548109112913814e-05,-0.8616014794281442,0.0005835029381522,2.38,224000.0,58.2,,52.6,18.63999938964844,1957000.0,0.8095493909172545,,,,,,,,,,,,,,,calc_tnx_dfii10,,,,,,,,,,fred_backfill_s288,,fred_backfill_s288,,,,,,155800.0,9621.0,9735.0,-114.0,0.0150062907357512,37.8461450448818,,,,,,,0,12.485291481018066,btlong_seed_s288,btlong_seed_s288,0.0
2025-08-18,71.76435089111328,45.44633483886719,48.62628173828125,27.074520111083984,306.95001220703125,53.5,194.9384307861328,225.61666870117188,112.84735107421876,45.75072860717773,236.3797912597656,34.54999923706055,295.93914794921875,82.71017456054688,57.157264709472656,17.803136825561523,41.23998641967773,51.697715759277344,41.46857833862305,133.55728149414062,63.41999816894531,98.16999816894533,91.86026000976562,1387.97998046875,183.49627685546875,97.17855834960938,636.2501220703125,3.8550000190734863,4.123000144958496,81.81999969482422,153.9499969482422,4.341000080108643,4.941999912261963,14.989999771118164,96.62999725341795,1.96,2.42,2.88,0.75,0.13,0.01,6643615.0,504304.0,38.24,-0.529,4.34,0.57,6101071.0,-0.7476077632214362,2.049625,67.14576926598183,66.23186415332859,12.733831930215976,False,False,False,-0.0029529048939439,-0.9200013454488114,0.026234275347539,2.38,233000.0,58.2,,52.6,18.450000762939453,1942000.0,0.8124660786588476,,,,,,,,,,,,,,,calc_tnx_dfii10,,,,,,,,,,fred_backfill_s288,,fred_backfill_s288,,,,,,155600.0,9626.5,9731.0,-104.5,0.0150062907357512,37.8461450448818,,,,,,,0,12.504544258117676,btlong_seed_s288,btlong_seed_s288,0.0
2025-08-19,71.36648559570312,44.87180709838867,47.921836853027344,26.184476852416992,305.2699890136719,53.650001525878906,192.2620544433593,223.88465881347656,107.30548095703124,45.91929626464844,233.18585205078125,33.869998931884766,289.9677429199219,83.19021606445312,57.0892333984375,17.863012313842773,41.2545280456543,51.79618835449219,41.87232208251953,134.41233825683594,62.34999847412109,98.2699966430664,92.09197998046876,1386.9100341796875,184.3553924560547,97.17855834960938,632.7984008789062,3.822000026702881,4.110000133514404,82.1500015258789,153.1699981689453,4.302000045776367,4.901999950408936,15.56999969482422,102.08999633789062,1.95,2.39,2.9,0.76,0.13,0.0,6643615.0,504304.0,22.344,-0.529,4.3,0.55,6116967.0,-0.7476199463074429,2.049006211180124,67.11522295520564,66.25660990052305,11.112821369343973,False,False,False,-0.0181523363028013,-0.5425493989771734,0.1636068402267376,2.35,233000.0,58.2,,52.6,18.89999961853028,1942000.0,0.8238095242900851,,,,,,,,,,,,,,,calc_tnx_dfii10,,,,,,,,,,fred_backfill_s288,,fred_backfill_s288,,,,,,155150.0,9621.5,9729.0,-107.5,0.0150062907357512,37.8461450448818,,,,,,,0,12.417906761169434,btlong_seed_s288,btlong_seed_s288,0.0
2025-08-20,71.51568603515625,45.05682373046875,48.54800796508789,26.50029754638672,308.3599853515625,53.79999923706055,193.32662963867188,223.0928649902344,106.0468521118164,45.48300552368164,231.8028259277344,34.43000030517578,288.06365966796875,83.37259674072266,57.235008239746094,17.6534481048584,41.59880065917969,52.06206130981445,41.91609954833984,135.1396484375,63.209999084472656,98.22000122070312,92.22716522216795,1391.3399658203125,184.18753051757807,97.1978759765625,631.1170043945312,3.809999942779541,4.114999771118164,80.75,144.55999755859375,4.296000003814697,4.90399980545044,15.6899995803833,98.5999984741211,1.94,2.4,2.94,0.77,0.13,-0.01,6618415.0,519534.0,34.999,-0.529,4.29,0.55,6063882.0,-1.7245031041442704,2.0483333333333333,67.09050634842885,66.27983022140245,11.369973157755474,False,False,False,-0.0233531694160067,-0.6910324141114077,0.2091543106361761,2.36,233000.0,58.2,,52.6,19.100000381469727,1942000.0,0.8214659302104145,,,,,,,,,,,,,,,calc_tnx_dfii10,,,,,,,,,,fred_backfill_s288,,fred_backfill_s288,,,,,,156350.0,9576.5,9675.5,-99.0,0.0150062907357512,37.8461450448818,,,,,,,0,12.543048858642578,btlong_seed_s288,btlong_seed_s288,0.0
2025-08-21,71.20733642578125,45.40738677978516,48.303409576416016,26.471586227416992,307.2900085449219,53.56999969482422,193.9733428955078,223.64712524414065,107.7738037109375,45.39376449584961,230.75808715820312,34.61000061035156,286.5682983398437,82.95978546142578,56.96288299560547,17.56363296508789,41.8848876953125,51.8946647644043,41.62910461425781,134.68753051757812,63.52000045776367,98.62000274658205,91.9568099975586,1396.9100341796875,183.545639038086,97.1978759765625,628.5851440429688,3.857000112533569,4.127999782562256,80.5199966430664,144.32000732421875,4.329999923706055,4.923999786376953,16.600000381469727,99.98999786376952,1.94,2.44,2.95,0.77,0.13,0.01,6618415.0,519534.0,25.358,-0.529,4.33,0.54,6073523.0,-1.7244741375153194,2.0476687116564416,67.06805033653787,66.32355906599659,12.09206597519974,False,False,False,-0.0153385897606496,-0.9246983279973822,0.1361859374601497,2.39,233000.0,58.2,,52.6,19.40999984741211,1942000.0,0.8552292896428315,,,,,,,,,,,,,,,calc_tnx_dfii10,,,,,,,,,,fred_backfill_s288,,fred_backfill_s288,,,,,,156350.0,9611.0,9695.0,-84.0,0.0150062907357512,37.8461450448818,,,,,,,0,12.639311790466309,btlong_seed_s288,btlong_seed_s288,0.0
2025-08-22,72.19204711914062,46.94595718383789,51.17989730834961,27.38076972961425,310.5799865722656,53.58000183105469,194.81903076171875,232.41604614257807,112.35951232910156,46.4844856262207,234.2902984619141,35.34000015258789,292.7291564941406,83.5742416381836,57.88618469238281,17.324129104614258,42.73829650878906,52.75136566162109,41.85286331176758,135.7981414794922,63.65999984741211,97.72000122070312,92.4685287475586,1399.6099853515625,187.1203765869141,97.23653411865234,638.2381591796875,3.759000062942505,4.0879998207092285,78.0999984741211,146.38999938964844,4.260000228881836,4.883999824523926,14.220000267028809,89.77999877929688,1.85,2.48,2.88,0.77,0.13,-0.01,6618415.0,519534.0,36.275,-0.53,4.26,0.58,6062606.0,-1.7222746627564955,2.0464634146341463,67.04675002098084,66.37220311568956,15.692635124898334,False,False,False,0.0091794033282976,-1.24566432266898,-0.0806717303377055,2.41,233000.0,58.2,,52.6,17.760000228881836,1942000.0,0.8006756803923811,,,,,,,,,,,,,,,calc_tnx_dfii10,,,,,,,,,,fred_backfill_s288,,fred_backfill_s288,,,,,,155975.0,9643.0,9726.0,-83.0,0.0150062907357512,37.8461450448818,,,,,,,0,12.668190956115724,btlong_seed_s288,btlong_seed_s288,0.0
2025-08-25,71.76435089111328,46.95569610595703,51.21902847290039,27.505186080932617,309.8299865722656,53.22999954223633,194.371322631836,229.971435546875,112.41805267333984,46.13743591308594,233.603744506836,35.02000045776367,293.00830078125,83.33422088623047,57.1669807434082,17.184417724609375,42.84982299804688,52.44610595703125,41.38102340698242,133.86196899414062,64.80000305175781,98.43000030517578,92.28508758544922,1382.8900146484375,185.68849182128903,97.255859375,635.4292602539062,3.785000085830689,4.0929999351501465,77.55999755859375,149.99000549316406,4.275000095367432,4.888000011444092,14.789999961853027,92.3000030517578,1.87,2.49,2.8,0.76,0.13,-0.01,6618415.0,519534.0,47.567,-0.53,4.28,0.55,6051314.0,-1.7253042144507291,2.04539393939394,67.03279507086144,66.41084722745217,15.51550556520449,False,False,False,-0.0034523215744739,-1.0276101784268037,0.0305434818126979,2.41,229000.0,58.2,,52.6,18.020000457763672,1937000.0,0.8207546940145031,,,,,,,,,,,,,,,calc_tnx_dfii10,,,,,,,,,,fred_backfill_s288,,fred_backfill_s288,,,,,,155975.0,9643.0,9726.0,-83.0,0.0150062907357512,37.8461450448818,,,,,,,0,12.72594928741455,btlong_seed_s288,btlong_seed_s288,0.0
2025-08-26,71.84391784667969,47.54970169067383,51.5321159362793,27.38076972961425,312.0799865722656,52.54999923706055,198.96792602539065,231.87168884277344,116.23296356201172,46.44482421875,234.578842163086,35.02000045776367,295.8294982910156,83.28619384765625,57.18642044067383,17.922887802124023,42.78193664550781,52.84983825683594,41.47344970703125,134.6973876953125,63.25,98.2300033569336,92.52648162841795,1389.050048828125,185.8168792724609,97.255859375,638.0897827148438,3.740000009536743,4.0879998207092285,79.36000061035156,156.52999877929688,4.257999897003174,4.908999919891357,14.619999885559082,91.6500015258789,1.84,2.5,2.78,0.78,0.13,-0.02,6618415.0,519534.0,28.574,-0.53,4.26,0.65,6070307.0,-1.7247236382609057,2.044156626506024,67.00944448400426,66.40813536563162,16.72749498503925,False,False,False,-0.0084884680407831,-0.772503663593078,0.0756448017578339,2.42,229000.0,58.2,,52.6,17.899999618530273,1937000.0,0.8167597875490623,,,,,,,,,,,,,,,calc_tnx_dfii10,,,,,,,,,,fred_backfill_s288,,fred_backfill_s288,,,,,,155000.0,9707.5,9797.0,-89.5,0.0150062907357512,37.8461450448818,,,,,,,0,12.639311790466309,btlong_seed_s288,btlong_seed_s288,0.0
2025-08-27,72.71922302246094,47.20887756347656,50.59285736083984,27.773155212402344,312.7099914550781,52.68000030517578,198.231689453125,233.51461791992188,113.94986724853516,46.46465301513672,234.9171600341797,34.9900016784668,296.7366638183594,83.19021606445312,57.118385314941406,17.982765197753906,43.26197814941406,52.95815658569336,41.48316955566406,134.61874389648438,64.1500015258789,98.2300033569336,92.70027160644533,1393.949951171875,186.48838806152344,97.26553344726562,639.543701171875,3.704999923706055,4.059999942779541,77.66000366210938,150.8800048828125,4.23799991607666,4.913000106811523,14.850000381469728,94.93000030517578,1.81,2.5,2.78,0.78,0.13,-0.02,6603384.0,589998.0,34.744,-0.53,4.24,0.65,5978642.0,-4.455483776772374,2.042754491017964,66.99190188916914,66.43016931566142,15.669244727519873,False,False,False,0.0049317449068881,-0.6663880986816577,-0.0440756168537355,2.43,229000.0,58.2,,52.6,17.940000534057617,1937000.0,0.8277591939464117,,,,,,,,,,,,,,,calc_tnx_dfii10,,,,,,,,,,fred_backfill_s288,,fred_backfill_s288,,,,,,156100.0,9682.0,9773.0,-91.0,0.0150062907357512,37.8461450448818,,,,,,,0,12.648938179016112,btlong_seed_s288,btlong_seed_s288,0.0
2025-08-28,73.5248794555664,47.65681838989258,52.48115921020508,28.22296142578125,315.0299987792969,52.540000915527344,199.14703369140625,233.791732788086,116.11588287353516,46.53406524658203,236.3897247314453,35.52000045776367,297.952880859375,83.73744201660156,57.35163497924805,18.28214454650879,43.591705322265625,53.02708435058594,41.1669921875,134.08799743652344,64.5999984741211,97.80999755859376,92.91267395019533,1392.75,186.3994903564453,97.27518463134766,641.8085327148438,3.696000099182129,4.072000026702881,77.55000305175781,152.5,4.206999778747559,4.874000072479248,14.43000030517578,92.02999877929688,1.81,2.49,2.75,0.79,0.13,-0.04,6603384.0,589998.0,31.966,-0.53,4.22,0.6,5981420.0,-4.455684883356836,2.041369047619048,66.97731711224812,66.45101676552983,16.539170266106986,False,False,False,0.0251828733995418,-0.944319466196056,-0.223349112445824,2.4,229000.0,58.2,,52.6,17.719999313354492,1937000.0,0.8143341345561318,,,,,,,,,,,,,,,calc_tnx_dfii10,,,,,,,,,,fred_backfill_s288,,fred_backfill_s288,,,,,,157950.0,9703.5,9790.0,-86.5,0.0150062907357512,37.8461450448818,,,,,,,0,12.73557472229004,btlong_seed_s288,btlong_seed_s288,0.0
2025-08-29,72.74905395507812,48.504005432128906,52.35396957397461,28.232532501220703,318.07000732421875,51.97999954223633,197.41583251953125,232.75254821777344,115.84269714355467,46.11760330200195,233.63360595703125,36.18999862670898,289.3895568847656,83.14219665527344,57.0600700378418,18.2522087097168,43.82929611206055,53.16495132446289,41.01619338989258,135.0708465576172,64.01000213623047,97.7699966430664,92.83543395996094,1384.4100341796875,186.26124572753903,97.3331527709961,637.9810180664062,3.6989998817443848,4.043000221252441,79.38999938964844,152.10000610351562,4.227000236511231,4.916999816894531,15.359999656677246,97.16999816894533,1.82,2.47,2.82,0.8,0.13,0.0,6603384.0,589998.0,77.898,-0.531,4.23,0.64,5935488.0,-4.45646694950158,2.040059171597633,66.95933338512074,66.44135575375314,18.37379248444904,False,False,False,0.047053508741748,-1.2657576679639233,-0.4135482298436059,2.41,229000.0,58.2,,52.6,18.350000381469727,1937000.0,0.8370571845975624,,,,,,,,,,,,,,,calc_tnx_dfii10,,,,,,,,,,fred_backfill_s288,,fred_backfill_s288,,,,,,158900.0,9805.0,9877.0,-72.0,0.0150062907357512,37.8461450448818,,,,,,,0,12.754827499389648,btlong_seed_s288,btlong_seed_s288,0.0
2025-09-01,72.74905395507812,48.504005432128906,52.35396957397461,28.232532501220703,318.07000732421875,51.97999954223633,197.41583251953125,232.75254821777344,115.84269714355467,46.11760330200195,233.63360595703125,36.18999862670898,289.3895568847656,83.14219665527344,57.0600700378418,18.2522087097168,43.82929611206055,53.16495132446289,41.01619338989258,135.0708465576172,,,92.83543395996094,1388.8399658203125,186.26124572753903,97.3331527709961,637.9810180664062,,,,,4.23,,,,1.82,2.47,2.84,0.81,0.23,0.0,6603384.0,589998.0,77.898,-0.531,4.23,0.64,5935488.0,-4.456011058517406,2.0387647058823526,66.95933338512074,66.4612066992398,,False,False,False,,,,2.41,236000.0,55.1,,52.6,18.350000381469727,1927000.0,,,,,,,,,,,,,,,,calc_tnx_dfii10,,,,,,,,,,fred_backfill_s288,,fred_backfill_s288,,,,,,158875.0,9804.5,9897.0,-92.5,0.0163261059617419,38.5803873253884,,,,,,,0,12.754827499389648,btlong_seed_s288,btlong_seed_s288,0.0
2025-09-02,71.94338989257812,48.83509063720703,51.17989730834961,27.75401306152344,325.5899963378906,52.34999847412109,197.49542236328125,231.4955902099609,115.55974578857422,45.73089599609375,231.6834411621093,37.150001525878906,285.59136962890625,82.52348327636719,56.5546875,18.102516174316406,43.892333984375,52.77106475830078,40.87999725341797,135.1986083984375,65.58999633789062,98.4000015258789,92.55838775634766,1392.93994140625,184.7898864746093,97.34284210205078,633.25341796875,3.743000030517578,4.0320000648498535,85.27999877929688,151.47999572753906,4.276999950408936,4.9710001945495605,17.170000076293945,103.87999725341795,1.87,2.48,2.92,0.82,0.23,0.08,6603384.0,589998.0,21.066,-0.531,4.28,0.62,5992320.0,-4.455056301819738,2.037777777777777,66.95108436676394,66.47172381960112,18.957679278216744,False,False,False,0.0335817417966393,-1.3094253652258625,-0.2943170589366222,2.41,236000.0,55.1,,52.6,19.3799991607666,1927000.0,0.8859649545833501,,,,,,,,,,,,,,,calc_tnx_dfii10,,,,,,,,,,fred_backfill_s288,,fred_backfill_s288,,,,,,158775.0,9773.5,9862.0,-88.5,0.0163261059617419,38.5803873253884,,,,,,,0,12.956979751586914,btlong_seed_s288,btlong_seed_s288,0.0
2025-09-03,71.81407165527344,49.6920166015625,50.6711311340332,27.744441986083984,328.1400146484375,52.619998931884766,195.9433135986328,231.2679443359375,116.59396362304688,45.52266693115234,233.4545135498047,37.34000015258789,285.54150390625,83.42938995361328,56.6810302734375,18.212289810180664,42.90800476074219,52.68243408203125,40.7778434753418,134.5597686767578,63.970001220703125,98.13999938964844,92.8780517578125,1394.5699462890625,184.5035095214844,97.35253143310548,636.6853637695312,3.684999942779541,4.01800012588501,89.66999816894531,150.22000122070312,4.210999965667725,4.892000198364258,16.350000381469727,99.62000274658205,1.82,2.46,2.88,0.81,0.23,0.04,6602071.0,597513.0,17.923,-0.531,4.22,0.61,5986635.0,-5.351528637680547,2.0365116279069766,66.93323356948213,66.39965484882224,20.832230783558224,False,False,False,0.0286082532525677,-1.163477904067894,-0.2514063364489072,2.39,236000.0,55.1,,52.6,18.93000030517578,1927000.0,0.8637084055935995,,,,,,,,,,,,,,,calc_tnx_dfii10,,,,,,,,,,fred_backfill_s288,,fred_backfill_s288,,,,,,158575.0,9873.0,9953.0,-80.0,0.0163261059617419,38.5803873253884,,,,,,,0,12.83183765411377,btlong_seed_s288,btlong_seed_s288,0.0
2025-09-04,71.9632797241211,48.82535552978516,49.09591293334961,27.916709899902344,326.69000244140625,52.59000015258789,197.5153350830078,234.15792846679688,115.3646011352539,46.236595153808594,235.60366821289065,36.93000030517578,288.9608459472656,84.06544494628906,57.03091812133789,18.391918182373047,43.194091796875,53.233882904052734,40.72919845581055,135.0708465576172,63.47999954223633,98.3499984741211,93.29459381103516,1389.6300048828125,185.8662567138672,97.37193298339844,642.00634765625,3.6530001163482666,3.997999906539917,88.26000213623047,153.9600067138672,4.176000118255615,4.874000072479248,15.300000190734863,95.27999877929688,1.79,2.44,2.84,0.79,0.23,0.01,6602071.0,597513.0,20.128,-0.531,4.17,0.58,5984430.0,-5.351909639628061,2.0350867052023123,66.91267860503424,66.32103413548963,18.549719829171508,False,False,False,0.0182971349011413,-0.8732993630238719,-0.1618600323890824,2.39,236000.0,55.1,,52.6,18.38999938964844,1927000.0,0.8319739368423846,,,,,,,,,,,,,,,calc_tnx_dfii10,,,,,,,,,,fred_backfill_s288,,fred_backfill_s288,,,,,,158375.0,9813.0,9890.0,-77.0,0.0163261059617419,38.5803873253884,,,,,,,0,12.745201110839844,btlong_seed_s288,btlong_seed_s288,0.0
2025-09-05,73.11708068847656,49.72123336791992,50.563507080078125,28.3569450378418,331.04998779296875,52.47999954223633,197.12730407714844,235.3258209228516,115.89147186279295,46.24650955200195,235.9618682861328,37.209999084472656,292.3702697753906,85.34719848632812,57.30305099487305,17.9328670501709,42.36008071899414,52.259010314941406,40.602725982666016,135.53277587890625,61.869998931884766,97.7699966430664,93.7498779296875,1392.06005859375,186.08351135253903,97.39132690429688,640.14697265625,3.5829999446868896,3.910000085830689,85.29000091552734,148.16000366210938,4.085999965667725,4.775000095367432,15.18000030517578,93.05999755859376,1.73,2.42,2.83,0.79,0.23,0.03,6602071.0,597513.0,20.997,-0.531,4.1,0.59,5983561.0,-5.352113884458198,2.033333333333333,66.882840263773,66.12948233505776,20.511643178605983,False,False,False,0.0087958448849814,-0.6198773509592718,-0.0782548888322072,2.36,236000.0,55.1,,52.6,18.420000076293945,1927000.0,0.8241042476819552,,,,,,,,,,,,,,,calc_tnx_dfii10,,,,,,,,,,fred_backfill_s288,,fred_backfill_s288,,,,,,157950.0,9881.0,9948.0,-67.0,0.0163261059617419,38.5803873253884,,,,,,,0,12.629685401916504,btlong_seed_s288,btlong_seed_s288,0.0
2025-09-08,74.3106689453125,50.07179260253906,51.03313446044922,28.30909538269043,334.82000732421875,52.88999938964844,196.6497344970703,235.80088806152344,117.7745361328125,46.206844329833984,237.08621215820312,37.5099983215332,295.6001892089844,86.48439025878906,57.857025146484375,17.334108352661133,42.26310348510742,52.29839706420898,40.18925857543945,135.483642578125,62.2599983215332,97.4499969482422,94.04049682617188,1385.510009765625,185.93536376953125,97.42041778564452,641.7195434570312,3.569999933242798,3.927999973297119,84.0,148.82000732421875,4.046000003814697,4.689000129699707,15.109999656677246,92.29000091552734,1.7,2.41,2.84,0.8,0.23,-0.05,6602071.0,597513.0,19.416,-0.531,4.05,0.56,5985142.0,-5.352504995588248,2.031428571428572,66.85564707587747,65.96551684675545,21.11712120493949,False,False,False,0.0113212073314776,-0.4483252865671885,-0.1010548358107588,2.35,259000.0,55.1,,52.6,18.290000915527344,1925000.0,0.8261344396024373,,,,,,,,,,,,,,,calc_tnx_dfii10,,,,,,,,,,fred_backfill_s288,,fred_backfill_s288,,,,,,155825.0,9810.5,9895.0,-84.5,0.0163261059617419,38.5803873253884,,,,,,,0,12.72594928741455,btlong_seed_s288,btlong_seed_s288,0.0
2025-09-09,74.16146087646484,50.0815315246582,51.0037841796875,28.27081298828125,334.0599975585937,52.709999084472656,195.23692321777344,234.415267944336,119.16000366210938,45.592079162597656,237.79266357421875,37.18000030517578,296.8861999511719,85.9928970336914,57.70152282714844,17.633487701416016,42.466758728027344,52.524879455566406,40.466529846191406,136.2109375,62.630001068115234,97.79000091552734,93.81769561767578,1385.719970703125,185.3626403808593,97.42041778564452,643.203125,3.6010000705718994,3.943000078201294,82.19999694824219,150.92999267578125,4.073999881744385,4.7179999351501465,15.039999961853027,93.16000366210938,1.72,2.43,2.87,0.8,0.23,-0.02,6602071.0,597513.0,22.915,-0.531,4.08,0.54,5981643.0,-5.352139731160266,2.0296590909090906,66.83093569571511,65.75499968693174,20.915460409933505,False,False,False,-0.0029165868978019,-0.1274267352720373,0.0262053524465279,2.35,259000.0,55.1,,52.6,18.270000457763672,1925000.0,0.8232074211832827,,,,,,,,,,,,,,,calc_tnx_dfii10,,,,,,,,,,fred_backfill_s288,,fred_backfill_s288,,,,,,155275.0,9822.5,9910.0,-87.5,0.0163261059617419,38.5803873253884,,,,,,,0,12.754827499389648,btlong_seed_s288,btlong_seed_s288,0.0
2025-09-10,74.59911346435547,50.43209457397461,51.11140823364258,28.510072708129883,335.260009765625,53.15999984741211,197.8934020996093,233.9995880126953,120.04788208007812,46.00853729248047,237.86231994628903,37.40999984741211,299.8968200683594,86.48439025878906,57.74039840698242,17.71332359313965,43.208641052246094,52.34762954711914,41.16212463378906,134.97256469726562,63.66999816894531,97.77999877929688,94.06954193115234,1387.25,185.17501831054688,97.43010711669922,645.0625,3.5820000171661377,3.930000066757202,79.58000183105469,151.9199981689453,4.0320000648498535,4.677999973297119,15.350000381469728,100.52999877929688,1.69,2.41,2.84,0.79,0.23,-0.05,6605962.0,672274.0,29.4,-0.531,4.04,0.5,5904288.0,-6.454747099203151,2.0277401129943504,66.81255815195483,65.55724104519548,21.54733675639396,False,False,False,-0.0141940671881622,-0.2191851857428134,0.1272040396558953,2.34,259000.0,55.1,,52.6,18.440000534057617,1925000.0,0.8324294976629292,,,,,,,,,,,,,,,calc_tnx_dfii10,,,,,,,,,,fred_backfill_s288,,fred_backfill_s288,,,,,,155050.0,9847.0,9930.0,-83.0,0.0163261059617419,38.5803873253884,,,,,,,0,12.85109043121338,btlong_seed_s288,btlong_seed_s288,0.0
2025-09-11,75.18595886230469,51.61036682128906,53.46934127807617,28.758901596069336,334.760009765625,53.2400016784668,199.05747985839844,238.3246612548828,120.52596282958984,46.74229049682617,239.2553100585937,37.790000915527344,302.9872131347656,87.06261444091797,58.38185119628906,17.99274444580078,43.21833801269531,53.20433807373047,41.38102340698242,137.321533203125,62.369998931884766,97.54000091552734,94.21485137939452,1387.199951171875,187.9498748779297,97.44951629638672,650.4231567382812,3.578000068664551,3.927999973297119,75.06999969482422,147.6300048828125,4.011000156402588,4.651000022888184,14.710000038146973,96.31999969482422,1.67,2.41,2.78,0.78,0.23,-0.07,6605962.0,672274.0,26.897,-0.531,4.01,0.49,5906791.0,-6.454707638933554,2.0257303370786515,66.78687861889084,65.5032199924275,24.107126189607065,False,False,False,0.0053473258436609,-0.7546356127150233,-0.047368902044889,2.34,259000.0,55.1,,52.6,18.030000686645508,1925000.0,0.8158624225146259,,,,,,,,,,,,,,,calc_tnx_dfii10,,,,,,,,,,fred_backfill_s288,,fred_backfill_s288,,,,,,154175.0,9926.0,9984.0,-58.0,0.0163261059617419,38.5803873253884,,,,,,,0,12.745201110839844,btlong_seed_s288,btlong_seed_s288,0.0
2025-09-12,74.53943634033203,51.999881744384766,53.50847625732422,28.73975944519043,335.4200134277344,53.150001525878906,198.4107666015625,235.88995361328125,119.40392303466795,46.12752151489258,240.2900848388672,38.34000015258789,303.37603759765625,86.686767578125,58.13887786865234,17.9328670501709,42.96134185791016,52.97785186767578,41.59018707275391,135.73916625976562,62.68999862670898,97.5500030517578,93.94361877441406,1389.5,186.5970153808593,97.47859191894533,650.2055053710938,3.625,3.927999973297119,73.37000274658203,149.49000549316406,4.060999870300293,4.678999900817871,14.760000228881836,96.77999877929688,1.7,2.42,2.79,0.77,0.23,-0.02,6605962.0,672274.0,17.331,-0.531,4.06,0.5,5916357.0,-6.455541472875382,2.0239106145251395,66.76333333157945,65.29576233686026,24.73166822639248,False,False,False,0.0185685862363074,-1.32846852744366,-0.1624484981723686,2.36,259000.0,55.1,,52.6,18.059999465942383,1925000.0,0.8172757843496231,,,,,,,,,,,,,,,calc_tnx_dfii10,,,,,,,,,,fred_backfill_s288,,fred_backfill_s288,,,,,,153950.0,10004.5,10070.0,-65.5,0.0163261059617419,38.5803873253884,,,,,,,0,12.812585830688477,btlong_seed_s288,btlong_seed_s288,0.0
2025-09-15,75.30531311035156,52.81785583496094,53.8117790222168,29.19913673400879,338.9100036621094,53.43000030517578,200.7986297607422,236.8895874023437,127.5411148071289,46.34566879272461,242.37957763671875,38.7599983215332,306.2171936035156,86.88914489746094,58.60538482666016,18.36197853088379,42.81587600708008,52.85969161987305,41.68747329711914,134.57943725585938,63.29999923706055,97.3000030517578,94.0986099243164,1393.699951171875,186.2711334228516,97.47859191894533,653.6671752929688,3.601999998092652,3.900000095367432,76.87999725341797,152.11000061035156,4.033999919891357,4.656000137329102,15.6899995803833,99.5500030517578,1.68,2.41,2.75,0.75,0.23,-0.01,6605962.0,672274.0,16.954,-0.531,4.05,0.51,5916734.0,-6.455136819571006,2.022,66.74354285103934,65.20745720297603,26.326184829251154,False,False,False,0.0160591104256928,-1.3443696963983205,-0.1404177866065108,2.35,233000.0,55.1,,52.6,18.530000686645508,1916000.0,0.8467349702631698,,,,,,,,,,,,,,,calc_tnx_dfii10,,,,,,,,,,fred_backfill_s288,,fred_backfill_s288,,,,,,152625.0,9986.0,10073.5,-87.5,0.0163261059617419,38.5803873253884,,,,,,,0,12.94735336303711,btlong_seed_s288,btlong_seed_s288,0.0
2025-09-16,75.03677368164062,52.32122802734375,54.75103759765625,29.371400833129883,339.5899963378906,53.869998931884766,201.6175231933593,236.4994964599609,123.95060729980467,46.08786010742188,242.16067504882807,38.59999847412109,306.2570495605469,87.072265625,58.537357330322266,18.022682189941406,43.53351593017578,52.74152374267578,40.92863845825195,134.57943725585938,64.5199966430664,96.62999725341795,94.15674591064452,1385.010009765625,185.77737426757807,97.49799346923828,652.76708984375,3.5829999446868896,3.890000104904175,77.08999633789062,148.2100067138672,4.026000022888184,4.645999908447266,16.360000610351562,104.0999984741211,1.67,2.42,2.79,0.76,0.23,0.0,6605962.0,672274.0,18.817,-0.531,4.04,0.53,5914871.0,-6.454841037511539,2.0200552486187844,66.73090906576677,65.20999947240797,24.76577574347212,False,False,False,0.0244749113865188,-1.0180701716577627,-0.215322160535587,2.36,233000.0,55.1,,52.6,18.90999984741211,1916000.0,0.8651507531656843,,,,,,,,,,,,,,,calc_tnx_dfii10,,,,,,,,,,fred_backfill_s288,,fred_backfill_s288,,,,,,150950.0,10071.5,10145.0,-73.5,0.0163261059617419,38.5803873253884,,,,,,,0,13.072494506835938,btlong_seed_s288,btlong_seed_s288,0.0
2025-09-17,74.83782958984375,51.63957977294922,56.424095153808594,29.61066246032715,336.9700012207031,54.02000045776367,200.24937438964844,237.10494995117188,124.26282501220705,45.84988784790039,241.67312622070312,37.790000915527344,304.3031311035156,86.85061645507812,58.333255767822266,17.843053817749023,43.63534164428711,53.25357818603516,41.03078842163086,134.84478759765625,64.05000305175781,96.87000274658205,93.9533233642578,1377.6400146484375,185.9551239013672,97.50768280029295,651.9561157226562,3.6489999294281006,3.868000030517578,75.94999694824219,146.3699951171875,4.076000213623047,4.675000190734863,15.720000267028809,96.16999816894533,1.68,2.43,2.79,0.76,0.23,0.04,6608597.0,756376.0,13.963,-0.531,4.06,0.54,5838258.0,-7.072632197561102,2.018186813186813,66.7157627041057,65.19525379245565,22.79848409519812,False,False,False,0.0043998813990426,-0.2666208912618066,-0.0392333422727482,2.4,233000.0,55.1,,52.6,18.440000534057617,1916000.0,0.8524945667975917,,,,,,,,,,,,,,,calc_tnx_dfii10,,,,,,,,,,fred_backfill_s288,,fred_backfill_s288,,,,,,149775.0,9894.0,9964.0,-70.0,0.0163261059617419,38.5803873253884,,,,,,,0,12.956979751586914,btlong_seed_s288,btlong_seed_s288,0.0
2025-09-18,76.54863739013672,51.29875946044922,56.150146484375,29.49581718444824,335.6199951171875,53.7400016784668,202.6960601806641,243.010482788086,127.1605987548828,46.56380844116211,243.8919372558593,37.9900016784668,315.9867858886719,85.95433807373047,58.517913818359375,17.76321792602539,43.49957275390625,53.30281448364258,41.05997848510742,135.1101531982422,63.56999969482422,97.3499984741211,93.64332580566406,1378.68994140625,187.16973876953125,97.52706146240234,655.0023803710938,3.663000106811523,3.880000114440918,71.91000366210938,148.19000244140625,4.104000091552734,4.71999979019165,15.699999809265137,97.27999877929688,1.73,2.44,2.71,0.75,0.23,0.08,6608597.0,756376.0,13.707,-0.531,4.11,0.54,5838514.0,-7.072014973881291,2.016612021857924,66.69808987821087,65.16694873874471,21.653016857809625,False,False,False,0.0050052224834569,-0.7569695184294276,-0.0442182856340966,2.37,233000.0,55.1,,52.6,18.520000457763672,1916000.0,0.8477321501730105,,,,,,,,,,,,,,,calc_tnx_dfii10,,,,,,,,,,fred_backfill_s288,,fred_backfill_s288,,,,,,148875.0,9895.0,9968.0,-73.0,0.0163261059617419,38.5803873253884,,,,,,,0,12.87515640258789,btlong_seed_s288,btlong_seed_s288,0.0
2025-09-19,76.49890899658203,52.13621139526367,55.631595611572266,29.60109138488769,339.17999267578125,53.93999862670898,203.1254730224609,241.1643829345703,134.01963806152344,46.424991607666016,245.55357360839844,39.040000915527344,314.7306823730469,85.79049682617188,58.25131988525391,17.64346694946289,42.92255401611328,53.42097473144531,41.32265090942383,134.93325805664062,62.68000030517578,97.63999938964844,93.60458374023438,1386.75,186.8438873291016,97.56586456298828,658.2465209960938,3.690999984741211,3.878000020980835,72.51000213623047,146.97000122070312,4.138999938964844,4.75600004196167,15.449999809265137,96.9000015258789,1.75,2.43,2.72,0.74,0.23,0.11,6608597.0,756376.0,11.363,-0.529,4.14,0.57,5840858.0,-7.071486222722334,2.015163043478261,66.67564245042854,65.11881320759402,23.213679930075525,False,False,False,0.0115480390420825,-1.6396489856252894,-0.100329500662367,2.39,233000.0,55.1,,52.6,18.479999542236328,1916000.0,0.8360389714271323,,,,,,,,,,,,,,,calc_tnx_dfii10,,,,,,,,,,fred_backfill_s288,,fred_backfill_s288,,,,,,147650.0,9904.0,9983.0,-79.0,0.0163261059617419,38.5803873253884,,,,,,,0,12.764453887939451,btlong_seed_s288,btlong_seed_s288,0.0
2025-09-22,76.48896789550781,52.7691650390625,56.590423583984375,29.46710777282715,345.04998779296875,53.5,204.01426696777344,242.5638427734375,136.6247100830078,46.662967681884766,246.9602203369141,40.040000915527344,321.170654296875,85.48210906982422,58.56381988525391,17.493778228759766,42.8731575012207,53.34984588623047,41.72323226928711,134.89869689941406,62.63999938964844,97.33000183105467,93.44959259033205,1396.22998046875,186.93312072753903,97.56586456298828,661.3606567382812,3.696000099182129,3.848000049591065,75.80000305175781,145.4600067138672,4.14300012588501,4.761000156402588,16.100000381469727,99.75,1.78,2.42,2.69,0.74,0.23,0.15,6608597.0,756376.0,14.173,-0.529,4.15,0.54,5838048.0,-7.068948578874101,2.013891891891892,66.65322221120199,65.07694878012447,24.17497908058285,False,False,False,0.0266427938651565,-2.0329550962869747,-0.2295977894040906,2.36,219000.0,55.1,,52.6,18.950000762939453,1921000.0,0.8496042075605887,,,,,,,,,,,,,,,calc_tnx_dfii10,,,,,,,,,,fred_backfill_s288,,fred_backfill_s288,,,,,,145375.0,9921.5,9998.0,-76.5,0.0163261059617419,38.5803873253884,,,,,,,0,12.754827499389648,btlong_seed_s288,btlong_seed_s288,0.0
2025-09-23,75.74297332763672,52.70099639892578,55.06412506103516,29.974334716796875,346.4599914550781,53.060001373291016,205.8817596435547,242.01795959472656,136.03929138183594,46.583641052246094,245.3164825439453,39.959999084472656,320.7021179199219,86.07962036132812,58.47592544555664,17.254274368286133,43.61159133911133,53.11273193359375,41.93870544433594,135.20477294921875,63.40999984741211,97.26000213623048,93.7111358642578,1389.3900146484375,187.1612548828125,97.5852508544922,657.7606201171875,3.677000045776367,3.8450000286102295,75.66000366210938,146.52999877929688,4.119999885559082,4.73799991607666,16.639999389648438,101.2300033569336,1.75,2.42,2.71,0.75,0.23,0.12,6608597.0,756376.0,14.402,-0.529,4.12,0.59,5837819.0,-7.072127856768429,2.0124731182795697,66.63530385560094,65.04237255807651,23.47826173227574,False,False,False,0.0278320373836085,-1.713496169334951,-0.2413084998755508,2.37,219000.0,55.1,,52.6,19.440000534057617,1921000.0,0.8559670232774037,,,,,,,,,,,,,,,calc_tnx_dfii10,,,,,,,,,,fred_backfill_s288,,fred_backfill_s288,,,,,,144975.0,9900.0,9978.0,-78.0,0.0163261059617419,38.5803873253884,,,,,,,0,12.889595985412598,btlong_seed_s288,btlong_seed_s288,0.0
2025-09-24,75.30531311035156,54.47328186035156,56.38496398925781,29.71593475341797,343.32000732421875,52.7400016784668,203.39512634277344,239.79470825195312,132.4683074951172,46.236595153808594,244.45974731445312,39.81999969482422,320.1139221191406,85.75196838378906,58.06577682495117,17.54367446899414,44.17887115478516,52.964542388916016,42.2374267578125,134.6617431640625,64.98999786376953,97.87000274658205,93.45928955078124,1391.8499755859375,186.724853515625,97.59495544433594,655.6677856445312,3.7100000381469727,3.858000040054321,75.12999725341797,145.8699951171875,4.146999835968018,4.757999897003174,16.18000030517578,99.98999786376952,1.78,2.42,2.7,0.75,0.23,0.14,6608395.0,804856.0,29.172,-0.529,4.16,0.59,5774367.0,-7.878525411134296,2.011229946524064,66.62626371278867,65.00067765833968,27.00940215370456,False,False,False,0.0365730983253587,-2.0220396453319807,-0.3153258784822039,2.37,219000.0,55.1,,52.6,19.13999938964844,1921000.0,0.845350095148199,,,,,,,,,,,,,,,calc_tnx_dfii10,,,,,,,,,,fred_backfill_s288,,fred_backfill_s288,,,,,,144775.0,9862.0,9937.0,-75.0,0.0163261059617419,38.5803873253884,,,,,,,0,12.976231575012209,btlong_seed_s288,btlong_seed_s288,0.0
2025-09-25,74.98802185058594,54.745941162109375,56.98178482055664,29.266128540039062,344.75,52.4900016784668,202.8358612060547,237.5019378662109,133.77572631835938,46.00853729248047,243.4037628173828,41.02999877929688,320.0640869140625,85.75196838378906,57.67515563964844,17.633487701416016,44.57497787475586,52.82622528076172,41.83096694946289,132.43038940429688,64.9800033569336,98.5500030517578,93.25584411621094,1403.6500244140625,185.1875762939453,97.60464477539062,652.6429443359375,3.766999959945679,3.882999897003174,75.44000244140625,145.88999938964844,4.171999931335449,4.751999855041504,16.739999771118164,100.33999633789062,1.8,2.42,2.76,0.76,0.23,0.14,6608395.0,804856.0,25.369,-0.529,4.18,0.54,5778170.0,-7.878796133410959,2.010106382978724,66.61726775455996,64.96644042710126,27.11118086557849,False,False,False,0.0555436027850888,-3.2360406333029745,-0.466698942965154,2.37,219000.0,55.1,,52.6,19.459999084472656,1921000.0,0.8602261335395021,,,,,,,,,,,,,,,calc_tnx_dfii10,,,,,,,,,,fred_backfill_s288,,fred_backfill_s288,,,,,,144425.0,10312.0,10325.0,-13.0,0.0163261059617419,38.5803873253884,,,,,,,0,13.072494506835938,btlong_seed_s288,btlong_seed_s288,0.0
2025-09-26,75.4057846069336,55.49575424194336,55.86640930175781,29.40968513488769,346.739990234375,52.25,205.42236328125,239.53662109375,132.9171142578125,46.672882080078125,244.4398193359375,41.86000061035156,320.8217468261719,85.67486572265625,58.01694488525391,17.513734817504883,44.98576736450195,53.21152877807617,42.51166534423828,133.78302001953125,65.72000122070312,98.1500015258789,93.20741271972656,1408.9200439453125,187.0223999023437,97.63375854492188,656.3819580078125,3.7699999809265137,3.859999895095825,74.37999725341797,141.50999450683594,4.186999797821045,4.765999794006348,15.289999961853027,93.4000015258789,1.82,2.42,2.75,0.75,0.23,0.18,6608395.0,804856.0,48.073,-0.529,4.2,0.57,5755466.0,-7.87915652195238,2.009100529100529,66.61239130600639,64.9532201088081,28.258320462637386,False,False,False,0.0610343645571158,-3.524506916425667,-0.5055674787845614,2.37,219000.0,55.1,,52.6,18.40999984741211,1921000.0,0.8305268923726982,,,,,,,,,,,,,,,calc_tnx_dfii10,,,,,,,,,,fred_backfill_s288,,fred_backfill_s288,,,,,,144400.0,10125.5,10193.0,-67.5,0.0163261059617419,38.5803873253884,,,,,,,0,13.082120895385742,btlong_seed_s288,btlong_seed_s288,0.0
2025-09-29,75.70418548583984,57.67702102661133,56.94264602661133,29.65851402282715,352.4599914550781,52.15999984741211,205.1627197265625,239.8145446777344,133.43421936035156,46.85136413574219,245.54559326171875,42.5,321.6591186523437,86.37837219238281,58.30990982055664,17.6534481048584,44.159305572509766,53.47827911376953,42.634090423583984,134.1779327392578,63.45000076293945,97.91000366210938,93.47865295410156,1408.7099609375,187.647216796875,97.6434326171875,658.2266845703125,3.740999937057495,3.86299991607666,75.51000213623047,143.02999877929688,4.140999794006348,4.703999996185303,16.1200008392334,96.73999786376952,1.8,2.41,2.74,0.75,0.23,0.11,6608395.0,804856.0,56.22,-0.529,4.15,0.52,5747319.0,-7.879236636914233,2.008,66.5952973030709,64.87728791317697,32.68416198590407,False,False,False,,-3.160262495399166,,2.34,225000.0,55.1,,52.6,18.76000022888184,1929000.0,0.8592750875565531,,,,,,,,,,,,,,,calc_tnx_dfii10,,,,,,,,,,fred_backfill_s288,,fred_backfill_s288,,,,,,143900.0,10233.0,10275.0,-42.0,0.0163261059617419,38.5803873253884,,,,,,,0,12.976231575012209,btlong_seed_s288,btlong_seed_s288,0.0
2025-09-30,75.6047134399414,58.2418098449707,57.735145568847656,29.6680850982666,355.4700012207031,52.060001373291016,208.97756958007807,240.1520233154297,132.35122680664062,47.22815704345703,246.1831817626953,42.369998931884766,325.3476257324219,86.1278076171875,58.514984130859375,17.803136825561523,43.68983459472656,53.22140884399414,42.70754623413086,137.406494140625,62.369998931884766,97.7699966430664,93.43991088867188,1399.3299560546875,188.14312744140625,97.6434326171875,660.7061157226562,3.732000112533569,3.8450000286102295,77.93000030517578,143.44000244140625,4.1479997634887695,4.73199987411499,16.280000686645508,95.88999938964844,1.8,2.42,2.8,0.76,0.23,0.14,6608395.0,804856.0,49.071,-0.529,4.16,0.56,5754468.0,-7.879102905861246,2.006910994764398,66.5725806451613,64.77627091488596,33.37380647571469,False,False,False,0.0446425569511526,-2.467717079409049,-0.3745359965534369,2.35,225000.0,55.1,,52.6,18.770000457763672,1929000.0,0.8673415178267485,,,,,,,,,,,,,,,calc_tnx_dfii10,,,,,,,,,,fred_backfill_s288,,fred_backfill_s288,,,,,,143400.0,10300.0,10332.0,-32.0,0.0163261059617419,38.5803873253884,,,,,,,0,12.9281005859375,btlong_seed_s288,btlong_seed_s288,0.0
2025-10-01,76.12194061279297,58.94293212890625,58.42002487182617,29.266128540039062,356.0299987792969,52.38999938964844,208.9675750732422,240.6780548095703,134.16598510742188,47.20832824707031,247.3885955810547,42.90999984741211,332.6549072265625,86.35025024414062,58.95443344116211,18.002723693847656,43.68983459472656,52.747188568115234,43.11890411376953,141.65200805664062,61.77999877929688,97.70999908447266,93.75471496582033,1403.1500244140625,188.5695953369141,97.65998077392578,662.95751953125,3.680000066757202,3.8450000286102295,73.5,143.67999267578125,4.105999946594238,4.715000152587891,16.290000915527344,93.22000122070312,1.77,2.39,2.81,0.76,0.25,0.11,6587119.0,805139.0,10.179,-0.529,4.12,0.57,5771801.0,-8.827561310695609,2.005677083333333,66.54695186512993,64.66440653396864,34.345890217616,False,False,False,0.0591483596859474,-2.7815297491791875,-0.4907618387711405,2.34,225000.0,53.6,,52.2,18.76000022888184,1929000.0,0.8683369252015347,,,,,,,,,,,,,,,calc_tnx_dfii10,,,,,,,,,,fred_backfill_s288,,fred_backfill_s288,,,,,,141725.0,10263.0,10308.0,-45.0,0.0166898894498228,39.2056921711265,,,,,,,0,12.90884780883789,btlong_seed_s288,btlong_seed_s288,0.0
2025-10-02,76.67894744873047,59.18637847900391,59.10490036010742,28.940736770629883,354.7900085449219,52.29999923706055,209.097412109375,242.1966247558593,138.43948364257812,47.45621871948242,248.38479614257807,42.52999877929688,337.1907958984375,86.60167694091797,59.08138656616211,17.48379898071289,43.24971771240234,52.70766830444336,43.04054641723633,141.3755645751953,60.47999954223633,97.8499984741211,93.85188293457033,1401.8199462890625,189.01589965820312,97.6697006225586,663.7210693359375,3.67300009727478,3.848000049591065,71.20999908447266,145.92999267578125,4.0879998207092285,4.695000171661377,16.6299991607666,94.0999984741211,1.76,2.37,2.81,0.75,0.25,0.08,6587119.0,805139.0,8.436,-0.529,4.1,0.55,5773544.0,-8.828165436647417,2.00440414507772,66.51468084213582,64.56118619239936,34.26421930592471,False,False,False,0.0604263780569263,-2.389715485630414,-0.5040836069243344,2.33,225000.0,53.6,,52.2,18.88999938964844,1929000.0,0.8803599628425451,,,,,,,,,,,,,,,calc_tnx_dfii10,,,,,,,,,,fred_backfill_s288,,fred_backfill_s288,,,,,,140950.0,10455.0,10480.0,-25.0,0.0166898894498228,39.2056921711265,,,,,,,0,12.802959442138672,btlong_seed_s288,btlong_seed_s288,0.0
2025-10-03,76.2910385131836,60.34518051147461,58.938575744628906,29.026870727539062,357.6400146484375,52.45000076293945,209.2671813964844,243.9930877685547,137.95164489746094,47.54545974731445,247.37863159179688,43.52000045776367,335.6356201171875,86.43727111816406,59.62825775146485,17.493778228759766,43.47956085205078,53.07321548461914,43.54005432128906,142.98492431640625,60.880001068115234,97.72000122070312,93.6672592163086,1405.6300048828125,189.680404663086,97.70863342285156,663.7112426757812,3.7079999446868896,3.858000040054321,69.52999877929688,144.64999389648438,4.11899995803833,4.714000225067139,16.649999618530273,94.79000091552734,1.8,2.38,2.8,0.75,0.25,0.1,6587119.0,805139.0,25.392,-0.527,4.13,0.55,5756588.0,-8.828457272150159,2.003350515463917,66.48486772163835,64.43288117748196,36.22316913558705,False,False,False,0.0826216409601441,-2.748408684149932,-0.678970693300915,2.32,225000.0,53.6,,52.2,19.07999992370605,1929000.0,0.8726414929301645,,,,,,,,,,,,,,,calc_tnx_dfii10,,,,,,,,,,fred_backfill_s288,,fred_backfill_s288,,,,,,140745.0,10537.5,10567.0,-29.5,0.0166898894498228,39.2056921711265,,,,,,,0,12.85109043121338,btlong_seed_s288,btlong_seed_s288,0.0
2025-10-06,76.95747375488281,60.05304336547852,59.16360855102539,29.00773048400879,364.3800048828125,52.7599983215332,212.2631378173828,244.9657592773437,141.94216918945312,47.56528854370117,249.2216186523437,44.060001373291016,342.3148498535156,85.75064849853516,59.74544525146485,18.391918182373047,43.69472885131836,53.0534553527832,43.961204528808594,142.29379272460938,61.68999862670898,98.11000061035156,93.39521026611328,1406.06005859375,189.6208953857422,97.70863342285156,666.0914916992188,3.744999885559082,3.859999895095825,72.98999786376953,142.5,4.162000179290772,4.757999897003174,16.3700008392334,95.37999725341795,1.84,2.38,2.76,0.74,0.25,0.16,6587119.0,805139.0,21.776,-0.527,4.18,0.58,5760204.0,-8.827879774980008,2.0025128205128206,66.45963156850715,64.3432200803595,34.91077241190537,False,False,False,0.079330192406418,-2.3415994410530065,-0.656067521457862,2.32,233000.0,53.6,,52.2,19.1200008392334,1928000.0,0.8561715544302111,,,,,,,,,,,,,,,calc_tnx_dfii10,,,,,,,,,,fred_backfill_s288,,fred_backfill_s288,,,,,,139550.0,10609.5,10636.5,-27.0,0.0166898894498228,39.2056921711265,,,,,,,0,12.985857963562012,btlong_seed_s288,btlong_seed_s288,0.0
2025-10-07,75.83348846435547,60.09199142456055,58.361324310302734,28.4047966003418,366.260009765625,52.880001068115234,212.672592163086,242.3355712890625,142.16659545898438,47.16866302490234,247.9066162109375,43.38999938964844,336.0044860839844,86.24385833740234,59.22787094116211,18.19233131408692,43.76319122314453,53.12261199951172,44.16198348999024,142.40237426757812,61.72999954223633,98.58000183105467,93.62840270996094,1409.9200439453125,188.7877960205078,97.72808837890624,663.6219482421875,3.7060000896453857,3.8429999351501465,75.43000030517578,145.22000122070312,4.126999855041504,4.72599983215332,17.239999771118164,98.6999969482422,1.79,2.39,2.82,0.75,0.25,0.13,6587119.0,805139.0,4.622,-0.527,4.14,0.57,5777358.0,-8.82789054338865,2.001428571428572,66.43486909716542,64.26203368882001,34.37425371858937,False,False,False,0.0644253915632369,-1.5306047510525278,-0.5438221911737262,2.34,233000.0,53.6,,52.2,19.709999084472656,1928000.0,0.8746829310966162,,,,,,,,,,,,,,,calc_tnx_dfii10,,,,,,,,,,fred_backfill_s288,,fred_backfill_s288,,,,,,139425.0,10643.0,10699.0,-56.0,0.0166898894498228,39.2056921711265,,,,,,,0,13.02436351776123,btlong_seed_s288,btlong_seed_s288,0.0
2025-10-08,77.79297637939453,62.44853973388672,58.38088607788086,28.58663558959961,372.2999877929688,52.630001068115234,214.8696136474609,244.8764495849609,142.00071716308594,47.86275863647461,250.7557830810547,44.560001373291016,344.9965209960937,86.31156921386719,59.41341400146485,18.391918182373047,43.5088996887207,52.86574172973633,44.46560287475586,142.6788330078125,62.54999923706055,98.8499984741211,93.64783477783205,1414.5699462890625,189.40269470214844,97.73780822753906,667.5791625976562,3.7200000286102295,3.8429999351501465,74.87000274658203,145.75999450683594,4.129000186920166,4.723999977111816,16.299999237060547,96.22000122070312,1.78,2.39,2.84,0.75,0.25,0.12,6590815.0,807428.0,5.231,-0.527,4.13,0.55,5778156.0,-9.10675350275495,2.000304568527919,66.41463539997737,64.19711846820378,38.96093611435241,False,False,False,0.0726208148964395,-1.8093711607139136,-0.606748825543475,2.35,233000.0,53.6,,52.2,19.26000022888184,1928000.0,0.8463135536528943,,,,,,,,,,,,,,,calc_tnx_dfii10,,,,,,,,,,fred_backfill_s288,,fred_backfill_s288,,,,,,139200.0,10738.0,10773.0,-35.0,0.0166898894498228,39.2056921711265,,,,,,,0,13.053242683410645,btlong_seed_s288,btlong_seed_s288,0.0
2025-10-09,77.57415771484375,62.30247497558594,57.5883903503418,28.395227432250977,365.4299926757813,52.810001373291016,210.9549102783203,243.2983245849609,143.58132934570312,47.23807144165039,250.45692443847656,44.709999084472656,344.13916015625,86.24385833740234,58.905609130859375,18.71125602722168,42.91717529296875,52.67802810668945,44.35297393798828,142.36289978027344,61.5099983215332,99.54000091552734,93.5798110961914,1422.52001953125,187.83566284179688,97.74754333496094,665.6452026367188,3.740999937057495,3.8529999256134033,74.12000274658203,145.33999633789062,4.1479997634887695,4.732999801635742,16.43000030517578,97.25,1.8,2.39,2.95,0.77,0.25,0.11,6590815.0,807428.0,4.496,-0.527,4.14,0.54,5778891.0,-9.106790891805892,1.999292929292929,66.38922277262792,64.09491503440728,38.00004756670705,False,False,False,0.0838199508069159,-2.392240910354551,-0.68508889815865,2.35,233000.0,53.6,,52.2,19.3799991607666,1928000.0,0.8477812702096046,,,,,,,,,,,,,,,calc_tnx_dfii10,,,,,,,,,,fred_backfill_s288,,fred_backfill_s288,,,,,,139475.0,10866.5,10880.0,-13.5,0.0166898894498228,39.2056921711265,,,,,,,0,12.937726020812988,btlong_seed_s288,btlong_seed_s288,0.0
2025-10-10,75.07754516601562,58.87477111816406,53.09754943847656,27.553037643432617,369.1199951171875,52.77000045776367,205.7619171142578,236.01315307617188,143.03494262695312,46.02836227416992,241.7500457763672,45.43000030517578,324.330810546875,87.6364517211914,57.79233932495117,18.94078063964844,41.67504501342773,51.53199768066406,44.17177581787109,140.3092498779297,58.900001525878906,98.9800033569336,94.16282653808594,1421.510009765625,183.6007080078125,97.79620361328124,647.6542358398438,3.6459999084472656,3.8529999256134033,81.6500015258789,138.86000061035156,4.051000118255615,4.633999824523926,21.65999984741211,116.25,1.75,2.35,3.18,0.81,0.25,0.03,6590815.0,807428.0,4.124,-0.525,4.05,0.53,5779263.0,-9.106704506314234,1.998040201005025,66.35061853939725,63.95186427488165,29.888777526251783,False,False,False,0.0767429329665001,-2.4053621562435072,-0.6235384294867767,2.3,233000.0,53.6,,52.2,22.809999465942383,1928000.0,0.9495835315451305,,,,,,,,,,,,,,,calc_tnx_dfii10,,,,,,,,,,fred_backfill_s288,,fred_backfill_s288,,,,,,139400.0,10735.0,10768.0,-33.0,0.0166898894498228,39.2056921711265,,,,,,,0,12.668190956115724,btlong_seed_s288,btlong_seed_s288,0.0
2025-10-13,76.53970336914062,62.45827865600586,55.38699722290039,27.9262809753418,378.0899963378906,52.970001220703125,208.83775329589844,242.58370971679688,151.51361083984375,46.672882080078125,246.89048767089844,47.2599983215332,338.69610595703125,87.58809661865234,58.39780044555664,19.54952049255371,42.242313385009766,52.02597427368164,44.50967788696289,140.1512908935547,59.4900016784668,99.2699966430664,94.21139526367188,1429.030029296875,185.38592529296875,97.78646850585938,657.5919189453125,3.6459999084472656,3.8529999256134033,,142.80999755859375,4.051000118255615,4.63100004196167,19.030000686645508,106.4499969482422,1.75,2.35,3.18,0.81,0.25,0.03,6590815.0,807428.0,4.124,-0.525,4.05,0.53,5779263.0,-9.106499258257072,1.9968,66.31543588882838,63.82118638895326,37.15293323373072,False,False,False,0.0929471292740122,-2.6455836995225948,-0.7435967205867797,2.3,222000.0,53.6,,52.2,20.93000030517578,1947000.0,0.9092212331186434,,,,,,,,,,,,,,,calc_tnx_dfii10,,,,,,,,,,fred_backfill_s288,,fred_backfill_s288,,,,,,139350.0,10617.5,10638.0,-20.5,0.0166898894498228,39.2056921711265,,,,,,,0,12.817398071289062,btlong_seed_s288,btlong_seed_s288,0.0
2025-10-14,75.47541046142578,60.510719299316406,53.76285934448242,27.84971618652344,380.7900085449219,52.77999877929688,210.465560913086,246.047607421875,156.16761779785156,47.30747985839844,245.27664184570312,46.79999923706055,332.46551513671875,87.8685531616211,58.57358169555664,19.649314880371094,42.237422943115234,52.59899139404297,44.906341552734375,140.5363311767578,58.70000076293945,99.0500030517578,94.45430755615234,1426.0699462890625,186.9232177734375,97.79620361328124,656.78857421875,3.6040000915527344,3.8529999256134033,79.94999694824219,146.47999572753906,4.021999835968018,4.623000144958496,20.809999465942383,113.19000244140624,1.73,2.33,3.11,0.81,0.25,0.01,6590815.0,807428.0,3.516,-0.525,4.03,0.55,5779871.0,-9.106736720283193,1.9954726368159204,66.276581627982,63.69389828180863,32.30619404550588,False,False,False,0.0812544360764913,-2.043716749909719,-0.6611298699205541,2.29,222000.0,53.6,,52.2,22.030000686645508,1947000.0,0.9446209177177791,,,,,,,,,,,,,,,calc_tnx_dfii10,,,,,,,,,,fred_backfill_s288,,fred_backfill_s288,,,,,,138800.0,10600.0,10575.0,25.0,0.0166898894498228,39.2056921711265,,,,,,,0,12.677817344665527,btlong_seed_s288,btlong_seed_s288,0.0
2025-10-15,75.30631256103516,61.81558609008789,54.34989547729492,28.060264587402344,387.3900146484375,53.7599983215332,207.39968872070312,248.45947265625,159.12393188476562,47.37689208984375,246.9403076171875,48.33000183105469,340.7198181152344,87.67513275146484,58.98373031616211,19.379871368408203,42.21297073364258,52.59899139404297,45.49399566650391,140.75355529785156,58.27000045776367,98.79000091552734,94.34741973876952,1429.4300537109375,187.3000946044922,97.81565856933594,659.7044067382812,3.630000114440918,3.858000040054321,75.11000061035156,144.97999572753906,4.046000003814697,4.638999938964844,20.63999938964844,117.3000030517578,1.76,2.33,2.95,0.78,0.25,0.02,6596454.0,809593.0,5.484,-0.525,4.05,0.55,5781377.0,-8.643253161340315,1.9943069306930687,66.23593908397075,63.57559320482157,34.520333555603486,False,False,False,0.1124557022424037,-2.2994369256892617,-0.9013907405025724,2.29,222000.0,53.6,,52.2,21.940000534057617,1947000.0,0.9407474424446264,,,,,,,,,,,,,,,calc_tnx_dfii10,,,,,,,,,,fred_backfill_s288,,fred_backfill_s288,,,,,,138350.0,10702.0,10676.0,26.0,0.0166898894498228,39.2056921711265,,,,,,,0,12.71632194519043,btlong_seed_s288,btlong_seed_s288,0.0
2025-10-16,74.42105865478516,60.97813415527344,54.13465118408203,27.983701705932617,396.4500122070313,54.06999969482422,205.9716339111328,243.2288513183593,153.64059448242188,46.86127853393555,246.06362915039065,49.16999816894531,342.2350769042969,88.33273315429688,59.23763656616211,19.59941673278809,41.70438003540039,51.136810302734375,44.99938583374024,140.5166015625,57.459999084472656,98.38999938964844,94.78468322753906,1420.0899658203125,185.5247802734375,97.82538604736328,655.2117309570312,3.549999952316284,3.8529999256134033,81.2300033569336,147.13999938964844,3.9760000705718994,4.583000183105469,25.309999465942383,134.25,1.71,2.29,3.04,0.8,0.25,-0.03,6596454.0,809593.0,6.96,-0.525,3.99,0.58,5779901.0,-8.644104966384948,1.9929064039408868,66.19161615468035,63.430338972705904,32.10042423939197,False,False,False,0.0956964903570731,-2.030726144029045,-0.7715858487502061,2.27,222000.0,53.6,,52.2,24.8700008392334,1947000.0,1.017691942575847,,,,,,,,,,,,,,,calc_tnx_dfii10,,,,,,,,,,fred_backfill_s288,,fred_backfill_s288,,,,,,137450.0,10495.0,10530.0,-35.0,0.0166898894498228,39.2056921711265,,,,,,,0,12.69706916809082,btlong_seed_s288,btlong_seed_s288,0.0
2025-10-17,74.7194595336914,59.50772857666016,53.1660385131836,28.43350601196289,388.989990234375,54.45000076293945,205.65206909179688,241.59117126464844,147.76699829101562,46.77203750610352,247.66754150390625,46.9900016784668,341.7665405273437,88.19735717773438,59.28646469116211,19.16032791137696,42.04670333862305,51.551753997802734,44.84267807006836,141.45455932617188,57.540000915527344,98.43000030517578,94.6291961669922,1415.719970703125,186.4669952392578,97.85457611083984,658.9308471679688,3.5920000076293945,3.8320000171661377,78.62000274658203,147.6300048828125,4.006999969482422,4.603000164031982,20.780000686645508,115.62999725341795,1.75,2.29,3.04,0.8,0.25,0.02,6596454.0,809593.0,4.102,-0.522,4.02,0.56,5782759.0,-8.64379558939181,1.9917156862745096,66.14814070121727,63.30118638378079,28.39097376376276,False,False,False,0.0495120804853939,-1.3086362139731715,-0.4098681212289179,2.26,222000.0,53.6,,52.2,22.09000015258789,1947000.0,0.9406971726168634,,,,,,,,,,,,,,,calc_tnx_dfii10,,,,,,,,,,fred_backfill_s288,,fred_backfill_s288,,,,,,137225.0,10527.5,10570.0,-42.5,0.0166898894498228,39.2056921711265,,,,,,,0,12.69706916809082,btlong_seed_s288,btlong_seed_s288,0.0
2025-10-20,76.09210205078125,60.676265716552734,53.84112930297852,28.92159652709961,403.1499938964844,54.7400016784668,209.3271026611328,246.30567932128903,147.54258728027344,47.51570892333984,250.8055877685547,47.720001220703125,346.1429443359375,88.53584289550781,59.80403518676758,18.16239356994629,42.49171829223633,52.15441131591797,44.82798767089844,142.95530700683594,57.52000045776367,98.58999633789062,94.7555160522461,1419.739990234375,188.33155822753903,97.86431884765624,665.7840576171875,3.578000068664551,3.79800009727478,77.22000122070312,151.30999755859375,3.986000061035156,4.576000213623047,18.229999542236328,103.18000030517578,1.74,2.28,2.99,0.79,0.25,0.03,6596454.0,809593.0,5.931,-0.522,4.0,0.54,5780930.0,-8.64353668091603,1.9904878048780488,66.105,63.1454236951925,30.34646529537468,False,False,False,0.0200506247735567,-0.7611735993122599,-0.1693924779610682,2.25,231000.0,53.6,,52.2,20.309999465942383,1953000.0,0.8975873964352395,,,,,,,,,,,,,,,calc_tnx_dfii10,,,,,,,,,,fred_backfill_s288,,fred_backfill_s288,,,,,,137175.0,10581.0,10615.0,-34.0,0.0166898894498228,39.2056921711265,,,,,,,0,12.822211265563965,btlong_seed_s288,btlong_seed_s288,0.0
2025-10-21,76.64911651611328,57.74518203735352,53.83134841918945,28.65362548828125,377.239990234375,54.47999954223633,213.0720367431641,245.1444396972656,140.19570922851562,47.77351760864258,250.73587036132807,43.790000915527344,344.2288818359375,88.97101593017578,59.26692962646485,18.01270294189453,42.39391326904297,52.09513473510742,44.37255859375,143.29098510742188,57.81999969482422,98.93000030517578,94.93040466308594,1419.739990234375,189.1944122314453,97.88375091552734,665.7741088867188,3.559999942779541,3.785000085830689,77.18000030517578,149.9499969482422,3.963000059127808,4.547999858856201,17.8700008392334,103.36000061035156,1.7,2.3,2.97,0.79,0.25,0.02,6596454.0,809593.0,4.699,-0.522,3.98,0.53,5782162.0,-8.643509227058354,1.989077669902913,66.06378109300907,62.95237285807981,23.60166645084305,False,False,False,0.0064329574081227,-0.2379112848664069,-0.0554183315615741,2.26,231000.0,53.6,,52.2,19.989999771118164,1953000.0,0.8939470257049342,,,,,,,,,,,,,,,calc_tnx_dfii10,,,,,,,,,,fred_backfill_s288,,fred_backfill_s288,,,,,,137150.0,10612.0,10637.0,-25.0,0.0166898894498228,39.2056921711265,,,,,,,0,12.69706916809082,btlong_seed_s288,btlong_seed_s288,0.0
2025-10-22,76.05231475830078,57.492000579833984,53.43998718261719,28.73975944519043,377.2799987792969,55.290000915527344,210.2558441162109,241.5216827392578,137.25889587402344,46.78195571899414,248.3150634765625,43.880001068115234,337.5496826171875,89.02903747558594,59.28646469116211,18.132455825805664,42.93673324584961,51.79874420166016,44.269718170166016,144.11048889160156,58.5,98.9000015258789,94.9498519897461,1430.739990234375,188.281967163086,97.89348602294922,662.3128051757812,3.552000045776367,3.788000106811523,75.48999786376953,152.85000610351562,3.953000068664551,4.539000034332275,18.600000381469727,104.87000274658205,1.68,2.32,3.01,0.8,0.25,0.01,6589533.0,908001.0,4.005,-0.522,3.97,0.52,5677527.0,-9.41319318175593,1.987584541062802,66.02633663215259,62.757457603842525,22.60303692450638,False,False,False,0.0027685582450931,-0.2712205827562395,-0.0238040479923373,2.27,231000.0,53.6,,52.2,20.309999465942383,1953000.0,0.9158050650203051,,,,,,,,,,,,,,,calc_tnx_dfii10,,,,,,,,,,fred_backfill_s288,,fred_backfill_s288,,,,,,136850.0,10600.0,10618.0,-18.0,0.0166898894498228,39.2056921711265,,,,,,,0,12.889595985412598,btlong_seed_s288,btlong_seed_s288,0.0
2025-10-23,76.95747375488281,58.63132095336914,54.02702713012695,29.16085433959961,378.7900085449219,54.7599983215332,215.42886352539065,244.57867431640625,139.59078979492188,47.52562713623047,250.4369964599609,44.18000030517578,343.7304382324219,88.41978454589844,59.58919143676758,18.2522087097168,43.5088996887207,51.90742111206055,44.23543930053711,144.189453125,61.790000915527344,98.94000244140624,94.63892364501952,1430.4000244140625,189.17459106445312,97.90322875976562,666.2402954101562,3.5969998836517334,3.788000106811523,74.05000305175781,154.33999633789062,3.990999937057495,4.572999954223633,17.299999237060547,98.5999984741211,1.71,2.42,2.96,0.78,0.25,0.06,6589533.0,908001.0,6.941,-0.522,4.01,0.53,5674591.0,-9.4123883545994,1.98625,66.00546798330222,62.63084741366112,24.551208923192668,False,False,False,-0.0199912114958754,-0.3232180464571892,0.1714004327985225,2.28,231000.0,53.6,,52.2,19.64999961853028,1953000.0,0.880407102947033,,,,,,,,,,,,,,,calc_tnx_dfii10,,,,,,,,,,fred_backfill_s288,,fred_backfill_s288,,,,,,136925.0,10797.0,10806.0,-9.0,0.0166898894498228,39.2056921711265,,,,,,,0,13.072494506835938,btlong_seed_s288,btlong_seed_s288,0.0
2025-10-24,77.06687927246094,59.2642822265625,55.32829284667969,29.170425415039062,377.5199890136719,54.5099983215332,216.5673065185547,247.56619262695312,144.35211181640625,47.9222526550293,253.0570373535156,43.9900016784668,350.0508117675781,88.45846557617188,59.78450775146485,18.17237091064453,43.06877136230469,52.47055816650391,44.75453567504883,144.17958068847656,61.5,98.9499969482422,94.7263641357422,1435.8399658203125,189.6903076171875,97.9324188232422,671.6851806640625,3.601999998092652,3.763000011444092,68.94000244140625,153.49000549316406,3.996999979019165,4.585000038146973,16.3700008392334,98.02999877929688,1.73,2.4,2.88,0.77,0.25,0.09,6589533.0,908001.0,2.435,-0.519,4.02,0.54,5679097.0,-9.414006644537556,1.985023923444976,65.9833823559331,62.53203382330426,25.40571997579804,False,False,False,-0.0347968532250193,-0.2709653301374988,0.2986248498746935,2.27,231000.0,53.6,,52.2,19.200000762939453,1953000.0,0.8526041764972935,,,,,,,,,,,,,,,calc_tnx_dfii10,,,,,,,,,,fred_backfill_s288,,fred_backfill_s288,,,,,,136350.0,10807.0,10842.0,-35.0,0.0166898894498228,39.2056921711265,,,,,,,0,13.091747283935549,btlong_seed_s288,btlong_seed_s288,0.0
2025-10-27,77.35533142089844,59.4298210144043,56.688262939453125,29.447967529296875,367.010009765625,54.720001220703125,218.6045684814453,248.42970275878903,142.5763702392578,48.07098388671875,257.5997314453125,42.400001525878906,358.823486328125,88.75824737548828,60.22394943237305,17.70334243774414,43.17147064208984,52.68791198730469,44.87696075439453,144.51528930664062,61.310001373291016,98.77999877929688,94.7263641357422,1436.969970703125,190.5333404541016,97.942138671875,679.6094970703125,3.614000082015991,3.7179999351501465,66.87000274658203,148.5,3.996999979019165,4.570000171661377,15.789999961853027,97.4000015258789,1.73,2.37,2.8,0.76,0.25,0.12,6589533.0,908001.0,10.642,-0.519,4.01,0.53,5670890.0,-9.413728701111568,1.983809523809524,65.96058537552996,62.447627051401945,25.28906905167172,False,False,False,-0.0419043701095198,-0.0064605569933186,0.3627198756993088,2.27,221000.0,53.6,,52.2,18.989999771118164,1962000.0,0.831490266043499,,,,,,,,,,,,,,,calc_tnx_dfii10,,,,,,,,,,fred_backfill_s288,,fred_backfill_s288,,,,,,135975.0,10987.0,11013.0,-26.0,0.0166898894498228,39.2056921711265,,,,,,,0,13.082120895385742,btlong_seed_s288,btlong_seed_s288,0.0
2025-10-28,77.66368103027344,60.21858978271485,56.72739791870117,29.59152030944824,364.3800048828125,54.540000915527344,217.2463836669922,247.09971618652344,149.59152221679688,47.89250564575195,259.58221435546875,42.70000076293945,361.983642578125,88.99034881591797,60.21418762207031,18.14243507385254,42.721561431884766,52.35200500488281,44.13750076293945,143.60691833496094,60.150001525878906,98.69000244140624,94.81382751464844,1430.969970703125,188.8968811035156,97.95187377929688,681.41455078125,3.61299991607666,3.7200000286102295,67.30000305175781,140.3699951171875,3.983000040054321,4.546999931335449,16.420000076293945,101.51000213623048,1.71,2.36,2.82,0.76,0.25,0.1,6589533.0,908001.0,14.096,-0.519,3.99,0.52,5667436.0,-9.414381335854138,1.9825118483412325,65.93237865781322,62.36271176095736,26.47731702978941,False,False,False,-0.0168543814549464,-0.3847652975200904,0.1438266858810095,2.27,221000.0,53.6,,52.2,19.549999237060547,1962000.0,0.8398977348892616,,,,,,,,,,,,,,,calc_tnx_dfii10,,,,,,,,,,fred_backfill_s288,,fred_backfill_s288,,,,,,134575.0,10917.0,10947.0,-30.0,0.0166898894498228,39.2056921711265,,,,,,,0,12.937726020812988,btlong_seed_s288,btlong_seed_s288,0.0
2025-10-29,76.07221984863281,61.19236755371094,57.1285400390625,29.84034919738769,363.0,54.61000061035156,217.1565093994141,244.9955444335937,153.72840881347656,48.15031433105469,260.7975769042969,43.22999954223633,367.4665832519531,88.09098052978516,59.87239456176758,18.11249542236328,43.039432525634766,51.46284103393555,44.122806549072266,142.1555633544922,60.47999954223633,99.22000122070312,94.20167541503906,1425.969970703125,186.78436279296875,97.96160125732422,681.7418823242188,3.697000026702881,3.7300000190734863,65.75,139.4499969482422,4.058000087738037,4.599999904632568,16.920000076293945,103.56999969482422,1.78,2.37,2.76,0.75,0.25,0.15,6587034.0,957990.0,19.504,-0.519,4.08,0.49,5609540.0,-9.496965689884984,1.9815566037735848,65.90603866208579,62.297118558722026,28.01174859442459,False,False,False,-0.0118868347690114,-0.8109271571352734,0.0998131174379359,2.28,221000.0,53.6,,52.2,19.82999992370605,1962000.0,0.8532526546339869,,,,,,,,,,,,,,,calc_tnx_dfii10,,,,,,,,,,fred_backfill_s288,,fred_backfill_s288,,,,,,135350.0,11067.5,11091.0,-23.5,0.0166898894498228,39.2056921711265,,,,,,,0,12.995484352111816,btlong_seed_s288,btlong_seed_s288,0.0
2025-10-30,75.92301940917969,60.48150634765625,55.876197814941406,29.71593475341797,370.1300048828125,54.27000045776367,215.0194091796875,243.0204162597656,154.0211181640625,47.62478256225586,256.74298095703125,44.34000015258789,362.6017456054688,87.57843017578125,59.59896087646485,17.673404693603516,42.785133361816406,51.60115432739258,43.93672180175781,142.4715118408203,60.56999969482422,99.52999877929688,94.06564331054688,1424.010009765625,185.98101806640625,97.9713363647461,674.2439575195312,3.7200000286102295,3.756999969482422,66.87999725341797,141.14999389648438,4.0929999351501465,4.646999835968018,16.90999984741211,102.83999633789062,1.82,2.38,2.85,0.77,0.25,0.19,6587034.0,957990.0,19.166,-0.519,4.11,0.5,5609878.0,-9.497164041995864,1.980798122065728,65.88038462858934,62.241016840530655,26.033744020926687,False,False,False,-0.0006504805222211,-0.9449596404947248,0.0054299133522182,2.27,221000.0,53.6,,52.2,19.979999542236328,1962000.0,0.8463463581000363,,,,,,,,,,,,,,,calc_tnx_dfii10,,,,,,,,,,fred_backfill_s288,,fred_backfill_s288,,,,,,134950.0,10949.0,10980.0,-31.0,0.0166898894498228,39.2056921711265,,,,,,,0,13.033989906311035,btlong_seed_s288,btlong_seed_s288,0.0
2025-10-31,76.90773010253906,60.14068222045898,54.89780044555664,29.830780029296875,368.1199951171875,53.970001220703125,215.498764038086,244.3900909423828,151.3282470703125,47.852840423583984,257.978271484375,44.0099983215332,361.8939208984375,87.31732177734375,59.55012893676758,17.393983840942383,43.09811401367188,51.73946762084961,43.633094787597656,142.42214965820312,60.97999954223633,99.8000030517578,94.10450744628906,1424.02001953125,186.3876342773437,98.00052642822266,676.4556274414062,3.7170000076293945,3.7179999351501465,66.61000061035156,142.77999877929688,4.10099983215332,4.670000076293945,17.440000534057617,104.45999908447266,1.81,2.4,2.94,0.8,0.25,0.22,6587034.0,957990.0,51.802,-0.515,4.11,0.51,5577242.0,-9.49765468184892,1.98,65.85693780999435,62.19186427229542,24.833342565596773,False,False,False,-0.0175303185227673,-0.8576891266414929,0.1466316976850787,2.29,221000.0,53.6,,52.2,20.489999771118164,1962000.0,0.8511469364992529,,,,,,,,,,,,,,,calc_tnx_dfii10,,,,,,,,,,fred_backfill_s288,,fred_backfill_s288,,,,,,134625.0,10901.5,10920.0,-18.5,0.0166898894498228,39.2056921711265,,,,,,,0,13.072494506835938,btlong_seed_s288,btlong_seed_s288,0.0
2025-11-03,76.88784790039062,58.63132095336914,54.574928283691406,30.165742874145508,368.7799987792969,54.2400016784668,214.6898498535156,243.60601806640625,145.32778930664062,47.71402359008789,259.2434997558594,43.7599983215332,364.9643859863281,87.09894561767578,59.69661712646485,17.0546875,43.103004455566406,51.522117614746094,43.65758514404297,142.61961364746094,61.04999923706055,99.87000274658205,94.0596694946289,1427.1700439453125,185.93142700195312,98.02787017822266,677.7251586914062,3.714999914169312,3.7829999923706055,67.2300033569336,141.99000549316406,4.105999946594238,4.689000129699707,17.170000076293945,101.43000030517578,1.82,2.41,3.04,0.83,0.35,0.15,6587034.0,957990.0,23.792,-0.515,4.13,0.53,5605252.0,-9.497176533147622,1.9792558139534884,65.8340476263137,62.14254224098335,21.26723048061425,False,False,False,-0.0186589429667716,-0.6178069006057915,0.1572450920575789,2.29,228000.0,51.0,,52.2,20.3799991607666,1946000.0,0.8424926782797811,,,,,,,,,,,,,,,calc_tnx_dfii10,,,,,,,,,,fred_backfill_s288,,fred_backfill_s288,,,,,,133600.0,10872.5,10888.0,-15.5,0.0163031950415009,39.1417148731663,,,,,,,0,13.207262992858888,btlong_seed_s288,btlong_seed_s288,0.0
2025-11-04,75.01786041259766,56.41110229492188,53.59653091430664,29.84034919738769,362.3200073242188,54.02000045776367,211.4741973876953,239.39767456054688,138.6053466796875,47.22815704345703,253.9834899902344,42.7400016784668,351.665771484375,87.29306030273438,58.905609130859375,17.493778228759766,42.638427734375,51.78886795043945,43.50088119506836,143.26138305664062,60.560001373291016,100.22000122070312,94.1766357421875,1428.969970703125,184.7015991210937,98.02787017822266,669.6917114257812,3.700999975204468,3.7929999828338623,68.0199966430664,144.00999450683594,4.089000225067139,4.670000076293945,19.0,104.44000244140624,1.81,2.38,3.13,0.83,0.35,0.14,6587034.0,957990.0,16.983,-0.515,4.1,0.52,5612061.0,-9.49742678640163,1.9784722222222224,65.80905214644156,62.0983050071587,16.30783429995615,False,False,False,-0.0042688879511889,-0.4220581193498198,0.0361886629152916,2.28,228000.0,51.0,,52.2,21.290000915527344,1946000.0,0.8924377258313226,,,,,,,,,,,,,,,calc_tnx_dfii10,,,,,,,,,,fred_backfill_s288,,fred_backfill_s288,,,,,,133900.0,10600.5,10625.0,-24.5,0.0163031950415009,39.1417148731663,,,,,,,0,13.091747283935549,btlong_seed_s288,btlong_seed_s288,0.0
2025-11-05,75.16706085205078,57.74518203735352,54.15421676635742,30.720821380615234,366.510009765625,54.29999923706055,209.18728637695312,242.8516845703125,138.59559631347656,47.495880126953125,255.60728454589844,43.650001525878906,358.3848571777344,86.34188842773438,59.27669906616211,17.533695220947266,42.75090408325195,51.96669769287109,43.51067352294922,143.81427001953125,59.59999847412109,100.1999969482422,93.72827911376952,1439.81005859375,185.7826538085937,98.04739379882812,672.0125122070312,3.765000104904175,3.788000106811523,72.41999816894531,143.63999938964844,4.1570000648498535,4.736000061035156,18.010000228881836,100.7699966430664,1.87,2.39,3.05,0.81,0.35,0.21,6572732.0,940979.0,12.814,-0.515,4.17,0.54,5618939.0,-8.266698668905569,1.9779723502304143,65.77976415742118,62.04661004017975,18.66121276531916,False,False,False,-0.0049469173341654,-0.6793233048039937,0.0415371055457995,2.29,228000.0,51.0,,52.2,20.600000381469727,1946000.0,0.8742718395812425,,,,,,,,,,,,,,,calc_tnx_dfii10,,,,,,,,,,fred_backfill_s288,,fred_backfill_s288,,,,,,133975.0,10603.0,10640.0,-37.0,0.0163031950415009,39.1417148731663,,,,,,,0,13.072494506835938,btlong_seed_s288,btlong_seed_s288,0.0
2025-11-06,74.22212982177734,58.465782165527344,54.83909606933594,30.663402557373047,366.0700073242188,53.619998931884766,207.28985595703125,238.5540466308593,132.09754943847656,47.257904052734375,250.8753204345703,43.54999923706055,350.0009460449219,87.11836242675781,59.00326156616211,17.284210205078125,43.16657638549805,51.77898788452149,43.31968307495117,144.09072875976562,59.43000030517578,99.7300033569336,94.20588684082033,1439.739990234375,184.4734802246093,98.0571517944336,664.8021850585938,3.688999891281128,3.763000011444092,72.44000244140625,143.5399932861328,4.0929999351501465,4.688000202178955,19.5,105.70999908447266,1.83,2.37,3.13,0.82,0.35,0.18,6572732.0,940979.0,10.754,-0.515,4.11,0.54,5620999.0,-8.267089228901646,1.977293577981652,65.74995305952332,61.96983039985269,19.72787162816094,False,False,False,-0.0276479547305987,-0.6221376034786679,0.2324015423200514,2.26,228000.0,51.0,,52.2,21.350000381469727,1946000.0,0.9133489298166292,,,,,,,,,,,,,,,calc_tnx_dfii10,,,,,,,,,,fred_backfill_s288,,fred_backfill_s288,,,,,,134475.0,10723.0,10760.0,-37.0,0.0163031950415009,39.1417148731663,,,,,,,0,13.091747283935549,btlong_seed_s288,btlong_seed_s288,0.0
2025-11-07,74.97807312011719,59.274017333984375,53.89005279541016,30.912229537963867,368.30999755859375,53.75,208.7578582763672,239.8046112060547,133.50253295898438,47.357059478759766,250.1082305908203,43.91999816894531,347.0401611328125,86.9339370727539,59.18880844116211,16.84511947631836,43.78764343261719,52.14453125,43.92202758789063,144.28817749023438,59.75,99.5999984741211,94.24488067626952,1447.9000244140625,186.0206756591797,98.08644104003906,665.4567260742188,3.680000066757202,3.756999969482422,74.41000366210938,141.27000427246094,4.0929999351501465,4.699999809265137,19.07999992370605,103.5999984741211,1.83,2.36,3.15,0.84,0.35,0.19,6572732.0,940979.0,4.903,-0.512,4.11,0.56,5626850.0,-8.266920126122079,1.97662100456621,65.72191589569377,61.918135497529626,20.97316664672477,False,False,False,-0.0311118654856489,-0.6658926502991398,0.2609019029778743,2.26,228000.0,51.0,,52.2,21.190000534057617,1946000.0,0.9004247023514573,,,,,,,,,,,,,,,calc_tnx_dfii10,,,,,,,,,,fred_backfill_s288,,fred_backfill_s288,,,,,,135900.0,10720.0,10745.0,-25.0,0.0163031950415009,39.1417148731663,,,,,,,0,13.12062644958496,btlong_seed_s288,btlong_seed_s288,0.0
2025-11-10,76.32088470458984,60.89049530029297,54.70212173461914,31.314186096191406,378.3800048828125,54.150001525878906,210.6852569580078,242.20654296875,136.2539520263672,47.72394180297852,255.60728454589844,45.790000915527344,357.67706298828125,86.9145278930664,59.91145324707031,16.67547035217285,44.18375778198242,52.33224487304688,43.9073371887207,145.4137420654297,60.130001068115234,99.62000274658205,94.11817932128906,1454.0,187.09182739257807,98.09619903564452,675.8407592773438,3.7100000381469727,3.7829999923706055,78.86000061035156,142.94000244140625,4.110000133514404,4.702000141143799,17.600000381469727,98.91000366210938,1.84,2.38,3.02,0.82,0.35,0.18,6572732.0,940979.0,7.152,-0.512,4.13,0.55,5624601.0,-8.26688977409109,1.976,65.69590698951899,61.86237283480369,24.01498344048727,False,False,False,-0.0318470822611228,-1.0646225561358649,0.2631644223745972,2.27,228000.0,51.0,,52.2,20.239999771118164,1949000.0,0.8695652460720067,,,,,,,,,,,,,,,calc_tnx_dfii10,,,,,,,,,,fred_backfill_s288,,fred_backfill_s288,,,,,,136275.0,10800.0,10820.0,-20.0,0.0163031950415009,39.1417148731663,,,,,,,0,13.265020370483398,btlong_seed_s288,btlong_seed_s288,0.0
2025-11-11,76.45018768310547,60.374393463134766,54.16400146484375,32.05110549926758,379.8699951171875,54.7400016784668,210.2258758544922,242.4149780273437,133.08297729492188,47.51570892333984,254.919921875,46.45000076293945,349.9610595703125,87.31246185302734,60.28254699707031,16.895017623901367,44.76081085205078,52.56935501098633,43.93182373046875,148.77066040039062,61.040000915527344,99.45999908447266,94.41057586669922,1456.0899658203125,188.17286682128903,98.10597229003906,677.3878784179688,3.7190001010894775,3.7829999923706055,,143.4499969482422,4.119999885559082,4.710000038146973,17.280000686645508,99.5999984741211,1.84,2.38,3.02,0.82,0.35,0.18,6572732.0,940979.0,7.152,-0.512,4.13,0.55,5624601.0,-8.267127291758348,1.9753846153846155,65.67435186880606,61.84016948635296,22.53187274562989,False,False,False,-0.0050747959921547,-1.327272852332474,0.0415018879891722,2.28,228000.0,51.0,,52.2,20.190000534057617,1949000.0,0.8558692535691933,,,,,,,,,,,,,,,calc_tnx_dfii10,,,,,,,,,,fred_backfill_s288,,fred_backfill_s288,,,,,,136250.0,10777.0,10805.0,-28.0,0.0163031950415009,39.1417148731663,,,,,,,0,13.34203052520752,btlong_seed_s288,btlong_seed_s288,0.0
2025-11-12,75.65444946289062,61.65978240966797,53.74329376220703,31.792699813842773,385.989990234375,54.560001373291016,209.3570556640625,241.8194580078125,133.39520263671875,47.77351760864258,254.74061584472656,48.31999969482422,354.4271545410156,87.4677505493164,60.67317199707031,17.493778228759766,44.134857177734375,53.0238151550293,44.0346565246582,150.883544921875,58.4900016784668,99.4800033569336,94.43006896972656,1459.8399658203125,188.61917114257807,98.11573791503906,677.7647705078125,3.6679999828338623,3.7780001163482666,81.12000274658203,138.57000732421875,4.065000057220459,4.660999774932861,17.510000228881836,103.47000122070312,1.81,2.37,3.02,0.83,0.35,0.13,6580462.0,953816.0,5.886,-0.512,4.08,0.52,5620760.0,-7.742544850658217,1.97463963963964,65.64124426424229,61.76016953031896,24.66544419858192,False,False,False,0.0034193946510281,-1.9203682938739688,-0.0273148202875352,2.26,228000.0,51.0,,52.2,20.34000015258789,1949000.0,0.8608652948635308,,,,,,,,,,,,,,,calc_tnx_dfii10,,,,,,,,,,fred_backfill_s288,,fred_backfill_s288,,,,,,136250.0,10833.0,10854.0,-21.0,0.0163031950415009,39.1417148731663,,,,,,,0,13.178383827209473,btlong_seed_s288,btlong_seed_s288,0.0
2025-11-13,74.36138916015625,60.12120819091797,53.10733413696289,31.563013076782227,382.8699951171875,54.20000076293945,204.7632598876953,235.0206451416016,126.80935668945312,46.71254348754883,249.53042602539065,47.41999816894531,343.7503967285156,86.7495346069336,59.96028518676758,17.384004592895508,44.24733352661133,52.34212493896485,43.42741775512695,150.8045654296875,58.68999862670898,99.18000030517578,94.15715026855467,1468.02001953125,186.48681640625,98.12550354003906,666.5179443359375,3.703000068664551,3.7929999828338623,79.0999984741211,142.49000549316406,4.111999988555908,4.702000141143799,20.0,111.25,1.83,2.37,3.09,0.84,0.35,0.15,6580462.0,953816.0,3.761,-0.512,4.11,0.53,5622885.0,-7.742655847567281,1.9739910313901343,65.6093578163637,61.67830509250447,21.13224535896489,False,False,False,-0.0013841760171681,-1.5561986124118945,0.0111758643061605,2.28,228000.0,51.0,,52.2,21.850000381469727,1949000.0,0.9153317917999374,,,,,,,,,,,,,,,calc_tnx_dfii10,,,,,,,,,,fred_backfill_s288,,fred_backfill_s288,,,,,,136175.0,10942.0,10959.0,-17.0,0.0163031950415009,39.1417148731663,,,,,,,0,13.130252838134766,btlong_seed_s288,btlong_seed_s288,0.0
2025-11-14,74.34148406982422,59.54668045043945,52.05066680908203,31.754419326782227,375.9599914550781,54.619998931884766,205.6620483398437,235.7054748535156,125.82392120361328,46.59355926513672,249.6997833251953,45.959999084472656,343.909912109375,86.25454711914062,59.88216400146485,17.553653717041016,45.00043487548828,51.81850814819336,43.46659851074219,149.90609741210938,60.09000015258789,99.2699966430664,94.00119018554688,1468.7099609375,185.802490234375,98.15479278564452,666.408935546875,3.734999895095825,3.788000106811523,79.70999908447266,137.92999267578125,4.1479997634887695,4.747000217437744,19.82999992370605,107.9499969482422,1.86,2.38,3.07,0.83,0.35,0.19,6580462.0,953816.0,1.559,-0.51,4.14,0.52,5625087.0,-7.742454600694892,1.973482142857143,65.58415526995375,61.617796623100666,19.568155738761163,False,False,False,0.0119786395154257,-1.144381039635171,-0.09798714751029,2.29,228000.0,51.0,,52.2,21.57999992370605,1949000.0,0.9189063945233109,,,,,,,,,,,,,,,calc_tnx_dfii10,,,,,,,,,,fred_backfill_s288,,fred_backfill_s288,,,,,,135725.0,10851.0,10855.0,-4.0,0.0163031950415009,39.1417148731663,,,,,,,0,13.14950466156006,btlong_seed_s288,btlong_seed_s288,0.0
2025-11-17,73.36671447753906,58.38787460327149,51.52233123779297,31.3716049194336,371.6499938964844,54.650001525878906,203.5349273681641,231.020736694336,123.22860717773438,45.88954544067383,247.5878448486328,45.470001220703125,339.244384765625,86.46807098388672,59.11067962646485,17.62350845336914,44.17887115478516,50.83054733276367,43.85836410522461,149.77774047851562,59.90999984741211,99.58999633789062,94.1084213256836,1446.530029296875,183.36268615722656,98.16455841064452,660.2002563476562,3.720999956130981,3.7720000743865967,82.58000183105469,140.89999389648438,4.132999897003174,4.736000061035156,22.3799991607666,117.86000061035156,1.85,2.37,3.13,0.84,0.35,0.16,6580462.0,953816.0,3.172,-0.51,4.13,0.53,5623474.0,-7.7423102333806675,1.9729333333333328,65.55836365439676,61.53491521285752,16.884423957789018,False,False,False,0.0336108208871097,-1.1289342160100682,-0.2747187385572935,2.28,222000.0,51.0,,52.2,23.18000030517578,1943000.0,0.9654874402986721,,,,,,,,,,,,,,,calc_tnx_dfii10,,,,,,,,,,fred_backfill_s288,,fred_backfill_s288,,,,,,136050.0,10799.0,10803.0,-4.0,0.0163031950415009,39.1417148731663,,,,,,,0,13.130252838134766,btlong_seed_s288,btlong_seed_s288,1.0
2025-11-18,72.83953857421875,57.19987106323242,51.4538459777832,31.30461311340332,374.3500061035156,54.61000061035156,202.48634338378903,231.72544860839844,123.36519622802734,45.77055740356445,244.57928466796875,46.09999847412109,332.25616455078125,86.4389419555664,58.50522232055664,17.693363189697266,44.53096771240234,50.751502990722656,43.69186019897461,150.65646362304688,60.7400016784668,99.5500030517578,94.26436614990234,1461.68994140625,183.4717712402344,98.16455841064452,654.65625,3.694000005722046,3.7720000743865967,83.18000030517578,142.97999572753906,4.123000144958496,4.743000030517578,24.690000534057617,124.31999969482422,1.85,2.36,3.2,0.85,0.35,0.18,6580462.0,953816.0,0.905,-0.51,4.12,0.54,5625741.0,-7.742560370651608,1.972389380530973,65.53656111151923,61.49237286842475,14.18448169558346,False,False,False,0.0608789620389018,-1.2730214601496728,-0.4943609667065853,2.27,222000.0,51.0,,52.2,24.540000915527344,1943000.0,1.0061124536647985,,,,,,,,,,,,,,,calc_tnx_dfii10,,,,,,,,,,fred_backfill_s288,,fred_backfill_s288,,,,,,140500.0,10649.0,10695.0,-46.0,0.0163031950415009,39.1417148731663,,,,,,,0,13.245768547058104,btlong_seed_s288,btlong_seed_s288,1.0
2025-11-19,72.98873901367188,58.28076171875,50.7494010925293,31.094066619873047,374.9599914550781,54.83000183105469,202.85585021972656,231.6857452392578,126.44835662841795,45.90937805175781,246.01382446289065,46.45000076293945,338.3870849609375,86.26425170898438,58.30990982055664,17.573612213134766,43.95391082763672,50.93922424316406,43.3245849609375,150.39974975585938,59.43999862670898,100.2300033569336,94.1961441040039,1456.550048828125,182.91636657714844,98.18408203125,657.185302734375,3.7079999446868896,3.7720000743865967,84.31999969482422,143.0500030517578,4.132999897003174,4.751999855041504,23.65999984741211,119.56999969482422,1.86,2.36,3.17,0.84,0.35,0.18,6555283.0,941926.0,1.129,-0.51,4.13,0.55,5612228.0,-6.651788128972047,1.971894273127753,65.50909911834442,61.41254231081171,16.005031541414084,False,False,False,0.0651185475540421,-1.39741122174577,-0.5256587649813742,2.27,222000.0,51.0,,52.2,23.989999771118164,1943000.0,0.9862442714941855,,,,,,,,,,,,,,,calc_tnx_dfii10,,,,,,,,,,fred_backfill_s288,,fred_backfill_s288,,,,,,157875.0,10784.0,10815.0,-31.0,0.0163031950415009,39.1417148731663,,,,,,,0,13.111000061035156,btlong_seed_s288,btlong_seed_s288,0.0
2025-11-20,71.11876678466797,55.92421340942383,49.42856597900391,30.5294132232666,374.8500061035156,54.720001220703125,198.50173950195312,227.3980255126953,119.63809204101562,45.12604141235352,240.1959686279297,45.77999877929688,324.091552734375,86.60394287109375,57.51890563964844,17.413944244384766,43.455108642578125,50.49463653564453,43.10420989990234,149.50128173828125,59.13999938964844,100.16000366210938,94.42032623291016,1466.1300048828125,180.6848297119141,98.20362091064452,647.1683349609375,3.67300009727478,3.775000095367432,77.80999755859375,144.9600067138672,4.105999946594238,4.73199987411499,26.420000076293945,128.64999389648438,1.86,2.34,3.17,0.85,0.35,0.16,6555283.0,941926.0,6.52,-0.51,4.1,0.55,5606837.0,-6.651920903681152,1.97140350877193,65.48053813301394,61.31999995344776,11.050486329295572,False,False,False,0.0471069808129407,-0.9580820987689602,-0.3857154328548073,2.25,222000.0,51.0,,52.2,25.76000022888184,1943000.0,1.0256211118613314,,,,,,,,,,,,,,,calc_tnx_dfii10,,,,,,,,,,fred_backfill_s288,,fred_backfill_s288,,,,,,157925.0,10789.0,10803.0,-14.0,0.0163031950415009,39.1417148731663,,,,,,,0,12.985857963562012,btlong_seed_s288,btlong_seed_s288,0.0
2025-11-21,71.17843627929688,56.85904312133789,49.32094192504883,30.65382957458496,374.2699890136719,54.209999084472656,197.96246337890625,233.83953857421875,118.07699584960938,46.05811309814453,241.99908447265625,45.29999923706055,325.1183776855469,86.8659896850586,58.36850357055664,17.68338394165039,43.72896194458008,51.04789733886719,43.167877197265625,152.65086364746094,58.060001373291016,100.18000030517578,94.73223876953124,1473.25,184.2354431152344,98.2231216430664,653.6148681640625,3.618000030517578,3.740000009536743,78.80999755859375,148.33999633789062,4.063000202178955,4.715000152587891,23.43000030517578,118.33999633789062,1.82,2.32,3.19,0.86,0.35,0.16,6555283.0,941926.0,2.503,-0.509,4.06,0.55,5610854.0,-6.651141072698019,1.9707423580786028,65.44741073676518,61.21915248288946,12.61930315825146,False,False,False,0.0387216015121589,-0.66877889581977,-0.3199190643846883,2.24,222000.0,51.0,,52.2,23.959999084472656,1943000.0,0.9778798497684275,,,,,,,,,,,,,,,calc_tnx_dfii10,,,,,,,,,,fred_backfill_s288,,fred_backfill_s288,,,,,,155025.0,10685.5,10705.0,-19.5,0.0163031950415009,39.1417148731663,,,,,,,0,12.918474197387695,btlong_seed_s288,btlong_seed_s288,0.0
2025-11-24,72.06369018554688,58.43656539916992,50.71026611328125,30.816526412963867,380.2000122070313,54.220001220703125,200.4191436767578,238.10739135742188,122.2919464111328,46.583641052246094,248.1955108642578,46.630001068115234,338.06805419921875,87.36100006103516,58.65170669555664,17.87299156188965,43.60670471191406,51.2652473449707,43.65758514404297,153.29261779785156,58.84000015258789,100.13999938964844,94.87842559814452,1467.72998046875,184.99913024902344,98.2328872680664,663.2351684570312,3.6050000190734863,3.7300000190734863,76.81999969482422,148.60000610351562,4.038000106811523,4.677999973297119,20.520000457763672,103.95999908447266,1.81,2.3,3.15,0.85,0.35,0.13,6555283.0,941926.0,1.077,-0.509,4.04,0.58,5612280.0,-6.651117358629555,1.9700434782608696,65.41804446750217,61.17949994405111,15.426304395563694,False,False,False,0.0616108194068358,-1.0394927198275803,-0.502346852970188,2.23,218000.0,51.0,,52.2,21.850000381469727,1932000.0,0.9391304393370179,,,,,,,,,,,,,,,calc_tnx_dfii10,,,,,,,,,,fred_backfill_s288,,fred_backfill_s288,,,,,,155750.0,10795.0,10780.0,15.0,0.0163031950415009,39.1417148731663,,,,,,,0,12.96660614013672,btlong_seed_s288,btlong_seed_s288,0.0
2025-11-25,73.21751403808594,59.040313720703125,51.30708312988281,31.151487350463867,380.0799865722656,54.27999877929688,202.12681579589844,243.2983245849609,123.38471221923828,47.57520294189453,249.7197265625,46.66999816894531,338.955322265625,87.584228515625,59.20833969116211,17.71332359313965,43.33284759521485,51.90742111206055,43.4910774230957,156.75816345214844,57.95000076293945,99.66000366210938,95.12212371826172,1474.8599853515625,187.6273803710937,98.25242614746094,669.4734497070312,3.565000057220459,3.732000112533569,72.81999969482422,151.67999267578125,4.001999855041504,4.6579999923706055,18.559999465942383,96.8499984741211,1.79,2.27,3.1,0.84,0.35,0.11,6555283.0,941926.0,2.314,-0.509,4.01,0.58,5611043.0,-6.652020164921535,1.9692640692640693,65.38500002633154,61.05216668446859,16.28586711870583,False,False,False,0.0478266413049486,-1.0389198625703369,-0.3894996764126137,2.21,218000.0,51.0,,52.2,20.729999542236328,1932000.0,0.8953207851320653,,,,,,,,,,,,,,,calc_tnx_dfii10,,,,,,,,,,fred_backfill_s288,,fred_backfill_s288,,,,,,156575.0,10876.0,10858.0,18.0,0.0163031950415009,39.1417148731663,,,,,,,0,12.90884780883789,btlong_seed_s288,btlong_seed_s288,0.0
2025-11-26,72.57098388671875,60.62757110595703,51.170108795166016,32.03196334838867,383.1199951171875,54.66999816894531,203.4250640869141,245.45211791992188,125.21898651123048,47.89250564575195,251.961181640625,48.400001525878906,346.63140869140625,87.97245025634766,59.84309387207031,18.20231056213379,43.66049575805664,52.3124885559082,44.068939208984375,156.41258239746094,58.650001525878906,99.5999984741211,95.20008087158205,1464.9200439453125,188.93655395507807,98.2621841430664,674.09521484375,3.572000026702881,3.753000020980835,71.9000015258789,145.0399932861328,3.997999906539917,4.644000053405762,17.190000534057617,92.16999816894533,1.77,2.29,3.0,0.82,0.35,0.08,6552419.0,903394.0,2.217,-0.509,4.0,0.55,5646808.0,-5.920808079236339,1.9684051724137928,65.35533042941324,60.96350002288818,19.035198564440982,False,False,False,0.0607961892784529,-1.7818283140602795,-0.4812445249004886,2.23,218000.0,51.0,,52.2,20.020000457763672,1932000.0,0.8586413656844551,,,,,,,,,,,,,,,calc_tnx_dfii10,,,,,,,,,,fred_backfill_s288,,fred_backfill_s288,,,,,,156500.0,10978.0,10965.0,13.0,0.0163031950415009,39.1417148731663,,,,,,,0,13.082120895385742,btlong_seed_s288,btlong_seed_s288,0.0
2025-11-27,72.57098388671875,60.62757110595703,51.170108795166016,32.03196334838867,383.1199951171875,54.66999816894531,203.4250640869141,245.45211791992188,125.21898651123048,47.89250564575195,251.961181640625,48.400001525878906,346.63140869140625,87.97245025634766,59.84309387207031,18.20231056213379,43.66049575805664,52.3124885559082,44.068939208984375,156.41258239746094,,,95.20008087158205,1470.5899658203125,188.93655395507807,98.2621841430664,674.09521484375,,,,,4.0,,,,1.77,2.29,3.0,0.82,0.35,0.08,6552419.0,903394.0,2.217,-0.509,4.0,0.55,5646808.0,-5.920773531262369,1.9675536480686693,65.35533042941324,60.92084748866194,,False,False,False,,,,2.23,218000.0,51.0,,52.2,20.020000457763672,1932000.0,,,,,,,,,,,,,,,,calc_tnx_dfii10,,,,,,,,,,fred_backfill_s288,,fred_backfill_s288,,,,,,157175.0,10934.0,10925.0,9.0,0.0163031950415009,39.1417148731663,,,,,,,0,13.082120895385742,btlong_seed_s288,btlong_seed_s288,0.0
2025-11-28,73.2573013305664,62.61408996582031,51.48319625854492,32.16594696044922,387.8800048828125,54.709999084472656,204.8231964111328,246.89126586914065,126.81910705566406,48.1304817199707,253.9336853027344,51.209999084472656,351.187255859375,87.55509948730469,60.12629699707031,18.30210304260254,44.23265838623047,52.68791198730469,44.382354736328125,155.65234375,58.54999923706055,99.45999908447266,95.03438568115234,1461.4000244140625,189.9580993652344,98.2914810180664,677.7747192382812,3.5999999046325684,3.697000026702881,68.94999694824219,143.0,4.017000198364258,4.664999961853027,16.350000381469727,90.33999633789062,1.79,2.29,2.95,0.82,0.35,0.14,6552419.0,903394.0,7.561,-0.51,4.02,0.55,5641464.0,-5.920848915118249,1.966794871794872,65.32548248558713,60.86457630739374,22.315229403778325,False,False,False,0.104321255243736,-2.788648902353944,-0.7901607052672377,2.23,218000.0,51.0,,52.2,19.63999938964844,1932000.0,0.8324847703451174,,,,,,,,,,,,,,,calc_tnx_dfii10,,,,,,,,,,fred_backfill_s288,,fred_backfill_s288,,,,,,159425.0,11004.0,10985.5,18.5,0.0163031950415009,39.1417148731663,,,,,,,0,13.236141204833984,btlong_seed_s288,btlong_seed_s288,0.0
2025-12-01,72.40188598632812,63.15940475463867,51.82563781738281,31.964967727661133,389.75,54.33000183105469,198.9710998535156,243.7846527099609,124.14573669433594,47.55537033081055,253.16661071777344,52.52000045776367,351.8651428222656,86.46515655517578,59.82356643676758,18.34202003479004,44.65811920166016,52.25320816040039,43.34417343139648,153.32223510742188,59.31999969482422,99.41000366210938,94.52409362792967,1465.6199951171875,188.65884399414065,98.31400299072266,674.6803588867188,3.67300009727478,3.693000078201294,71.3499984741211,144.86000061035156,4.0960001945495605,4.74399995803833,17.239999771118164,93.76000213623048,1.85,2.31,2.94,0.82,0.35,0.28,6552419.0,903394.0,3.24,-0.51,4.09,0.55,5645785.0,-5.9208017240047095,1.9662978723404247,65.29925766990695,60.81474582219528,22.94543229152186,False,False,False,0.1356085645064941,-3.044015969642979,-1.0063487729576588,2.25,216000.0,52.9,,54.2,20.21999931335449,1894000.0,0.8526211847955822,,,,,,,,,,,,,,,calc_tnx_dfii10,,,,,,,,,,fred_backfill_s288,,fred_backfill_s288,,,,,,159425.0,11299.0,11238.0,61.0,0.0158659303309326,39.5579183868283,,,,,,,0,13.245768547058104,btlong_seed_s288,btlong_seed_s288,0.0
2025-12-02,72.869384765625,62.95491027832031,51.17989730834961,32.56789779663086,387.239990234375,53.880001068115234,201.03829956054688,243.3380279541016,126.93619537353516,47.53554153442383,255.11917114257807,53.130001068115234,358.3150634765625,86.50411987304688,60.01887130737305,18.61146354675293,44.08105850219727,52.20381164550781,43.03565216064453,152.40403747558594,58.63999938964844,99.36000061035156,94.60228729248048,1470.1700439453125,188.48033142089844,98.33360290527344,675.9300537109375,3.658999919891357,3.671999931335449,69.91000366210938,144.94000244140625,4.085999965667725,4.741000175476074,16.59000015258789,91.70999908447266,1.85,2.3,2.92,0.81,0.35,0.32,6552419.0,903394.0,5.62,-0.51,4.09,0.58,5643405.0,-5.920786538296996,1.9658050847457629,65.27030437303625,60.74711867510262,22.1102609378784,False,False,False,0.1631009373085123,-3.179217641320221,-1.1887672520388737,2.24,216000.0,52.9,,54.2,19.84000015258789,1894000.0,0.8361895173888859,,,,,,,,,,,,,,,calc_tnx_dfii10,,,,,,,,,,fred_backfill_s288,,fred_backfill_s288,,,,,,161800.0,11285.0,11210.0,75.0,0.0158659303309326,39.5579183868283,,,,,,,0,13.188010215759276,btlong_seed_s288,btlong_seed_s288,0.0
2025-12-03,73.84415435791016,65.70097351074219,50.53415298461914,32.730594635009766,386.8800048828125,53.40999984741211,201.347885131836,247.7646942138672,129.86325073242188,48.11064910888672,255.73683166503903,53.06999969482422,363.23974609375,86.74762725830078,60.34113693237305,18.65138053894043,44.90752029418945,52.9052619934082,42.89853286743164,153.1149139404297,58.95000076293945,98.8499984741211,94.79781341552734,1467.3599853515625,189.91842651367188,98.34339904785156,678.2706298828125,3.624000072479248,3.634999990463257,66.45999908447266,149.22999572753906,4.057000160217285,4.724999904632568,16.079999923706055,92.38999938964844,1.82,2.29,2.89,0.81,0.35,0.34,6535781.0,937167.0,2.514,-0.51,4.06,0.57,5596100.0,-5.646551926664611,1.9651898734177216,65.24294375134752,60.66711871906863,26.92626152517048,False,False,False,0.1517928478483978,-2.9400948717007487,-1.1065690230725878,2.24,216000.0,52.9,,54.2,19.709999084472656,1894000.0,0.815829562182665,,,,,,,,,,,,,,,calc_tnx_dfii10,,,,,,,,,,fred_backfill_s288,,fred_backfill_s288,,,,,,162150.0,11437.0,11348.0,89.0,0.0158659303309326,39.5579183868283,,,,,,,0,13.245768547058104,btlong_seed_s288,btlong_seed_s288,0.0
2025-12-04,74.3116455078125,65.43804931640625,51.05270385742188,33.22825241088867,387.1300048828125,53.7599983215332,204.39376831054688,249.93833923339844,135.6880645751953,48.32879257202149,255.48776245117188,51.7599983215332,360.4783325195313,86.28008270263672,60.49738693237305,18.55158805847168,45.09823989868164,53.01393508911133,42.81038284301758,151.94985961914062,59.66999816894531,98.98999786376952,94.5045166015625,1465.030029296875,189.9779510498047,98.36297607421876,678.7665405273438,3.681999921798706,3.611999988555908,65.69000244140625,148.91000366210938,4.107999801635742,4.764999866485596,15.779999732971191,91.27999877929688,1.85,2.33,2.88,0.8,0.35,0.4,6535781.0,937167.0,2.233,-0.51,4.11,0.59,5596381.0,-5.646586992145586,1.9647058823529413,65.218922434182,60.62135599427304,26.13351915433053,False,False,False,0.1238631117882764,-2.2686954960209555,-0.926412840539972,2.26,216000.0,52.9,,54.2,19.489999771118164,1894000.0,0.8096459681007926,,,,,,,,,,,,,,,calc_tnx_dfii10,,,,,,,,,,fred_backfill_s288,,fred_backfill_s288,,,,,,162825.0,11472.0,11411.0,61.0,0.0158659303309326,39.5579183868283,,,,,,,0,13.284273147583008,btlong_seed_s288,btlong_seed_s288,0.0
2025-12-05,74.58021545410156,66.22681427001953,51.77671432495117,31.13234519958496,386.4400024414063,53.970001220703125,202.13682556152344,248.89617919921875,131.88290405273438,48.061073303222656,256.5537109375,52.95000076293945,363.2896118164063,85.88072967529297,60.58527755737305,18.61146354675293,44.91240692138672,53.03369522094727,42.4088249206543,151.31796264648438,60.08000183105469,98.98999786376952,94.30899810791016,1472.3800048828125,190.4242401123047,98.39236450195312,680.0557861328125,3.714999914169312,3.6029999256134033,67.27999877929688,148.8300018310547,4.138999938964844,4.791999816894531,15.40999984741211,90.6500015258789,1.88,2.34,2.85,0.79,0.35,0.43,6535781.0,937167.0,1.485,-0.513,4.14,0.58,5597129.0,-5.646726498497556,1.9643514644351463,65.1968669809497,60.57711876044839,27.1183516151742,False,False,False,0.1490398449591934,-2.586134001078445,-1.0877234602460888,2.26,216000.0,52.9,,54.2,19.270000457763672,1894000.0,0.7996886082690045,,,,,,,,,,,,,,,calc_tnx_dfii10,,,,,,,,,,fred_backfill_s288,,fred_backfill_s288,,,,,,162550.0,11645.0,11617.0,28.0,0.0158659303309326,39.5579183868283,,,,,,,0,13.370909690856934,btlong_seed_s288,btlong_seed_s288,0.0
2025-12-08,74.8089828491211,65.67176055908203,52.19742584228516,31.3428955078125,385.4200134277344,53.08000183105469,204.0742034912109,248.9954376220703,131.19017028808594,48.02140808105469,256.0556030273437,52.709999084472656,367.4067687988281,85.5982666015625,60.45832443237305,18.68131828308105,44.423377990722656,52.83610534667969,41.840763092041016,149.5111541748047,58.880001068115234,99.08999633789062,94.1135025024414,1471.81005859375,189.2836761474609,98.39236450195312,678.0127563476562,3.753000020980835,3.618000030517578,72.30000305175781,150.6300048828125,4.171999931335449,4.815999984741211,16.65999984741211,97.3499984741211,1.91,2.32,2.89,0.78,0.35,0.44,6535781.0,937167.0,1.703,-0.513,4.17,0.6,5596911.0,-5.646736167247923,1.964125,65.16987182747604,60.502203537245926,25.548471610061863,False,False,False,0.1300984330097971,-2.391652181959296,-0.9512908493359156,2.26,235000.0,52.9,,54.2,19.90999984741211,1887000.0,0.8367654432492407,,,,,,,,,,,,,,,calc_tnx_dfii10,,,,,,,,,,fred_backfill_s288,,fred_backfill_s288,,,,,,164550.0,11695.0,11678.0,17.0,0.0158659303309326,39.5579183868283,,,,,,,0,13.207262992858888,btlong_seed_s288,btlong_seed_s288,0.0
2025-12-09,75.23668670654297,65.14591979980469,51.71801376342773,31.33332633972168,387.3999938964844,53.27000045776367,202.3565368652344,249.51153564453125,131.5121307373047,47.64461135864258,256.3743896484375,55.16999816894531,367.8553771972656,85.6859359741211,60.38996887207031,18.61146354675293,44.69723892211914,52.63851165771485,41.87014389038086,148.05978393554688,58.25,99.22000122070312,93.97661590576172,1468.510009765625,188.92665100097656,98.40215301513672,677.4275512695312,3.7799999713897705,3.631999969482422,75.37999725341797,150.32000732421875,4.185999870300293,4.809000015258789,16.93000030517578,98.13999938964844,1.92,2.32,2.89,0.79,0.35,0.45,6535781.0,937167.0,3.211,-0.513,4.18,0.57,5595403.0,-5.64673195735187,1.963941908713693,65.14042556438041,60.39593240770243,24.068887564685525,False,False,False,0.1646424770481906,-2.887723822895236,-1.1561083327980546,2.27,235000.0,52.9,,54.2,20.07999992370605,1887000.0,0.8431275084413002,,,,,,,,,,,,,,,calc_tnx_dfii10,,,,,,,,,,fred_backfill_s288,,fred_backfill_s288,,,,,,165675.0,11563.5,11550.0,13.5,0.0158659303309326,39.5579183868283,,,,,,,0,13.168758392333984,btlong_seed_s288,btlong_seed_s288,0.0
2025-12-10,75.6942367553711,66.66500854492188,52.099586486816406,31.362035751342773,389.0499877929688,53.36000061035156,204.16407775878903,252.905990600586,130.7120819091797,48.59651184082031,257.41046142578125,56.06999969482422,372.9395751953125,86.01708984375,61.07355499267578,18.24222755432129,45.16670608520508,53.24116516113281,41.85055541992188,150.212158203125,58.459999084472656,98.79000091552734,94.2796859741211,1467.9300537109375,191.5846405029297,98.40215301513672,681.92041015625,3.756999969482422,3.5929999351501465,68.62000274658203,147.5500030517578,4.164000034332275,4.796999931335449,15.770000457763672,99.11000061035156,1.88,2.32,2.91,0.78,0.35,0.44,6539303.0,858946.0,5.045,-0.513,4.13,0.59,5675312.0,-2.936585819904569,1.963595041322314,65.11211867251639,60.301186577748446,26.44654835817477,False,False,False,0.1512622576559417,-2.861895546679158,-1.0495555522539677,2.28,235000.0,52.9,,54.2,19.350000381469727,1887000.0,0.8149870876935799,,,,,,,,,,,,,,,calc_tnx_dfii10,,,,,,,,,,fred_backfill_s288,,fred_backfill_s288,,,,,,164975.0,11645.0,11630.0,15.0,0.0158659303309326,39.5579183868283,,,,,,,0,13.265020370483398,btlong_seed_s288,btlong_seed_s288,0.0
2025-12-11,75.3560562133789,67.33692169189453,51.74736404418945,31.73527717590332,393.239990234375,53.56999969482422,207.9889068603516,255.87364196777344,134.78067016601562,49.33027267456055,256.5736389160156,57.619998931884766,369.7395324707031,85.90020751953125,61.32745742797852,18.23224830627441,44.95153427124024,54.20936965942383,42.154178619384766,151.6339111328125,57.59999847412109,98.3499984741211,94.28946685791016,1469.0400390625,193.1318359375,98.4217529296875,683.5072021484375,3.714999914169312,3.568000078201294,69.23999786376953,148.32000732421875,4.140999794006348,4.789999961853027,14.850000381469728,95.41000366210938,1.89,2.32,2.88,0.78,0.35,0.48,6539303.0,858946.0,2.874,-0.513,4.14,0.62,5677483.0,-2.9365529687500724,1.9632921810699588,65.08042196281852,60.20000011638059,27.242718598782822,False,False,False,0.1830561815974325,-2.8780861000635585,-1.249306011768815,2.25,235000.0,52.9,,54.2,19.049999237060547,1887000.0,0.7795276102993227,,,,,,,,,,,,,,,calc_tnx_dfii10,,,,,,,,,,fred_backfill_s288,,fred_backfill_s288,,,,,,165850.0,11740.0,11710.0,30.0,0.0158659303309326,39.5579183868283,,,,,,,0,13.25539493560791,btlong_seed_s288,btlong_seed_s288,0.0
2025-12-12,73.6983642578125,66.35340118408203,51.42449569702149,31.888404846191406,395.4400024414063,53.13999938964844,209.1273803710937,251.9531707763672,126.63372039794922,48.656009674072266,251.612533569336,56.09999847412109,353.02154541015625,85.07228088378906,61.01496124267578,17.453859329223633,44.51140594482422,54.28840637207031,41.94850158691406,152.1078338623047,57.43999862670898,98.4000015258789,94.03528594970705,1470.8499755859375,191.8226776123047,98.46092224121094,676.1580810546875,3.750999927520752,3.525000095367432,69.25,153.58999633789062,4.193999767303467,4.857999801635742,15.739999771118164,97.33000183105467,1.93,2.32,2.91,0.8,0.35,0.56,6539303.0,858946.0,0.838,-0.518,4.19,0.67,5679519.0,-2.9365570555346165,1.963155737704918,65.04831934375923,60.11118652860997,24.92779897509636,False,False,False,0.1604965909060354,-2.248912753951866,-1.1313150450261995,2.26,235000.0,52.9,,54.2,19.25,1887000.0,0.8176623257723722,,,,,,,,,,,,,,,calc_tnx_dfii10,,,,,,,,,,fred_backfill_s288,,fred_backfill_s288,,,,,,165900.0,11816.0,11800.0,16.0,0.0158659303309326,39.5579183868283,,,,,,,0,13.12062644958496,btlong_seed_s288,btlong_seed_s288,0.0
2025-12-15,72.3319091796875,66.95714569091797,50.51458740234375,32.13723373413086,395.7999877929688,53.09999847412109,209.3570556640625,250.0475006103516,123.42373657226562,48.6163444519043,250.4071044921875,58.11000061035156,351.8053283691406,85.13072967529297,61.36651611328125,17.384004592895508,44.198429107666016,54.32792282104492,42.330474853515625,154.1219940185547,56.81999969482422,98.1500015258789,94.1135025024414,1472.9100341796875,192.06069946289065,98.46092224121094,675.1365356445312,3.733000040054321,3.5380001068115234,73.30999755859375,161.86000061035156,4.182000160217285,4.85099983215332,16.5,100.37000274658205,1.93,2.29,2.91,0.8,0.35,0.53,6539303.0,858946.0,2.601,-0.518,4.18,0.67,5677756.0,-2.9365405748671303,1.9630204081632647,65.0138912280733,60.01254246598583,25.596884964607906,False,False,False,0.2000083490706619,-2.5557769754016424,-1.3623008309959967,2.25,224000.0,52.9,,54.2,19.68000030517578,1910000.0,0.8384146211451302,,,,,,,,,,,,,,,calc_tnx_dfii10,,,,,,,,,,fred_backfill_s288,,fred_backfill_s288,,,,,,165875.0,11774.5,11735.0,39.5,0.0158659303309326,39.5579183868283,,,,,,,0,13.062868118286133,btlong_seed_s288,btlong_seed_s288,0.0
2025-12-16,72.2720718383789,66.53842163085938,50.21128082275391,31.196407318115234,395.8900146484375,52.95000076293945,207.6693420410156,248.8644256591797,123.07249450683594,48.3486213684082,250.895248413086,57.72999954223633,350.8482971191406,85.5982666015625,60.99542617797852,17.8131160736084,42.84870910644531,53.98213577270508,42.154178619384766,152.11770629882812,55.27000045776367,98.1500015258789,94.37743377685548,1467.47998046875,190.7118530273437,98.47071075439452,673.2918701171875,3.693000078201294,3.5450000762939453,67.13999938964844,156.99000549316406,4.14900016784668,4.823999881744385,16.479999542236328,98.36000061035156,1.92,2.25,2.98,0.81,0.35,0.51,6539303.0,858946.0,1.554,-0.518,4.15,0.67,5678803.0,-2.936518886034034,1.9628455284552848,64.97329168319702,59.87457637463586,24.36681537198895,False,False,False,0.1841424211137161,-2.3138707454024687,-1.262777522434809,2.23,224000.0,52.9,,54.2,19.670000076293945,1910000.0,0.8378240710887354,,,,,,,,,,,,,,,calc_tnx_dfii10,,,,,,,,,,fred_backfill_s288,,fred_backfill_s288,,,,,,166600.0,11636.0,11640.0,-4.0,0.0158659303309326,39.5579183868283,,,,,,,0,12.937726020812988,btlong_seed_s288,btlong_seed_s288,0.0
2025-12-17,71.15496826171875,66.9474105834961,50.10365676879883,30.60406875610352,399.2900085449219,52.970001220703125,204.5236053466797,246.2154693603516,118.72095489501952,47.47604751586914,246.2529144287109,60.2599983215332,338.18768310546875,85.52034759521484,60.56574630737305,17.50375747680664,43.79742431640625,53.97225570678711,41.87993621826172,151.84124755859375,55.93999862670898,98.37000274658205,94.3578872680664,1471.739990234375,190.1961364746093,98.49029541015624,665.8832397460938,3.694999933242798,3.5429999828338623,62.7400016784668,153.49000549316406,4.151000022888184,4.828000068664551,17.6200008392334,99.88999938964844,1.92,2.26,2.99,0.81,0.35,0.52,6556861.0,833093.0,10.361,-0.518,4.16,0.67,5713407.0,-1.3742061504784853,1.962672064777328,64.93580913939417,59.72118655705856,24.70195231604084,False,False,False,0.2182596984275846,-2.565977363259915,-1.4462150560502218,2.23,224000.0,52.9,,54.2,20.07999992370605,1910000.0,0.8774900849691525,,,,,,,,,,,,,,,calc_tnx_dfii10,,,,,,,,,,fred_backfill_s288,,fred_backfill_s288,,,,,,166925.0,11720.0,11735.0,-15.0,0.0158659303309326,39.5579183868283,,,,,,,0,13.091747283935549,btlong_seed_s288,btlong_seed_s288,0.0
2025-12-18,72.17233276367188,67.33692169189453,50.387393951416016,30.77189826965332,398.5700073242188,53.27999877929688,207.96893310546875,247.6793670654297,122.08705139160156,47.89250564575195,249.8093719482422,59.31999969482422,346.1728515625,85.929443359375,61.04425430297852,17.843053817749023,43.16169357299805,53.88334655761719,42.29129409790039,151.95973205566406,56.150001525878906,98.43000030517578,94.60228729248048,1474.0,190.602767944336,98.49029541015624,670.9114990234375,3.660000085830689,3.5220000743865967,60.0099983215332,155.3800048828125,4.116000175476074,4.798999786376953,16.8700008392334,92.61000061035156,1.88,2.26,2.95,0.81,0.35,0.5,6556861.0,833093.0,11.708,-0.518,4.12,0.66,5712060.0,-1.374293989316555,1.96233870967742,64.89950414925568,59.57152550907458,24.98783607066195,False,False,False,0.2186479745016947,-2.245719953443908,-1.4690917944520798,2.24,224000.0,52.9,,54.2,19.59000015258789,1910000.0,0.8611536859536383,,,,,,,,,,,,,,,calc_tnx_dfii10,,,,,,,,,,fred_backfill_s288,,fred_backfill_s288,,,,,,164275.0,11721.5,11730.0,-8.5,0.0158659303309326,39.5579183868283,,,,,,,0,13.014737129211426,btlong_seed_s288,btlong_seed_s288,0.0
2025-12-19,72.93035888671875,68.45677185058594,50.99399948120117,30.77189826965332,399.0199890136719,54.150001525878906,213.62130737304688,249.7507476806641,127.02400207519533,48.15031433105469,253.13671875,60.93000030517578,355.125,85.60871887207031,61.41169357299805,18.35199928283692,43.16169357299805,54.17972946166992,41.75261688232422,152.9766845703125,56.65999984741211,98.5999984741211,94.38945770263672,1474.3599853515625,191.29702758789065,98.53254699707033,676.9923095703125,3.693000078201294,3.5220000743865967,59.40999984741211,155.8699951171875,4.151000022888184,4.828000068664551,14.90999984741211,83.87000274658203,1.92,2.27,2.9,0.8,0.35,0.54,6556861.0,833093.0,3.047,-0.526,4.16,0.68,5720721.0,-1.373758915157175,1.9621686746987952,64.8655967241452,59.41796616376457,26.775661680732664,False,False,False,0.2616048146195171,-2.374636860197347,-1.7132044925746746,2.23,224000.0,52.9,,54.2,18.25,1910000.0,0.8169862930088827,,,,,,,,,,,,,,,calc_tnx_dfii10,,,,,,,,,,fred_backfill_s288,,fred_backfill_s288,,,,,,160400.0,11845.0,11839.0,6.0,0.0158659303309326,39.5579183868283,,,,,,,0,13.111000061035156,btlong_seed_s288,btlong_seed_s288,0.0
2025-12-22,73.22958374023438,70.64777374267578,51.81999969482422,30.57444953918457,408.2300109863281,54.18999862670898,219.06393432617188,252.52919006347656,128.0800018310547,48.6312141418457,254.2867889404297,62.470001220703125,359.70001220703125,85.42292022705078,61.69968795776367,18.61000061035156,43.608524322509766,54.844970703125,41.90753936767578,153.98507690429688,58.0099983215332,98.29000091552734,94.2913818359375,1473.719970703125,192.71495056152344,98.53254699707033,681.2098388671875,3.7179999351501465,3.5280001163482666,61.70000076293945,159.92999267578125,4.169000148773193,4.8420000076293945,14.079999923706056,81.97000122070312,1.94,2.25,2.88,0.8,0.35,0.53,6556861.0,833093.0,1.523,-0.526,4.17,0.73,5722245.0,-1.3735942023420655,1.96208,64.8375000093804,59.32576273255429,30.291194402238485,False,False,False,0.2477089398937573,-2.247929018356772,-1.6187325320673676,2.23,215000.0,52.9,,54.2,17.790000915527344,1860000.0,0.7914558290672628,,,,,,,,,,,,,,,calc_tnx_dfii10,,,,,,,,,,fred_backfill_s288,,fred_backfill_s288,,,,,,157750.0,11940.0,11935.0,5.0,0.0158659303309326,39.5579183868283,,,,,,,0,13.270000457763672,btlong_seed_s288,btlong_seed_s288,0.0
2025-12-23,72.62115478515625,72.00133514404297,51.560001373291016,31.24576568603516,413.6400146484375,54.470001220703125,219.3934936523437,251.035400390625,128.49000549316406,48.73533630371094,255.5336456298828,64.83999633789062,363.1600036621094,85.55982208251953,62.10684585571289,19.07999992370605,43.89457702636719,54.95402526855469,42.055545806884766,153.6776885986328,58.380001068115234,97.94000244140624,94.2521514892578,1476.8399658203125,192.2668609619141,98.5423812866211,684.3233032226562,3.733999967575073,3.546999931335449,61.16999816894531,160.52999877929688,4.169000148773193,4.830999851226807,14.0,85.13999938964844,1.94,2.24,2.83,0.79,0.35,0.53,6556861.0,833093.0,5.893,-0.526,4.18,0.7,5717875.0,-1.373790994305002,1.96199203187251,64.81114287084463,59.25813565011752,32.21819693999706,False,False,False,0.2766082744891254,-2.3357135970894243,-1.7645937256893278,2.23,215000.0,52.9,,54.2,17.84000015258789,1860000.0,0.7847533565165998,,,,,,,,,,,,,,,calc_tnx_dfii10,,,,,,,,,,fred_backfill_s288,,fred_backfill_s288,,,,,,158575.0,12070.0,12041.0,29.0,0.0158659303309326,39.5579183868283,,,,,,,0,13.399999618530272,btlong_seed_s288,btlong_seed_s288,0.0
2025-12-24,72.66105651855469,71.81631469726562,51.900001525878906,31.14704322814941,411.9299926757813,54.0099983215332,219.90280151367188,251.66281127929688,128.63999938964844,48.81465911865234,256.2218933105469,65.22000122070312,364.1700134277344,86.07806396484375,62.24587631225586,19.01000022888184,43.7663459777832,55.25144958496094,42.24303436279297,154.4808349609375,58.34999847412109,97.9800033569336,94.4973373413086,1478.6700439453125,192.96388244628903,98.56204223632812,686.7305297851562,3.7170000076293945,3.555000066757202,59.47999954223633,160.52999877929688,4.136000156402588,4.797999858856201,13.470000267028809,85.23999786376953,1.91,2.24,2.84,0.79,0.35,0.46,6581231.0,837120.0,4.803,-0.526,4.15,0.68,5739308.0,-0.6548568251338982,1.9617857142857145,64.7848780562238,59.20000005172471,31.30458542016743,False,False,False,0.2532763131815683,-2.2785748906260874,-1.5996949997098984,2.23,215000.0,52.9,,54.2,17.770000457763672,1860000.0,0.7580191288708604,,,,,,,,,,,,,,,calc_tnx_dfii10,,,,,,,,,,fred_backfill_s288,,fred_backfill_s288,,,,,,157025.0,12253.0,12220.0,33.0,0.0158659303309326,39.5579183868283,,,,,,,0,13.420000076293944,btlong_seed_s288,btlong_seed_s288,0.0
2025-12-26,72.95030212402344,73.72492218017578,52.22999954223633,31.324745178222656,416.739990234375,53.84000015258789,217.77569580078125,250.3781280517578,126.72000122070312,48.84440231323242,256.2318725585937,71.12000274658203,365.8599853515625,85.79449462890625,62.37497329711914,18.39999961853028,43.59865951538086,55.142391204833984,42.21342849731445,154.72872924804688,56.7400016784668,98.0199966430664,94.58561706542967,1446.52001953125,193.013671875,98.5915069580078,686.660888671875,3.697000026702881,3.5429999828338623,58.5,151.4499969482422,4.136000156402588,4.820000171661377,13.600000381469728,84.23999786376953,1.91,2.22,2.86,0.79,0.35,0.5,6581231.0,837120.0,20.339,-0.537,4.14,0.68,5723772.0,-0.6551554704256279,1.96031746031746,64.7165040892314,59.13661025742353,34.18214134412967,False,False,False,,-2.7102309255988493,,2.23,215000.0,52.9,,54.2,17.770000457763672,1860000.0,0.7653348357415444,,,,,,,,,,,,,,,calc_tnx_dfii10,,,,,,,,,,fred_backfill_s288,,fred_backfill_s288,,,,,,157025.0,12253.0,12220.0,33.0,0.0158659303309326,39.5579183868283,,,,,,,0,13.449999809265137,btlong_seed_s288,btlong_seed_s288,0.0
2025-12-29,72.3618392944336,71.0665054321289,51.869998931884766,31.018705368041992,398.6000061035156,53.470001220703125,216.7071228027344,248.8445281982422,125.91999816894533,48.55685424804688,255.0049743652344,66.01000213623047,364.2099914550781,86.1171875,62.28559875488281,18.920000076293945,44.01294708251953,54.844970703125,42.2923698425293,154.49073791503906,58.08000183105469,98.04000091552734,94.7229232788086,1441.3299560546875,192.69503784179688,98.61116027832033,684.2138671875,3.677000045776367,3.5380001068115234,59.209999084472656,150.47000122070312,4.116000175476074,4.804999828338623,14.199999809265137,85.87999725341797,1.9,2.23,2.87,0.79,0.35,0.44,6581231.0,837120.0,10.551,-0.537,4.12,0.67,5733560.0,-0.6546948491713223,1.958769841269841,64.65077238935766,59.08915264323606,28.80551461972467,False,False,False,0.2543394174378435,-2.3027535415978284,-1.5358232095472912,2.22,203000.0,52.9,,54.2,17.81999969482422,1900000.0,0.7968574664672692,,,,,,,,,,,,,,,calc_tnx_dfii10,,,,,,,,,,fred_backfill_s288,,fred_backfill_s288,,,,,,154575.0,12306.0,12270.5,35.5,0.0158659303309326,39.5579183868283,,,,,,,0,13.34000015258789,btlong_seed_s288,btlong_seed_s288,0.0
2025-12-30,72.05264282226562,72.25446319580078,52.33000183105469,31.68832778930664,398.8900146484375,53.63999938964844,216.04800415039065,247.002182006836,123.87000274658205,48.23541259765625,254.39651489257807,68.9800033569336,363.30999755859375,85.91183471679688,62.3551139831543,19.01000022888184,44.34832000732422,54.706172943115234,42.39104843139648,154.36184692382812,57.95000076293945,98.23999786376952,94.6248550415039,1434.7099609375,192.3863677978516,98.6209945678711,683.3782958984375,3.681999921798706,3.539999961853028,63.97999954223633,148.3300018310547,4.130000114440918,4.813000202178955,14.329999923706056,87.12999725341797,1.9,2.25,2.84,0.79,0.35,0.49,6581231.0,837120.0,12.605,-0.537,4.14,0.69,5731506.0,-0.6547925033918545,1.9573015873015875,64.58829271890284,59.02576284893488,30.387618859899888,False,False,False,0.2833096174872569,-2.454111970232053,-1.6382918522745469,2.23,203000.0,52.9,,54.2,17.770000457763672,1900000.0,0.806415281629625,,,,,,,,,,,,,,,calc_tnx_dfii10,,,,,,,,,,fred_backfill_s288,,fred_backfill_s288,,,,,,149475.0,12512.0,12477.0,35.0,0.0158659303309326,39.5579183868283,,,,,,,0,13.420000076293944,btlong_seed_s288,btlong_seed_s288,0.0
2025-12-31,71.26468658447266,71.54686737060547,52.0,31.47040367126465,396.30999755859375,54.04999923706055,214.4002380371093,245.1399383544922,124.1999969482422,47.70634460449219,252.2818756103516,64.41999816894531,360.1300048828125,85.22736358642578,62.037330627441406,19.07999992370605,44.10172271728516,54.29969024658203,42.1246223449707,153.4893035888672,57.41999816894531,98.27999877929688,94.31099700927734,1437.9100341796875,190.743392944336,98.6308135986328,678.3152465820312,3.721999883651733,3.546999931335449,63.959999084472656,148.6999969482422,4.163000106811523,4.840000152587891,14.949999809265137,92.66999816894533,1.93,2.26,2.81,0.79,0.35,0.51,6640618.0,837306.0,105.993,-0.537,4.18,0.71,5697319.0,0.3671864304504169,1.955873015873016,64.52121954817113,58.95271197820114,28.552992816117893,False,False,False,0.1847481950984306,-1.8926944431616064,-1.1365656446682315,2.23,203000.0,52.9,,54.2,18.18000030517578,1900000.0,0.8223322089279023,,,,,,,,,,,,,,,calc_tnx_dfii10,,,,,,,,,,fred_backfill_s288,,fred_backfill_s288,,,,,,147425.0,12504.0,12466.0,38.0,0.0158659303309326,39.5579183868283,,,,,,,0,13.25,btlong_seed_s288,btlong_seed_s288,0.0
2026-01-02,70.4966812133789,72.81256103515625,54.33000183105469,31.89634895324707,398.2799987792969,54.560001373291016,221.7103576660156,247.74908447265625,133.0399932861328,48.76448440551758,251.80308532714844,65.75,373.2999877929688,85.10025024414062,62.76227569580078,19.11000061035156,45.02893829345703,54.45832061767578,42.60813522338867,154.1932830810547,57.31999969482422,98.41999816894533,94.23253631591795,1443.6400146484375,192.0378570556641,98.6603012084961,679.55859375,3.739000082015991,3.532999992370605,62.36000061035156,141.86000061035156,4.186999797821045,4.863999843597412,14.510000228881836,90.0999984741211,1.94,2.28,2.83,0.79,0.3,0.54,6640618.0,837306.0,5.667,-0.548,4.19,0.72,5797645.0,0.3445140714520844,1.9542857142857144,64.4429675156508,58.86406791816324,30.238678247872546,False,False,False,0.2034677578485173,-1.9079093133787428,-1.2325040052856844,2.25,203000.0,56.4,,55.8,18.020000457763672,1900000.0,0.8052164184396787,,,,,,,,,,,,,,,calc_tnx_dfii10,,,,,,,,,,fred_backfill_s288,,fred_backfill_s288,,,,,,145325.0,12571.0,12511.0,60.0,0.0153535411355036,39.5935764977168,,,,,,,0,13.279999732971191,btlong_seed_s288,btlong_seed_s288,0.0
2026-01-05,71.34447479248047,76.39041137695312,55.66999816894531,32.48078536987305,408.760009765625,54.290000915527344,226.17433166503903,251.6826934814453,138.80999755859375,49.35345077514648,253.78805541992188,69.08000183105469,377.5899963378906,85.52071380615234,63.507080078125,19.020000457763672,46.2520637512207,55.64801406860352,42.13449096679688,153.72726440429688,58.31999969482422,98.2699966430664,94.51696014404295,1440.47998046875,193.8202209472656,98.67011260986328,684.0845947265625,3.7100000381469727,3.515000104904175,64.70999908447266,142.4499969482422,4.164999961853027,4.854000091552734,14.899999618530272,90.51000213623048,1.91,2.29,2.81,0.79,0.3,0.53,6640618.0,837306.0,6.485,-0.548,4.17,0.71,5796827.0,0.3444871748707667,1.952579365079365,64.35963418231746,58.81000014482918,35.94746004887482,False,False,False,0.2639983848721687,-1.965954972366745,-1.5621305662725895,2.25,207000.0,56.4,,55.8,18.31999969482422,1875000.0,0.8133187700183113,,,,,,,,,,,,,,,calc_tnx_dfii10,,,,,,,,,,fred_backfill_s288,,fred_backfill_s288,,,,,,142550.0,12884.0,12840.0,44.0,0.0153535411355036,39.5935764977168,,,,,,,0,13.529999732971191,btlong_seed_s288,btlong_seed_s288,0.0
2026-01-06,72.00276947021484,77.80559539794922,55.84000015258789,32.79776763916016,413.1799926757813,54.08000183105469,229.89930725097656,255.0188140869141,138.72000122070312,49.88252639770508,256.0423889160156,73.70999908447266,387.6199951171875,85.34469604492188,63.695762634277344,19.43000030517578,45.0190658569336,55.91569900512695,42.34170913696289,156.75143432617188,57.130001068115234,98.58000183105467,94.44831085205078,1445.56005859375,196.1602020263672,98.67994689941406,688.1529541015625,3.7200000286102295,3.5199999809265137,65.81999969482422,146.22999572753906,4.178999900817871,4.866000175476074,14.75,89.01000213623047,1.91,2.3,2.79,0.79,0.3,0.55,6640618.0,837306.0,2.582,-0.548,4.18,0.71,5800730.0,0.344548206944606,1.950873015873016,64.27682930861062,58.78000013707048,37.7371457772282,False,False,False,0.3019767463158354,-2.185428981842833,-1.6927248864573192,2.27,207000.0,56.4,,55.8,18.14999961853028,1875000.0,0.8126721933889716,,,,,,,,,,,,,,,calc_tnx_dfii10,,,,,,,,,,fred_backfill_s288,,fred_backfill_s288,,,,,,146075.0,13269.5,13230.0,39.5,0.0153535411355036,39.5935764977168,,,,,,,0,13.539999961853027,btlong_seed_s288,btlong_seed_s288,0.0
2026-01-07,73.2594985961914,75.64295196533203,55.41999816894531,32.39163589477539,409.2300109863281,54.20000076293945,226.1044311523437,254.4213104248047,139.42999267578125,48.88427734375,256.2817687988281,70.95999908447266,385.0199890136719,85.8433837890625,63.43756484985352,19.440000534057617,44.51601028442383,55.13248062133789,41.31548309326172,158.3081512451172,55.9900016784668,98.68000030517578,94.6248550415039,1444.9599609375,193.95962524414065,98.68977355957033,685.9347534179688,3.694000005722046,3.515000104904175,66.1500015258789,143.57000732421875,4.138000011444092,4.815000057220459,15.380000114440918,91.86000061035156,1.88,2.3,2.79,0.79,0.3,0.53,6573602.0,796148.0,4.582,-0.548,4.15,0.68,5772872.0,-0.1025949366870282,1.9494444444444443,64.17906508406972,58.720678103172176,33.270077787291456,False,False,False,0.2679069413138943,-1.904643274270604,-1.5450332856781106,2.26,207000.0,56.4,,55.8,18.59000015258789,1875000.0,0.827326518999511,,,,,,,,,,,,,,,calc_tnx_dfii10,,,,,,,,,,fred_backfill_s288,,fred_backfill_s288,,,,,,143225.0,13145.0,13110.0,35.0,0.0153535411355036,39.5935764977168,,,,,,,0,13.40999984741211,btlong_seed_s288,btlong_seed_s288,0.0
2026-01-08,72.19227600097656,75.36389923095703,55.790000915527344,32.56993865966797,411.489990234375,53.720001220703125,227.1230316162109,257.1997375488281,138.2100067138672,49.28357696533203,254.80548095703125,69.70999908447266,378.9800109863281,85.41314697265625,63.49714660644531,19.309999465942383,45.91668701171875,55.41999053955078,41.433895111083984,156.7811737060547,57.7599983215332,98.93000030517578,94.34042358398438,1446.1400146484375,195.6225128173828,98.69960021972656,685.8651123046875,3.736000061035156,3.506999969482422,66.94000244140625,147.0800018310547,4.183000087738037,4.857999801635742,15.449999809265137,89.8499984741211,1.92,2.31,2.76,0.79,0.3,0.57,6573602.0,796148.0,3.083,-0.548,4.19,0.7,5774371.0,-0.1025795196948675,1.948373015873016,64.09402442559963,58.704745858402575,32.17705930089429,False,False,False,0.1895766799894509,-1.6810327112684216,-1.1190490205428825,2.26,207000.0,56.4,,55.8,18.38999938964844,1875000.0,0.840130523221322,,,,,,,,,,,,,,,calc_tnx_dfii10,,,,,,,,,,fred_backfill_s288,,fred_backfill_s288,,,,,,141075.0,12885.0,12855.0,30.0,0.0153535411355036,39.5935764977168,,,,,,,0,13.5600004196167,btlong_seed_s288,btlong_seed_s288,0.0
2026-01-09,72.3618392944336,77.27739715576172,56.34999847412109,32.74824142456055,414.4700012207031,53.18000030517578,232.65557861328125,259.1516418457031,140.4199981689453,50.0422477722168,257.3590393066406,72.37999725341797,389.2200012207031,85.98028564453125,64.08306121826172,19.280000686645508,46.03505325317383,55.25144958496094,41.94700241088867,155.97805786132812,59.119998931884766,99.12999725341795,94.44831085205078,1450.0799560546875,196.7576446533203,98.71924591064452,690.4010009765625,3.756999969482422,3.513000011444092,61.54999923706055,146.0399932861328,4.171000003814697,4.818999767303467,14.489999771118164,88.19000244140625,1.9,2.32,2.74,0.78,0.3,0.56,6573602.0,796148.0,3.28,-0.558,4.18,0.64,5774174.0,-0.1625199726172033,1.94718253968254,64.01776426982104,58.71915261220124,34.89154199865649,False,False,False,0.2117145203521293,-1.7789613468250427,-1.2123420950343275,2.27,207000.0,56.4,,55.8,17.8799991607666,1875000.0,0.8104027098006256,,,,,,,,,,,,,,,calc_tnx_dfii10,,,,,,,,,,fred_backfill_s288,,fred_backfill_s288,,,,,,138975.0,13060.0,12995.0,65.0,0.0153535411355036,39.5935764977168,,,,,,,0,13.5600004196167,btlong_seed_s288,btlong_seed_s288,0.0
2026-01-12,72.77076721191406,79.79882049560547,58.88999938964844,32.61946487426758,422.2300109863281,53.400001525878906,236.23074340820312,260.4163818359375,143.05999755859375,50.391632080078125,257.58843994140625,77.2300033569336,390.6600036621094,85.7260513305664,64.4703598022461,19.670000076293945,45.70954895019531,54.81522750854492,42.01608276367188,156.04745483398438,59.5,98.86000061035156,94.33060455322266,1455.239990234375,196.93687438964844,98.73890686035156,691.4852294921875,3.766999959945679,3.532999992370605,62.900001525878906,149.75,4.186999797821045,4.840000152587891,15.119999885559082,93.12999725341795,1.9,2.36,2.74,0.78,0.3,0.52,6573602.0,796148.0,3.402,-0.558,4.19,0.65,5774052.0,-0.1624966162097951,1.945992063492064,63.999473726218525,58.75372889890509,38.56949422482088,False,False,False,0.2483069426118114,-1.938629736355021,-1.357537725622202,2.29,201000.0,56.4,,55.8,18.229999542236328,1865000.0,0.829402099025191,,,,,,,,,,,,,,,calc_tnx_dfii10,,,,,,,,,,fred_backfill_s288,,fred_backfill_s288,,,,,,137225.0,13310.0,13245.0,65.0,0.0153535411355036,39.5935764977168,,,,,,,0,13.760000228881836,btlong_seed_s288,btlong_seed_s288,0.0
2026-01-13,72.43165588378906,79.5696029663086,56.93000030517578,32.322296142578125,421.6300048828125,53.040000915527344,237.2194061279297,260.2669982910156,140.83999633789062,50.651180267333984,257.189453125,78.5999984741211,391.5299987792969,85.87272644042969,64.11285400390625,19.799999237060547,46.36056900024414,53.76432800292969,42.282501220703125,155.4128875732422,61.150001525878906,99.12999725341795,94.44831085205078,1464.9300537109375,196.93687438964844,98.74871826171876,690.1026000976562,3.743000030517578,3.559999942779541,60.790000915527344,151.60000610351562,4.171000003814697,4.828000068664551,15.979999542236328,101.06999969482422,1.88,2.37,2.75,0.77,0.3,0.51,6573602.0,796148.0,3.277,-0.558,4.18,0.65,5774177.0,-0.1625437636664339,1.9447619047619047,63.93979762150691,58.814915349928,37.452660119775686,False,False,False,0.3140405848716276,-1.9374819034976167,-1.6845920598385389,2.29,201000.0,56.4,,55.8,18.850000381469727,1865000.0,0.8477453166497164,,,,,,,,,,,,,,,calc_tnx_dfii10,,,,,,,,,,fred_backfill_s288,,fred_backfill_s288,,,,,,141550.0,13310.0,13236.0,74.0,0.0153535411355036,39.5935764977168,,,,,,,0,13.859999656677246,btlong_seed_s288,btlong_seed_s288,0.0
2026-01-14,72.23217010498047,82.11096954345703,57.38999938964844,32.847293853759766,425.9400024414063,53.25,238.83721923828125,262.099365234375,144.47000122070312,50.60126495361328,254.4663543701172,84.55999755859375,388.3500061035156,86.37141418457031,64.42070770263672,19.690000534057617,47.40614700317383,53.685020446777344,42.598262786865234,156.5233917236328,62.02000045776367,99.12999725341795,94.64445495605467,1473.010009765625,197.83303833007807,98.758544921875,686.7105712890625,3.7170000076293945,3.559999942779541,58.11000061035156,152.52000427246094,4.139999866485596,4.795000076293945,16.75,104.8499984741211,1.86,2.36,2.76,0.77,0.3,0.48,6581700.0,779175.0,3.223,-0.558,4.15,0.64,5799302.0,0.2707292270706096,1.9434126984126985,63.8854656296703,58.89118653636868,41.04527535182816,False,False,False,0.3522015492720816,-2.128755808233276,-1.7740862474938828,2.28,201000.0,56.4,,55.8,19.3700008392334,1865000.0,0.8647392500919948,,,,,,,,,,,,,,,calc_tnx_dfii10,,,,,,,,,,fred_backfill_s288,,fred_backfill_s288,,,,,,141625.0,13335.0,13245.0,90.0,0.0153535411355036,39.5935764977168,,,,,,,0,13.880000114440918,btlong_seed_s288,btlong_seed_s288,0.0
2026-01-15,71.9229736328125,81.76215362548828,57.52999877929688,33.04541015625,423.3299865722656,53.220001220703125,240.88446044921875,264.4097595214844,145.07000732421875,51.32000350952149,255.35411071777344,83.31999969482422,396.4100036621094,86.35186004638672,64.51008605957031,19.530000686645508,46.9622688293457,53.90312576293945,43.03244018554688,155.6310272216797,59.18999862670898,99.31999969482422,94.44831085205078,1462.9000244140625,198.70928955078125,98.7683563232422,688.5806884765625,3.76200008392334,3.565000057220459,56.13999938964844,151.57000732421875,4.159999847412109,4.787000179290772,15.84000015258789,100.9000015258789,1.88,2.36,2.71,0.76,0.3,0.49,6581700.0,779175.0,2.003,-0.558,4.17,0.61,5800522.0,0.2707289620669018,1.9420238095238087,63.82299597736312,58.91440685724808,39.65869726525855,False,False,False,0.3497185624513856,-1.9863510011533845,-1.7768405531548952,2.28,201000.0,56.4,,55.8,18.89999961853028,1865000.0,0.8380952630844368,,,,,,,,,,,,,,,calc_tnx_dfii10,,,,,,,,,,fred_backfill_s288,,fred_backfill_s288,,,,,,141125.0,13205.0,13150.0,55.0,0.0153535411355036,39.5935764977168,,,,,,,0,13.770000457763672,btlong_seed_s288,btlong_seed_s288,0.0
2026-01-16,71.72350311279297,80.49645233154297,56.880001068115234,32.857200622558594,421.2900085449219,52.84999847412109,243.4409942626953,264.6587219238281,148.5399932861328,51.4797248840332,255.06483459472656,81.0199966430664,400.3900146484375,85.85317993164062,64.68883514404297,19.729999542236328,47.04117965698242,53.9725227355957,42.81535339355469,154.4213409423828,59.43999862670898,99.38999938964844,94.08541870117188,1468.8399658203125,198.2014617919922,98.80767059326172,688.0037231445312,3.828000068664551,3.556999921798706,58.04999923706055,153.58999633789062,4.230999946594238,4.840000152587891,15.859999656677246,102.0500030517578,1.91,2.39,2.65,0.75,0.3,0.57,6581700.0,779175.0,1.222,-0.564,4.24,0.65,5801303.0,2.1296345473696743,1.940873015873016,63.76137652377851,58.93033903736179,36.73054263837741,False,False,False,0.2742962034261424,-1.7964078568687616,-1.4262929483239928,2.32,201000.0,56.4,,55.8,18.989999771118164,1865000.0,0.8351764006231677,,,,,,,,,,,,,,,calc_tnx_dfii10,,,,,,,,,,fred_backfill_s288,,fred_backfill_s288,,,,,,143575.0,13000.0,12930.0,70.0,0.0153535411355036,39.5935764977168,,,,,,,0,13.729999542236328,btlong_seed_s288,btlong_seed_s288,0.0
2026-01-19,71.72350311279297,80.49645233154297,56.880001068115234,32.857200622558594,421.2900085449219,52.84999847412109,243.4409942626953,264.6587219238281,148.5399932861328,51.4797248840332,255.06483459472656,81.0199966430664,400.3900146484375,85.85317993164062,64.68883514404297,19.729999542236328,47.04117965698242,53.9725227355957,42.81535339355469,154.4213409423828,,,94.08541870117188,1471.5799560546875,198.2014617919922,98.80767059326172,688.0037231445312,,,,,4.24,,,,1.91,2.39,2.65,0.75,0.3,0.57,6581700.0,779175.0,1.222,-0.564,4.24,0.65,5801303.0,2.129687324151241,1.94,63.723130094326606,58.88103452222101,,False,False,False,,,,2.33,210000.0,56.4,,55.8,18.989999771118164,1823000.0,,,,,,,,,,,,,,,,calc_tnx_dfii10,,,,,,,,,,fred_backfill_s288,,fred_backfill_s288,,,,,,147425.0,13000.0,12872.0,128.0,0.0153535411355036,39.5935764977168,,,,,,,0,13.729999542236328,btlong_seed_s288,btlong_seed_s288,0.0
2026-01-20,69.79850769042969,81.97144317626953,55.25,33.302955627441406,437.2300109863281,51.72999954223633,237.5789031982422,261.49188232421875,146.5800018310547,50.43156433105469,249.73829650878903,85.38999938964844,390.3900146484375,84.72866821289062,63.82485961914063,19.51000022888184,46.9524040222168,52.7431755065918,42.39104843139648,154.08421325683594,60.34000015258789,98.63999938964844,93.71273040771484,1471.52001953125,195.2441253662109,98.80767059326172,673.9981689453125,3.858000040054321,3.572000026702881,66.66999816894531,154.9600067138672,4.295000076293945,4.920000076293945,20.09000015258789,117.0500030517578,1.97,2.4,2.73,0.75,0.3,0.6,6581700.0,779175.0,3.506,-0.564,4.3,0.7,5799019.0,2.129566125033433,1.9393650793650792,63.668536612658,58.86103452485183,38.08736837856641,False,False,False,0.2789704743226853,-1.7763268833753585,-1.4284373395575347,2.33,210000.0,56.4,,55.8,21.280000686645508,1823000.0,0.9440789240761437,,,,,,,,,,,,,,,calc_tnx_dfii10,,,,,,,,,,fred_backfill_s288,,fred_backfill_s288,,,,,,156300.0,13059.0,12939.0,120.0,0.0153535411355036,39.5935764977168,,,,,,,0,13.93000030517578,btlong_seed_s288,btlong_seed_s288,0.0
2026-01-21,69.88826751708984,83.68561553955078,57.130001068115234,34.689754486083984,443.6000061035156,51.54999923706055,239.9457244873047,266.6802978515625,151.0399932861328,51.55958557128906,253.0599060058593,83.95999908447266,401.9299926757813,85.37403869628906,64.55973815917969,19.38999938964844,48.08675765991211,53.000938415527344,42.45025253295898,156.9199981689453,60.619998931884766,98.76000213623048,93.95791625976562,1477.780029296875,198.5499725341797,98.80767059326172,681.77685546875,3.8310000896453857,3.588000059127808,59.560001373291016,144.41000366210938,4.252999782562256,4.870999813079834,16.899999618530273,102.56999969482422,1.92,2.42,2.69,0.74,0.3,0.56,6584580.0,869261.0,3.344,-0.564,4.26,0.66,5711975.0,0.5948107183019857,1.938452380952381,63.61975610934622,58.84913793103448,40.140190515874544,False,False,False,0.2368422039087361,-1.5706532723504547,-1.251348311638031,2.33,210000.0,56.4,,55.8,19.36000061035156,1823000.0,0.8729338370730241,,,,,,,,,,,,,,,calc_tnx_dfii10,,,,,,,,,,fred_backfill_s288,,fred_backfill_s288,,,,,,159400.0,12898.0,12877.0,21.0,0.0153535411355036,39.5935764977168,,,,,,,0,14.079999923706056,btlong_seed_s288,btlong_seed_s288,0.0
2026-01-22,70.46676635742188,81.9515151977539,57.34000015258789,35.610984802246094,451.7900085449219,51.79999923706055,235.50173950195312,268.6719970703125,152.9199981689453,51.57954788208008,254.9451446533203,87.12999725341797,402.8200073242188,85.74560546875,64.90731048583984,19.6299991607666,48.24458312988281,53.347938537597656,42.14435958862305,156.9497528076172,59.36000061035156,98.36000061035156,93.9481201171875,1464.8299560546875,198.80886840820312,98.82733154296876,685.3379516601562,3.846999883651733,3.588000059127808,56.5,141.30999755859375,4.249000072479248,4.8470001220703125,15.640000343322754,96.12000274658205,1.95,2.42,2.64,0.73,0.3,0.55,6584580.0,869261.0,2.058,-0.564,4.26,0.65,5713261.0,0.5948945083180002,1.9376984126984125,63.56540650468531,58.83551722559436,36.47013863561192,False,False,False,0.230298916061159,-1.5944505584160686,-1.1941553143005024,2.3,210000.0,56.4,,55.8,18.75,1823000.0,0.8341333516438802,,,,,,,,,,,,,,,calc_tnx_dfii10,,,,,,,,,,fred_backfill_s288,,fred_backfill_s288,,,,,,168250.0,12632.0,12687.0,-55.0,0.0153535411355036,39.5935764977168,,,,,,,0,14.09000015258789,btlong_seed_s288,btlong_seed_s288,0.0
2026-01-23,70.62635040283203,85.71871185302734,57.7599983215332,36.24494934082031,458.0,51.2400016784668,234.75274658203125,263.712646484375,152.7899932861328,51.01054763793945,255.7530975341797,92.91000366210938,400.0899963378906,85.98028564453125,65.32440185546875,19.420000076293945,48.52077102661133,52.614288330078125,41.99634552001953,156.1466064453125,61.06999969482422,97.5999984741211,94.1050262451172,1463.260009765625,197.92266845703125,98.85680389404295,685.5865478515625,3.83899998664856,3.5820000171661377,56.25,144.02000427246094,4.238999843597412,4.833000183105469,16.09000015258789,101.83000183105467,1.92,2.46,2.68,0.73,0.3,0.54,6584580.0,869261.0,0.927,-0.566,4.24,0.64,5714392.0,1.5330112182194269,1.936746031746032,63.518821142553314,58.845689642018286,41.883020108710525,False,False,False,0.2812669115786212,-1.7423202849314636,-1.3865056552090538,2.32,210000.0,56.4,,55.8,19.14999961853028,1823000.0,0.8402089019896681,,,,,,,,,,,,,,,calc_tnx_dfii10,,,,,,,,,,fred_backfill_s288,,fred_backfill_s288,,,,,,171700.0,12920.5,12981.0,-60.5,0.0153535411355036,39.5935764977168,,,,,,,0,14.34000015258789,btlong_seed_s288,btlong_seed_s288,0.0
2026-01-26,71.90302276611328,87.78170013427734,57.13999938964844,36.26476287841797,464.7000122070313,51.43999862670898,233.0650177001953,262.8861083984375,148.50999450683594,51.03051376342773,256.8902282714844,98.33999633789062,398.8200073242188,86.39096069335938,65.62232971191406,18.90999984741211,48.55036544799805,52.95137023925781,42.3022346496582,156.76136779785156,60.630001068115234,97.04000091552734,94.2423324584961,1444.81005859375,198.39065551757807,98.86663055419922,689.068115234375,3.818000078201294,3.575000047683716,55.77000045776367,148.10000610351562,4.2129998207092285,4.804999828338623,16.149999618530273,99.75,1.9,2.45,2.69,0.74,0.3,0.55,6584580.0,869261.0,1.489,-0.566,4.22,0.66,5713830.0,1.5329951376085835,1.9359920634920635,63.46788617265903,58.846724148454335,44.40261322016836,False,False,False,0.2400263572886851,-1.8332206759535288,-1.134230784174684,2.31,211000.0,56.4,,55.8,19.06999969482422,1842000.0,0.8468799096474836,,,,,,,,,,,,,,,calc_tnx_dfii10,,,,,,,,,,fred_backfill_s288,,fred_backfill_s288,,,,,,170525.0,13195.0,13250.0,-55.0,0.0153535411355036,39.5935764977168,,,,,,,0,14.420000076293944,btlong_seed_s288,btlong_seed_s288,0.0
2026-01-27,71.84318542480469,90.11376953125,57.75,37.532691955566406,476.1000061035156,51.68999862670898,236.7001190185547,263.63299560546875,155.6999969482422,51.08042526245117,259.19439697265625,101.58999633789062,407.25,85.85317993164062,66.69485473632812,18.76000022888184,48.994239807128906,52.54489135742188,42.85482406616211,154.13380432128906,62.38999938964844,96.22000122070312,94.13446807861328,1440.97998046875,198.0819702148437,98.86663055419922,691.8134765625,3.813999891281128,3.569999933242798,56.119998931884766,147.25,4.2230000495910645,4.831999778747559,16.350000381469727,101.26000213623048,1.9,2.47,2.71,0.73,0.3,0.57,6584580.0,869261.0,1.253,-0.566,4.24,0.71,5714066.0,1.5335880023189974,1.9352777777777777,63.42597561347775,58.8710344906511,47.30513256499369,False,False,False,0.2884878030563234,-1.7859923485601836,-1.3519937961123585,2.32,211000.0,56.4,,55.8,19.21999931335449,1842000.0,0.8506764290105556,,,,,,,,,,,,,,,calc_tnx_dfii10,,,,,,,,,,fred_backfill_s288,,fred_backfill_s288,,,,,,172350.0,12980.0,13040.0,-60.0,0.0153535411355036,39.5935764977168,,,,,,,0,14.619999885559082,btlong_seed_s288,btlong_seed_s288,0.0
2026-01-28,71.32453918457031,91.66849517822266,57.810001373291016,37.968544006347656,494.55999755859375,51.4900016784668,233.3746032714844,262.2088928222656,164.3699951171875,50.81089782714844,260.10211181640625,105.5999984741211,416.6300048828125,85.65760803222656,66.25789642333984,18.5,49.36907196044922,52.53497695922852,42.75614547729492,153.00344848632812,63.209999084472656,96.4499969482422,94.05599975585938,1432.510009765625,197.41482543945312,98.8862762451172,691.7438354492188,3.8420000076293945,3.5820000171661377,57.43000030517578,144.97999572753906,4.250999927520752,4.860000133514404,16.350000381469727,100.45999908447266,1.9,2.5,2.72,0.73,0.3,0.58,6587568.0,923042.0,1.103,-0.566,4.26,0.7,5663423.0,0.6307436763069552,1.9348412698412696,63.394186996832126,58.908275867330616,48.86154195189607,False,False,False,0.2347381873800749,-1.7166998530264843,-1.0993571880216324,2.35,211000.0,56.4,,55.8,19.299999237060547,1842000.0,0.847150312320939,,,,,,,,,,,,,,,calc_tnx_dfii10,,,,,,,,,,fred_backfill_s288,,fred_backfill_s288,,,,,,173925.0,12994.0,13090.0,-96.0,0.0153535411355036,39.5935764977168,,,,,,,0,14.81999969482422,btlong_seed_s288,btlong_seed_s288,0.0
2026-01-29,69.37958526611328,93.91087341308594,56.95000076293945,37.760520935058594,495.8999938964844,51.61000061035156,232.4658203125,262.27862548828125,158.44000244140625,51.1103744506836,258.4862060546875,105.56999969482422,417.5199890136719,85.67716217041016,66.60547637939453,18.809999465942383,49.82281494140625,53.09016799926758,42.75614547729492,152.51760864257812,65.41999816894531,96.27999877929688,94.1540756225586,1429.27001953125,197.67372131347656,98.89611053466795,690.3711547851562,3.805000066757202,3.5799999237060547,60.72999954223633,143.74000549316406,4.227000236511231,4.854000091552734,16.8799991607666,101.76000213623048,1.89,2.52,2.77,0.74,0.3,0.57,6587568.0,923042.0,2.852,-0.566,4.24,0.71,5661674.0,0.6305908799655757,1.934285714285714,63.3730894259321,58.992068915531554,51.48032445529749,False,False,False,0.3096665562131604,-1.6413246193499862,-1.454614414890259,2.34,211000.0,56.4,,55.8,19.670000076293945,1842000.0,0.8581595879661525,,,,,,,,,,,,,,,calc_tnx_dfii10,,,,,,,,,,fred_backfill_s288,,fred_backfill_s288,,,,,,176075.0,13844.0,13952.0,-108.0,0.0153535411355036,39.5935764977168,,,,,,,0,15.020000457763672,btlong_seed_s288,btlong_seed_s288,0.0
2026-01-30,68.88088989257812,84.52276611328125,55.79999923706055,36.69070816040039,444.9500122070313,51.7400016784668,232.06637573242188,258.57403564453125,148.6999969482422,50.66115951538086,255.4039764404297,75.44000244140625,403.4599914550781,85.1980209350586,65.74149322509766,19.06999969482422,50.355464935302734,52.98110961914063,42.67720413208008,153.4298095703125,65.20999908447266,96.98999786376952,94.0952377319336,1428.760009765625,197.235595703125,98.91575622558594,688.3121337890625,3.796999931335449,3.572000026702881,59.20000076293945,143.64999389648438,4.241000175476074,4.872000217437744,17.440000534057617,108.18000030517578,1.9,2.53,2.8,0.74,0.3,0.59,6587568.0,923042.0,9.629,-0.562,4.26,0.74,5654897.0,0.5819903603060173,1.933611111111111,63.3495528368446,59.08879306398589,35.617239985206695,False,False,False,0.0270301915741841,-0.6210334479299455,-0.159425817625511,2.34,211000.0,56.4,,55.8,20.06999969482422,1842000.0,0.8689586845661565,,,,,,,,,,,,,,,calc_tnx_dfii10,,,,,,,,,,fred_backfill_s288,,fred_backfill_s288,,,,,,174975.0,13369.5,13445.0,-75.5,0.0153535411355036,39.5935764977168,,,,,,,0,14.520000457763672,btlong_seed_s288,btlong_seed_s288,0.0
2026-02-02,69.40950775146484,84.91144561767578,54.86000061035156,37.09683990478516,427.1300048828125,53.27999877929688,230.8480224609375,261.0935363769531,144.72000122070312,51.34995269775391,257.1695251464844,72.44000244140625,407.9700012207031,84.95459747314453,65.99969482421875,18.770000457763672,49.36907196044922,53.566043853759766,42.055545806884766,154.37176513671875,62.13999938964844,97.61000061035156,93.91024780273438,1448.800048828125,198.25125122070312,98.92462921142578,691.73388671875,3.8350000381469727,3.578000068664551,59.29999923706055,146.55999755859375,4.275000095367432,4.908999919891357,16.34000015258789,98.7699966430664,1.94,2.52,2.81,0.74,0.27,0.6,6587568.0,923042.0,10.415,-0.562,4.29,0.72,5654111.0,0.5819396124401299,1.933095238095238,63.3081707217829,59.13551718613197,35.50443229694018,False,False,False,0.0035394185952561,-0.5961454243471767,-0.0208695724865117,2.34,230000.0,56.6,,55.8,19.3700008392334,1859000.0,0.8435725061762349,,,,,,,,,,,,,,,calc_tnx_dfii10,,,,,,,,,,fred_backfill_s288,,fred_backfill_s288,,,,,,174675.0,12987.0,13041.0,-54.0,0.0169759824928727,38.9430098345605,,,,,,,0,13.970000267028809,btlong_seed_s288,btlong_seed_s288,0.0
2026-02-03,66.91600036621094,90.45262145996094,54.220001220703125,37.681278228759766,454.2900085449219,53.150001525878906,234.17352294921875,261.6910400390625,151.69000244140625,52.29829025268555,253.16961669921875,76.95999908447266,397.6799926757813,85.16072845458984,66.25789642333984,18.450000762939453,50.9670295715332,53.07033920288086,42.66733932495117,152.79522705078125,63.209999084472656,97.44000244140624,93.9988021850586,1452.5400390625,197.72352600097656,98.9443359375,685.885009765625,3.836999893188477,3.5899999141693115,57.540000915527344,143.85000610351562,4.27400016784668,4.906000137329102,18.0,103.81999969482422,1.92,2.53,2.85,0.74,0.27,0.59,6587568.0,923042.0,1.785,-0.562,4.28,0.71,5662741.0,0.5819883530916448,1.9324603174603168,63.26707315832619,59.19517234276081,43.47561543469227,False,False,False,-0.0503911652998427,-0.5642761634499128,0.2974558626167249,2.35,230000.0,56.6,,55.8,20.350000381469727,1859000.0,0.8845208679401507,,,,,,,,,,,,,,,calc_tnx_dfii10,,,,,,,,,,fred_backfill_s288,,fred_backfill_s288,,,,,,176125.0,13295.0,13365.0,-70.0,0.0169759824928727,38.9430098345605,,,,,,,0,14.329999923706056,btlong_seed_s288,btlong_seed_s288,0.0
2026-02-04,66.35745239257812,86.3166732788086,52.5,36.63127136230469,453.9700012207031,53.43999862670898,227.69227600097656,259.4403991699219,142.00999450683594,52.927188873291016,248.7508087158203,79.18000030517578,382.0199890136719,84.94477081298828,66.33734130859375,18.61000061035156,52.11125183105469,53.49664306640625,42.50946044921875,154.70887756347656,65.13999938964844,97.62000274658205,93.97911834716795,1446.6800537109375,199.4461364746093,98.95420837402344,682.5626831054688,3.8329999446868896,3.595000028610229,57.5099983215332,143.16000366210938,4.275000095367432,4.914999961853027,18.63999938964844,106.16000366210938,1.94,2.51,2.86,0.75,0.27,0.6,6605909.0,908773.0,2.414,-0.562,4.29,0.72,5694722.0,1.1610562650518297,1.9315873015873013,63.24174794142808,59.28155162416655,36.16074090212693,False,False,False,0.0058708394243291,-0.6847677477559483,-0.0336598253391899,2.34,230000.0,56.6,,55.8,20.6200008392334,1859000.0,0.9039766552376838,,,,,,,,,,,,,,,calc_tnx_dfii10,,,,,,,,,,fred_backfill_s288,,fred_backfill_s288,,,,,,178650.0,13247.0,13332.0,-85.0,0.0169759824928727,38.9430098345605,,,,,,,0,14.359999656677246,btlong_seed_s288,btlong_seed_s288,0.0
2026-02-05,64.78154754638672,81.03462219238281,52.150001525878906,36.56193161010742,441.8800048828125,52.95000076293945,225.87472534179688,254.7698516845703,135.33999633789062,52.747501373291016,245.2097625732422,66.69000244140625,381.0700073242188,85.8674545288086,65.4435806274414,18.1200008392334,51.49968719482422,52.8323974609375,42.52919006347656,153.52894592285156,63.290000915527344,97.81999969482422,94.5301513671875,1460.1099853515625,197.7135467529297,98.95420837402344,674.0379638671875,3.75,3.578000068664551,62.15999984741211,137.16000366210938,4.210000038146973,4.861999988555908,21.770000457763672,117.06999969482422,1.89,2.48,2.97,0.76,0.27,0.54,6605909.0,908773.0,1.748,-0.562,4.21,0.74,5695388.0,1.161068090869577,1.9308333333333327,63.20922761622483,59.32034472761483,27.208310481952047,False,False,False,-0.1091171854361362,0.130839624329465,0.7229974609115022,2.32,230000.0,56.6,,55.8,22.450000762939453,1859000.0,0.9697104551417954,,,,,,,,,,,,,,,calc_tnx_dfii10,,,,,,,,,,fred_backfill_s288,,fred_backfill_s288,,,,,,180575.0,12822.0,12910.0,-88.0,0.0169759824928727,38.9430098345605,,,,,,,0,14.119999885559082,btlong_seed_s288,btlong_seed_s288,0.0
2026-02-06,66.95588684082031,84.3932113647461,53.79999923706055,37.20580291748047,455.4599914550781,53.27999877929688,233.61427307128903,263.9217529296875,142.77000427246094,54.5942611694336,250.376693725586,70.19000244140625,401.6499938964844,85.92633819580078,66.90339660644531,18.030000686645508,52.52553939819336,53.794071197509766,42.77587890625,156.37466430664062,63.54999923706055,97.62999725341795,94.5301513671875,1470.6800537109375,201.3977813720703,98.9837646484375,686.96923828125,3.755000114440918,3.5899999141693115,63.619998931884766,140.30999755859375,4.205999851226807,4.855000019073486,20.3700008392334,100.98999786376952,1.88,2.5,2.87,0.76,0.27,0.54,6605909.0,908773.0,3.111,-0.553,4.22,0.72,5694025.0,1.252839591154986,1.9301984126984129,63.17999997953089,59.40758606483196,31.78509457844996,False,False,False,-0.1175307849817789,0.0311596608212879,0.7626523502146378,2.33,230000.0,56.6,,55.8,20.3700008392334,1859000.0,1.0,,,,,,,,,,,,,,,calc_tnx_dfii10,,,,,,,,,,fred_backfill_s288,,fred_backfill_s288,,,,,,183275.0,12840.0,12905.0,-65.0,0.0169759824928727,38.9430098345605,,,,,,,0,14.260000228881836,btlong_seed_s288,btlong_seed_s288,0.0
2026-02-09,68.16275024414062,88.72847747802734,54.09000015258789,38.05768966674805,467.0299987792969,53.43999862670898,234.5230407714844,265.7740783691406,148.9199981689453,54.79391098022461,252.2918395996093,76.04000091552734,406.6499938964844,85.90672302246094,67.89646911621094,18.049999237060547,52.91023254394531,53.4768180847168,42.90415954589844,154.99642944335938,64.36000061035156,96.81999969482422,94.54981231689452,1462.4000244140625,201.51727294921875,99.00347137451172,690.2816162109375,3.740999937057495,3.5929999351501465,62.7400016784668,145.22999572753906,4.197999954223633,4.8480000495910645,17.360000610351562,98.5999984741211,1.87,2.5,2.84,0.76,0.27,0.53,6605909.0,908773.0,1.306,-0.553,4.22,0.74,5695830.0,1.2528334307696951,1.9295238095238096,63.184777310020046,59.50534471972235,37.758366156877045,False,False,False,-0.1098557706420263,-0.2617030539223217,0.6747230380210008,2.33,230000.0,56.6,,55.8,20.09000015258789,1865000.0,0.8641115220755903,,,,,,,,,,,,,,,calc_tnx_dfii10,,,,,,,,,,fred_backfill_s288,,fred_backfill_s288,,,,,,184300.0,12980.0,13045.0,-65.0,0.0169759824928727,38.9430098345605,,,,,,,0,14.399999618530272,btlong_seed_s288,btlong_seed_s288,0.0
2026-02-10,68.6514892578125,87.93119049072266,54.02000045776367,37.95863723754883,462.3999938964844,53.7400016784668,232.895263671875,265.0570678710937,145.41000366210938,55.16326522827149,251.144760131836,73.41000366210938,404.760009765625,86.89810180664062,68.06529235839844,18.07999992370605,52.85104751586914,53.09016799926758,43.6146240234375,154.0148162841797,63.959999084472656,96.8000030517578,94.96309661865234,1458.5400390625,202.2342071533203,99.01333618164062,688.4613037109375,3.6989998817443848,3.5899999141693115,64.55000305175781,145.7100067138672,4.146999835968018,4.788000106811523,17.790000915527344,100.80999755859376,1.84,2.47,2.86,0.77,0.27,0.47,6605909.0,908773.0,1.447,-0.553,4.16,0.71,5695689.0,1.2527912993107515,1.928492063492064,63.15283399265305,59.57206883923761,35.78203289929163,False,False,False,-0.1483789298248315,-0.0866473393792593,0.934619436353227,2.31,230000.0,56.6,,55.8,20.43000030517578,1865000.0,0.8707782990595642,,,,,,,,,,,,,,,calc_tnx_dfii10,,,,,,,,,,fred_backfill_s288,,fred_backfill_s288,,,,,,189100.0,13002.0,13098.0,-96.0,0.0169759824928727,38.9430098345605,,,,,,,0,14.34000015258789,btlong_seed_s288,btlong_seed_s288,0.0
2026-02-11,67.44462585449219,89.81478881835938,53.93999862670898,38.790714263916016,467.6300048828125,53.52999877929688,230.6383056640625,263.8520812988281,146.3800048828125,55.542598724365234,251.7931060791016,76.55999755859375,414.7799987792969,86.43675994873047,68.57176208496094,18.709999084472656,54.23199844360352,52.28712463378906,43.99946212768555,154.92701721191406,64.62999725341797,96.83000183105467,94.69741821289062,1455.3299560546875,202.59266662597656,99.01333618164062,688.3021850585938,3.740999937057495,3.5999999046325684,61.34999847412109,143.77999877929688,4.171999931335449,4.814000129699707,17.649999618530273,102.1500015258789,1.86,2.49,2.84,0.77,0.27,0.48,6622382.0,915306.0,1.048,-0.553,4.18,0.66,5706028.0,1.4294869331272109,1.927619047619048,63.12198377910413,59.6534481048584,37.91055092076154,False,False,False,-0.1753246587066599,-0.2417602289119379,1.07088654155619,2.31,230000.0,56.6,,55.8,20.3700008392334,1865000.0,0.8664702450348308,,,,,,,,,,,,,,,calc_tnx_dfii10,,,,,,,,,,fred_backfill_s288,,fred_backfill_s288,,,,,,192100.0,13327.0,13385.0,-58.0,0.0169759824928727,38.9430098345605,,,,,,,0,14.489999771118164,btlong_seed_s288,btlong_seed_s288,0.0
2026-02-12,64.93115997314453,86.85485076904297,52.59999847412109,38.12703323364258,451.3900146484375,53.11000061035156,232.21617126464844,258.4644775390625,141.82000732421875,54.53437042236328,246.69601440429688,67.7300033569336,406.1099853515625,87.58518981933594,68.02556610107422,18.51000022888184,53.245601654052734,51.24613952636719,44.65071868896485,154.67913818359375,62.84000015258789,96.93000030517578,95.27796173095705,1444.18994140625,199.9340362548828,99.0330581665039,677.668701171875,3.6679999828338623,3.5980000495910645,68.56999969482422,142.5,4.104000091552734,4.730999946594238,20.81999969482422,112.3000030517578,1.8,2.45,2.92,0.78,0.27,0.39,6622382.0,915306.0,2.844,-0.553,4.09,0.62,5704232.0,1.4294141471882016,1.926626984126984,63.08259106840682,59.68965497510187,32.681141503058164,False,False,False,-0.2376420692668841,0.3397095875048652,1.5837775256286415,2.3,230000.0,56.6,,55.8,22.170000076293945,1865000.0,0.9391068842208412,,,,,,,,,,,,,,,calc_tnx_dfii10,,,,,,,,,,fred_backfill_s288,,fred_backfill_s288,,,,,,196650.0,13172.0,13239.0,-67.0,0.0169759824928727,38.9430098345605,,,,,,,0,14.15999984741211,btlong_seed_s288,btlong_seed_s288,0.0
2026-02-13,66.65667724609375,87.64217376708984,53.15999984741211,37.70108795166016,462.6199951171875,52.88999938964844,234.5529937744141,261.87030029296875,142.02000427246094,55.02350997924805,247.2047271728516,69.72000122070312,407.7200012207031,88.06616973876953,68.28376770019531,18.88999938964844,53.61056900024414,51.20648193359375,45.8841667175293,156.33499145507812,62.88999938964844,96.87999725341795,95.65186309814452,1440.9000244140625,202.0051727294922,99.07247161865234,678.1461181640625,3.608999967575073,3.5929999351501465,70.0999984741211,139.35000610351562,4.056000232696533,4.697999954223633,20.600000381469727,115.5199966430664,1.77,2.42,2.95,0.79,0.27,0.36,6622382.0,915306.0,0.377,-0.54,4.04,0.64,5706699.0,1.6695850780489296,1.9257142857142853,63.05218620145852,59.74913774687669,33.18078647322058,False,False,False,-0.2163503844359688,0.3446257620307032,1.43557102752386,2.29,230000.0,56.6,,55.8,22.170000076293945,1865000.0,0.9291835954252884,,,,,,,,,,,,,,,calc_tnx_dfii10,,,,,,,,,,fred_backfill_s288,,fred_backfill_s288,,,,,,203875.0,12719.0,12825.0,-106.0,0.0169759824928727,38.9430098345605,,,,,,,0,14.170000076293944,btlong_seed_s288,btlong_seed_s288,0.0
2026-02-16,66.65667724609375,87.64217376708984,53.15999984741211,37.70108795166016,462.6199951171875,52.88999938964844,234.5529937744141,261.87030029296875,142.02000427246094,55.02350997924805,247.2047271728516,69.72000122070312,407.7200012207031,88.06616973876953,68.28376770019531,18.88999938964844,53.61056900024414,51.20648193359375,45.8841667175293,156.33499145507812,,,95.65186309814452,1439.52001953125,202.0051727294922,99.07247161865234,678.1461181640625,,,,,4.04,,,,1.77,2.42,2.94,0.79,0.27,0.36,6622382.0,915306.0,0.377,-0.54,4.04,0.64,5706699.0,1.6696827203990905,1.924880952380952,63.02109753988623,59.75982438472279,,False,False,False,,,,2.27,208000.0,56.6,,55.8,22.170000076293945,1827000.0,,,,,,,,,,,,,,,,calc_tnx_dfii10,,,,,,,,,,fred_backfill_s288,,fred_backfill_s288,,,,,,211850.0,12757.0,12870.0,-113.0,0.0169759824928727,38.9430098345605,,,,,,,0,14.170000076293944,btlong_seed_s288,btlong_seed_s288,0.0
2026-02-17,65.3700180053711,84.49287414550781,53.2599983215332,37.38410568237305,448.2000122070313,53.27000045776367,237.8485565185547,261.9499816894531,142.4600067138672,54.6841049194336,246.94537353515625,66.37000274658203,407.510009765625,88.2134017944336,68.10501098632812,18.729999542236328,53.01873397827149,51.75176239013672,45.76575469970703,156.03753662109375,62.33000183105469,97.16000366210938,95.64202880859376,1440.22998046875,201.6566772460937,99.07247161865234,679.2402954101562,3.621000051498413,3.5929999351501465,68.83999633789062,140.27999877929688,4.052000045776367,4.683000087738037,20.290000915527344,107.08999633789062,1.79,2.39,2.94,0.8,0.27,0.36,6622382.0,915306.0,0.441,-0.54,4.05,0.62,5706635.0,1.6696088239231743,1.9243650793650795,62.9942682777963,59.83473667345549,27.49092715738788,False,False,False,-0.2417665758185249,0.5651098673777175,1.6326620121873576,2.26,208000.0,56.6,,55.8,21.600000381469727,1827000.0,0.9393518776478259,,,,,,,,,,,,,,,calc_tnx_dfii10,,,,,,,,,,fred_backfill_s288,,fred_backfill_s288,,,,,,221625.0,12561.0,12674.0,-113.0,0.0169759824928727,38.9430098345605,,,,,,,0,14.029999732971191,btlong_seed_s288,btlong_seed_s288,0.0
2026-02-18,65.75900268554688,86.36650848388672,53.68000030517578,37.67136764526367,458.2799987792969,53.31999969482422,239.99566650390625,262.8960266113281,145.86000061035156,54.69408798217773,248.7508087158203,70.08999633789062,412.5499877929688,87.87967681884766,68.33341217041016,18.770000457763672,54.03472137451172,52.13841247558594,45.005950927734375,156.33499145507812,65.19000244140625,97.6999969482422,95.44523620605467,1439.969970703125,202.70220947265625,99.0921859741211,682.662109375,3.6449999809265137,3.6029999256134033,64.19000244140625,139.1699981689453,4.078999996185303,4.705999851226807,19.6200008392334,108.69000244140624,1.8,2.43,2.86,0.78,0.27,0.39,6613395.0,912727.0,0.856,-0.54,4.09,0.62,5699812.0,1.5554192928022514,1.9240079365079368,62.980325187124855,59.94614022238213,29.981232511102164,False,False,False,-0.1919388033582494,0.373370568857005,1.2549824392153113,2.28,208000.0,56.6,,55.8,21.38999938964844,1827000.0,0.9172511173014982,,,,,,,,,,,,,,,calc_tnx_dfii10,,,,,,,,,,fred_backfill_s288,,fred_backfill_s288,,,,,,224650.0,12603.0,12701.0,-98.0,0.0169759824928727,38.9430098345605,,,,,,,0,14.40999984741211,btlong_seed_s288,btlong_seed_s288,0.0
2026-02-19,65.73905944824219,85.82833862304688,53.43000030517578,38.24590301513672,459.55999755859375,52.29999923706055,243.161376953125,263.5035400390625,147.91000366210938,55.19321441650391,247.88299560546875,71.01000213623047,410.2000122070313,87.968017578125,68.31356048583984,18.76000022888184,54.42927932739258,51.70219039916992,45.49932861328125,155.928466796875,66.43000030517578,97.93000030517578,95.5337905883789,1440.1600341796875,202.27403259277344,99.10203552246094,680.8616943359375,3.6470000743865967,3.595000028610229,68.02999877929688,141.19000244140625,4.074999809265137,4.703999996185303,20.229999542236328,111.66999816894533,1.79,2.43,2.88,0.79,0.27,0.39,6613395.0,912727.0,0.632,-0.54,4.08,0.61,5700036.0,1.5554456627827618,1.923492063492064,62.96439023521857,60.094912144175744,28.5595327564931,False,False,False,-0.1987902436561841,0.3458040543456283,1.286523604295132,2.28,208000.0,56.6,,55.8,21.8799991607666,1827000.0,0.9245886799900378,,,,,,,,,,,,,,,calc_tnx_dfii10,,,,,,,,,,fred_backfill_s288,,fred_backfill_s288,,,,,,225575.0,12626.0,12726.0,-100.0,0.0169759824928727,38.9430098345605,,,,,,,0,14.529999732971191,btlong_seed_s288,btlong_seed_s288,0.0
2026-02-20,63.73427200317383,88.78826904296875,53.54999923706055,38.99873352050781,468.6199951171875,53.41999816894531,243.32115173339844,263.5134582519531,148.41000366210938,55.542598724365234,250.0375518798828,76.62000274658203,415.0299987792969,87.76189422607422,69.03849792480469,19.290000915527344,54.13336181640625,52.03927230834961,45.71641540527344,155.49220275878906,66.38999938964844,97.8000030517578,95.5337905883789,1447.75,203.219970703125,99.12174987792967,685.7855834960938,3.650000095367432,3.595000028610229,64.2699966430664,145.52000427246094,4.085999965667725,4.724999904632568,19.09000015258789,108.70999908447266,1.8,2.43,2.86,0.78,0.27,0.39,6613395.0,912727.0,0.496,-0.524,4.08,0.6,5700172.0,0.914223981454243,1.923253968253968,62.95069103706174,60.23070158038223,32.33078089327961,False,False,False,-0.194019844626356,-0.0490703149352962,1.1866559042311762,2.29,208000.0,56.6,,55.8,21.09000015258789,1827000.0,0.9051683269070728,,,,,,,,,,,,,,,calc_tnx_dfii10,,,,,,,,,,fred_backfill_s288,,fred_backfill_s288,,,,,,235150.0,12750.0,12822.0,-72.0,0.0169759824928727,38.9430098345605,,,,,,,0,14.640000343322754,btlong_seed_s288,btlong_seed_s288,0.0
2026-02-23,61.11109161376953,90.54231262207033,53.27999877929688,38.40439224243164,481.2799987792969,52.61000061035156,240.93438720703125,259.4105224609375,146.2899932861328,54.76396560668945,247.0251617431641,80.56999969482422,412.8800048828125,88.08578491210938,68.70085144042969,19.229999542236328,54.399688720703125,50.29438400268555,46.0617790222168,157.1976318359375,66.30999755859375,97.6999969482422,95.87818145751952,1443.43994140625,200.98953247070312,99.14146423339844,678.7827758789062,3.5820000171661377,3.588000059127808,68.02999877929688,141.42999267578125,4.02899980545044,4.696000099182129,21.01000022888184,115.66000366210938,1.77,2.4,2.95,0.8,0.27,0.34,6613395.0,912727.0,0.877,-0.524,4.03,0.6,5699791.0,0.9142172369248858,1.9231349206349209,62.94231703223252,60.33551702828243,34.2316944685916,False,False,False,-0.2089242992235757,-0.2274026197922983,1.2479966098565995,2.26,211000.0,56.6,,55.8,22.13999938964844,1871000.0,0.948961192776955,,,,,,,,,,,,,,,calc_tnx_dfii10,,,,,,,,,,fred_backfill_s288,,fred_backfill_s288,,,,,,241825.0,12832.0,12915.0,-83.0,0.0169759824928727,38.9430098345605,,,,,,,0,14.710000038146973,btlong_seed_s288,btlong_seed_s288,0.0
2026-02-24,61.4202880859375,93.05377960205078,53.08000183105469,39.09779357910156,474.6099853515625,52.66999816894531,242.78189086914065,262.23876953125,150.52999877929688,55.55258560180664,249.678451538086,79.08000183105469,419.1600036621094,88.24285125732422,68.97891235351562,19.25,54.350364685058594,50.542236328125,46.574893951416016,156.53330993652344,65.62999725341797,97.87999725341795,95.85850524902344,1442.199951171875,202.59266662597656,99.14146423339844,683.7164916992188,3.5980000495910645,3.588000059127808,65.2699966430664,141.94000244140625,4.0329999923706055,4.689000129699707,19.549999237060547,108.61000061035156,1.78,2.4,2.97,0.81,0.27,0.35,6613395.0,912727.0,0.917,-0.524,4.04,0.61,5699751.0,0.914311994213679,1.9227777777777777,62.93162595547312,60.45758595959894,37.20168307931222,False,False,False,-0.2191330497650366,-0.1616715338272804,1.315158461442845,2.25,211000.0,56.6,,55.8,21.34000015258789,1871000.0,0.9161199202095474,,,,,,,,,,,,,,,calc_tnx_dfii10,,,,,,,,,,fred_backfill_s288,,fred_backfill_s288,,,,,,243175.0,13011.0,13105.0,-94.0,0.0169759824928727,38.9430098345605,,,,,,,0,14.699999809265137,btlong_seed_s288,btlong_seed_s288,0.0
2026-02-25,62.547359466552734,94.73805236816406,53.29999923706055,39.21665954589844,473.4200134277344,52.7400016784668,240.89442443847656,263.48358154296875,150.92999267578125,54.97359848022461,253.1895904541016,80.04000091552734,426.1600036621094,88.25267028808594,69.77337646484375,19.09000015258789,54.123497009277344,51.42459487915039,46.73277282714844,156.49365234375,65.41999816894531,97.6999969482422,95.77977752685548,1439.989990234375,202.712158203125,99.1513214111328,689.4859008789062,3.61899995803833,3.588000059127808,62.43000030517578,146.0500030517578,4.047999858856201,4.693999767303467,17.93000030517578,103.9800033569336,1.77,2.42,2.94,0.8,0.27,0.36,6613797.0,887612.0,1.159,-0.524,4.05,0.6,5725026.0,1.365937046771082,1.9221031746031747,62.92800807177536,60.56275834708378,38.903166085525264,False,False,False,-0.2081999129279328,-0.2480043217946052,1.2314593259190456,2.28,211000.0,56.6,,55.8,20.36000061035156,1871000.0,0.8806483186478736,,,,,,,,,,,,,,,calc_tnx_dfii10,,,,,,,,,,fred_backfill_s288,,fred_backfill_s288,,,,,,249650.0,13171.0,13260.0,-89.0,0.0169759824928727,38.9430098345605,,,,,,,0,14.710000038146973,btlong_seed_s288,btlong_seed_s288,0.0
2026-02-26,63.704345703125,94.13011932373048,52.27999877929688,38.73127746582031,477.4800109863281,52.58000183105469,242.4922790527344,264.88775634765625,149.74000549316406,55.23314666748047,250.2470245361328,80.44999694824219,412.010009765625,88.60601806640625,69.82302856445312,19.15999984741211,54.301048278808594,52.0491828918457,46.55516052246094,156.0871124267578,65.20999908447266,97.79000091552734,96.03560638427734,1426.9300537109375,203.8572540283203,99.17103576660156,685.6561889648438,3.5829999446868896,3.588000059127808,63.93000030517578,146.57000732421875,4.017000198364258,4.669000148773193,18.6299991607666,104.1500015258789,1.74,2.43,2.98,0.82,0.27,0.34,6613797.0,887612.0,3.796,-0.524,4.02,0.6,5722389.0,1.3659330727946672,1.9212698412698408,62.92333326882464,60.6760342038911,37.254189630371904,False,False,False,-0.2085482942685738,-0.1935860299255802,1.237758180433521,2.28,211000.0,56.6,,55.8,20.809999465942383,1871000.0,0.8952426544391043,,,,,,,,,,,,,,,calc_tnx_dfii10,,,,,,,,,,fred_backfill_s288,,fred_backfill_s288,,,,,,253600.0,13215.0,13287.0,-72.0,0.0169759824928727,38.9430098345605,,,,,,,0,14.720000267028809,btlong_seed_s288,btlong_seed_s288,0.0
2026-02-27,62.74684143066406,95.37588500976562,52.06999969482422,38.3647689819336,483.75,52.27000045776367,243.3910675048828,260.3267517089844,148.27000427246094,54.99356460571289,249.42909240722656,84.98999786376953,406.3699951171875,89.14588928222656,69.75350952148438,19.07999992370605,55.159210205078125,50.988372802734375,47.09787368774414,158.84356689453125,67.0199966430664,97.61000061035156,96.41937255859376,1432.3199462890625,204.0962371826172,99.19074249267578,682.3637084960938,3.51200008392334,3.578000068664551,73.37999725341797,146.6699981689453,3.961999893188477,4.632999897003174,19.86000061035156,110.88999938964844,1.72,2.4,3.1,0.85,0.27,0.3,6613797.0,887612.0,16.318,-0.505,3.97,0.59,5709867.0,2.278371991322725,1.9201984126984128,62.923251950643895,60.815172063893286,38.29605891040333,False,False,False,0.0362304965224578,-0.5028492052259773,-0.206218415499106,2.24,211000.0,56.6,,52.6,21.559999465942383,1871000.0,0.921150329420172,,,,,,,,,,,,,,,calc_tnx_dfii10,,,,,,,,,,fred_backfill_s288,,fred_backfill_s288,,,,,,253700.0,13439.5,13484.0,-44.5,0.0169759824928727,38.9430098345605,,,,,,,0,14.920000076293944,btlong_seed_s288,btlong_seed_s288,0.0
2026-03-02,63.23556900024414,93.28299713134766,51.06999969482422,38.27561950683594,490.0,50.95000076293945,250.24180603027344,262.7167663574219,153.8300018310547,55.2730712890625,249.72833251953125,81.56999969482422,406.3900146484375,88.25067901611328,68.53203582763672,18.6299991607666,56.26397705078125,50.8594856262207,46.74264144897461,157.18771362304688,71.2300033569336,98.37999725341795,95.8401107788086,1438.5,203.7178497314453,99.20259857177734,682.7516479492188,3.621000051498413,3.5899999141693115,73.20999908447266,151.77999877929688,4.047999858856201,4.697999954223633,21.440000534057617,113.44000244140624,1.76,2.46,3.03,0.85,0.2,0.33,6613797.0,887612.0,0.627,-0.505,4.05,0.58,5725558.0,2.2786471237736583,1.9196031746031743,62.94439018063429,61.01448249816895,34.56637041094783,False,False,False,-0.0184419141044501,-0.0225667440197483,0.1107826154834956,2.29,214000.0,53.3,,52.6,22.440000534057617,1847000.0,0.95543672120318,,,,,,,,,,,,,,,calc_tnx_dfii10,,,,,,,,,,fred_backfill_s288,,fred_backfill_s288,,,,,,257675.0,13230.0,13290.0,-60.0,0.017802608946837,36.9397590343376,,,,,,,0,15.359999656677246,btlong_seed_s288,btlong_seed_s288,0.0
2026-03-03,63.74424362182617,86.72528076171875,48.59000015258789,36.472782135009766,468.1400146484375,50.220001220703125,244.6493682861328,258.1657409667969,143.6699981689453,54.165016174316406,247.09500122070312,74.68000030517578,391.05999755859375,88.07341003417969,66.14865112304688,18.1200008392334,55.75104904174805,50.77025985717773,46.44661712646485,155.4128875732422,74.55999755859375,99.0500030517578,95.73155212402344,1452.27001953125,201.2185516357422,99.22237396240234,676.7337036132812,3.63100004196167,3.595000028610229,77.75,152.8300018310547,4.056000232696533,4.702000141143799,23.56999969482422,116.0199966430664,1.77,2.46,3.08,0.84,0.2,0.35,6613797.0,887612.0,1.203,-0.505,4.06,0.55,5724982.0,2.2786231706196425,1.918809523809524,62.97817065851475,61.26413759691962,24.57310765610479,False,False,False,-0.0583344595264783,0.3991990378451985,0.3656761465672034,2.29,214000.0,53.3,,52.6,23.540000915527344,1847000.0,1.0012743746019606,,,,,,,,,,,,,,,calc_tnx_dfii10,,,,,,,,,,fred_backfill_s288,,fred_backfill_s288,,,,,,257675.0,12820.0,12865.0,-45.0,0.017802608946837,36.9397590343376,,,,,,,0,15.420000076293944,btlong_seed_s288,btlong_seed_s288,1.0
2026-03-04,64.49230194091797,87.8614273071289,49.52999877929688,37.1364631652832,471.7999877929688,50.27000045776367,246.6366729736328,260.67529296875,145.94000244140625,54.18497848510742,250.7357788085937,75.33999633789062,399.1000061035156,87.79765319824219,66.91332244873047,18.299999237060547,55.425537109375,51.05776977539063,46.64396667480469,155.7202606201172,74.66000366210938,98.7699966430664,95.53418731689452,1483.0699462890625,202.0251007080078,99.22237396240234,681.50830078125,3.6679999828338623,3.595000028610229,70.02999877929688,152.8699951171875,4.079999923706055,4.716000080108643,21.14999961853028,106.94000244140624,1.8,2.46,2.97,0.82,0.2,0.38,6628894.0,832053.0,0.877,-0.505,4.09,0.55,5795964.0,3.540659997232165,1.918055555555556,63.00654465590066,61.5362066071609,25.664433300040447,False,False,False,-0.0844557792355771,0.4316480308728654,0.5288855528169316,2.28,214000.0,53.3,,52.6,22.290000915527344,1847000.0,0.9488559331461072,,,,,,,,,,,,,,,calc_tnx_dfii10,,,,,,,,,,fred_backfill_s288,,fred_backfill_s288,,,,,,261525.0,12960.0,13015.0,-55.0,0.017802608946837,36.9397590343376,,,,,,,0,15.5600004196167,btlong_seed_s288,btlong_seed_s288,0.0
2026-03-05,65.61936950683594,82.02127838134766,48.7400016784668,36.017120361328125,466.1300048828125,50.369998931884766,239.71603393554688,255.6959991455078,139.44000244140625,52.93217849731445,250.08743286132807,74.2699966430664,395.3500061035156,87.443115234375,65.33433532714844,18.020000457763672,55.71159362792969,50.79009246826172,46.27886581420898,152.60684204101562,81.01000213623047,99.31999969482422,95.23815155029295,1460.75,199.6851043701172,99.23225402832033,677.7084350585938,3.743000030517578,3.588000059127808,74.52999877929688,153.9499969482422,4.145999908447266,4.751999855041504,23.75,115.93000030517578,1.82,2.51,3.0,0.82,0.2,0.43,6628894.0,832053.0,2.793,-0.505,4.13,0.56,5794048.0,3.5406536633957986,1.9174206349206349,63.06532513998389,61.92862043709591,16.88713378822577,False,False,False,0.0557229475962273,0.4840170874515638,-0.3497258517452604,2.33,214000.0,53.3,,52.6,23.86000061035156,1847000.0,0.9953897482171968,,,,,,,,,,,,,,,calc_tnx_dfii10,,,,,,,,,,fred_backfill_s288,,fred_backfill_s288,,,,,,282200.0,12841.0,12915.0,-74.0,0.017802608946837,36.9397590343376,,,,,,,0,15.800000190734863,btlong_seed_s288,btlong_seed_s288,0.0
2026-03-06,65.82881927490234,79.67922973632812,48.77999877929688,35.93787384033203,473.510009765625,49.9900016784668,241.87310791015625,249.850341796875,136.00999450683594,51.489707946777344,246.34689331054688,75.94000244140625,380.55999755859375,87.11811828613281,64.82786560058594,17.450000762939453,55.80036926269531,50.1357536315918,46.12098693847656,151.40708923339844,90.9000015258789,98.98999786376952,95.1789321899414,1479.510009765625,197.3052978515625,99.27178192138672,668.8256225585938,3.714999914169312,3.569999933242798,81.26000213623047,151.8000030517578,4.132999897003174,4.755000114440918,29.489999771118164,140.44000244140625,1.8,2.56,3.13,0.84,0.2,0.46,6628894.0,832053.0,1.512,-0.486,4.15,0.59,5795329.0,2.0507097785985584,1.9165873015873007,63.16174790917373,62.4879308240167,13.163037817193256,False,False,False,0.0406781079718332,0.4468951443493074,-0.2536409097148988,2.33,214000.0,53.3,,52.6,27.559999465942383,1847000.0,1.0700290400063615,,,,,,,,,,,,,,,calc_tnx_dfii10,,,,,,,,,,fred_backfill_s288,,fred_backfill_s288,,,,,,284325.0,12808.0,12842.0,-34.0,0.017802608946837,36.9397590343376,,,,,,,0,16.3799991607666,btlong_seed_s288,btlong_seed_s288,1.0
2026-03-09,66.10810089111328,81.96147155761719,50.25,36.75013732910156,472.5299987792969,49.97999954223633,241.6634063720703,252.5690155029297,140.27999877929688,52.10862350463867,249.57872009277344,78.26000213623047,394.3699951171875,87.8764419555664,65.4535140991211,17.229999542236328,55.55376815795898,49.89781951904297,46.229530334472656,152.95387268066406,94.7699966430664,99.18000030517578,95.47498321533205,1483.8900146484375,197.8629150390625,99.28166198730467,674.6845092773438,3.736000061035156,3.5929999351501465,79.73999786376953,157.97999572753906,4.136000156402588,4.739999771118164,25.5,122.5999984741211,1.78,2.56,3.19,0.85,0.2,0.41,6628894.0,832053.0,0.332,-0.486,4.12,0.56,5796509.0,2.0506915487331856,1.9156349206349208,63.2722763433689,63.12879286141232,15.972698822522858,False,False,False,0.0172158870332324,0.1493829873388374,-0.1039486692657734,2.36,213000.0,53.3,,52.6,25.34000015258789,1851000.0,1.0063141218014464,,,,,,,,,,,,,,,calc_tnx_dfii10,,,,,,,,,,fred_backfill_s288,,fred_backfill_s288,,,,,,294250.0,12750.5,12802.0,-51.5,0.017802608946837,36.9397590343376,,,,,,,0,16.190000534057617,btlong_seed_s288,btlong_seed_s288,1.0
2026-03-10,65.60939025878906,82.77869415283203,50.93999862670898,37.176082611083984,477.8599853515625,49.93000030517578,239.39645385742188,252.31008911132807,142.8699951171875,51.978851318359375,249.63856506347656,80.08999633789062,397.3299865722656,86.94084930419922,65.5130844116211,17.059999465942383,54.843563079833984,49.6301383972168,45.9433708190918,151.853271484375,83.44999694824219,98.83000183105467,95.1690673828125,1464.469970703125,196.3792724609375,99.28166198730467,673.6002807617188,3.714999914169312,3.595000028610229,76.33000183105469,154.4600067138672,4.136000156402588,4.770999908447266,24.93000030517578,125.36000061035156,1.82,2.53,3.06,0.84,0.2,0.44,6628894.0,832053.0,0.278,-0.486,4.15,0.58,5796563.0,2.0506559215291764,1.9149603174603167,63.33955274752485,63.5772411083353,16.69658463520458,False,False,False,0.0556991753288069,0.0636136265618589,-0.3323312314115503,2.32,213000.0,53.3,,52.6,25.51000022888184,1851000.0,0.9772638213052858,,,,,,,,,,,,,,,calc_tnx_dfii10,,,,,,,,,,fred_backfill_s288,,fred_backfill_s288,,,,,,301950.0,12920.5,13025.0,-104.5,0.017802608946837,36.9397590343376,,,,,,,0,16.440000534057617,btlong_seed_s288,btlong_seed_s288,1.0
2026-03-11,65.58944702148438,82.01130676269531,50.25,37.255332946777344,476.239990234375,49.27000045776367,238.3578491210937,251.80221557617188,141.1199951171875,51.889007568359375,249.57872009277344,77.91000366210938,401.0299987792969,85.81814575195312,65.40385437011719,17.40999984741211,56.20478820800781,49.2137451171875,45.55853271484375,151.55581665039062,87.25,99.2300033569336,94.73486328125,1472.780029296875,195.73204040527344,99.30143737792967,672.7548217773438,3.7820000648498535,3.5999999046325684,78.58999633789062,152.44000244140625,4.208000183105469,4.85699987411499,24.229999542236328,122.48999786376952,1.85,2.58,3.09,0.88,0.2,0.5,6646344.0,838186.0,0.552,-0.486,4.21,0.57,5807606.0,2.249913298059348,1.9146031746031744,63.421219399304896,64.10189628601074,15.20883679069489,False,False,False,-0.0007645744311182,0.3415255470510948,0.0046736093247838,2.36,213000.0,53.3,,52.6,24.96999931335449,1851000.0,0.9703644456761201,,,,,,,,,,,,,,,calc_tnx_dfii10,,,,,,,,,,fred_backfill_s288,,fred_backfill_s288,,,,,,312075.0,12850.5,12950.0,-99.5,0.017802608946837,36.9397590343376,,,,,,,0,16.760000228881836,btlong_seed_s288,btlong_seed_s288,1.0
2026-03-12,65.1306381225586,79.46994018554688,49.36000061035156,35.779380798339844,466.8800048828125,48.52000045776367,231.1775817871093,246.384765625,140.80999755859375,50.411598205566406,245.31948852539065,76.4800033569336,388.1300048828125,85.65072631835938,64.1227798461914,16.75,56.727577209472656,48.41070175170898,45.8841667175293,148.8885955810547,95.7300033569336,99.73999786376952,94.42894744873048,1475.3399658203125,192.7050018310547,99.31130981445312,662.5390625,3.884000062942505,3.6050000190734863,95.3000030517578,139.94000244140625,4.2729997634887695,4.885000228881836,27.290000915527344,130.17999267578125,1.89,2.63,3.17,0.91,0.2,0.55,6646344.0,838186.0,0.137,-0.486,4.27,0.51,5808021.0,2.2499017572922497,1.9144444444444444,63.53288607093377,64.79948254289299,11.281077773357651,False,False,False,0.0917255493955275,0.3584330485053592,-0.5599480003916621,2.38,213000.0,53.3,,52.6,26.950000762939453,1851000.0,1.0126159607778358,,,,,,,,,,,,,,,calc_tnx_dfii10,,,,,,,,,,fred_backfill_s288,,fred_backfill_s288,,,,,,312350.0,12896.5,13004.5,-108.0,0.017802608946837,36.9397590343376,,,,,,,0,17.209999084472656,btlong_seed_s288,btlong_seed_s288,1.0
2026-03-13,64.98103332519531,76.13128662109375,49.2599983215332,35.15532302856445,460.8399963378906,48.060001373291016,229.0304718017578,245.56814575195312,136.6300048828125,50.08217239379883,243.833236694336,72.69000244140625,387.3299865722656,85.22725677490234,63.37797927856445,16.709999084472656,56.91499328613281,48.47018432617188,46.33807373046875,148.52171325683594,98.70999908447266,100.36000061035156,94.33026123046876,1470.5799560546875,192.69503784179688,99.34095764160156,658.7890014648438,3.874000072479248,3.6029999256134033,91.16999816894533,137.75999450683594,4.284999847412109,4.9079999923706055,27.190000534057617,131.0500030517578,1.92,2.61,3.28,0.93,0.2,0.56,6646344.0,838186.0,0.427,-0.471,4.28,0.55,5807731.0,1.474554642651582,1.9144444444444444,63.65658525916619,65.53689634388891,6.330372090913761,False,False,False,0.0466260323499285,0.7958509220580543,-0.2955996678458179,2.36,213000.0,53.3,,52.6,27.280000686645508,1851000.0,0.9967008742550381,,,,,,,,,,,,,,,calc_tnx_dfii10,,,,,,,,,,fred_backfill_s288,,fred_backfill_s288,,,,,,311825.0,12758.0,12849.0,-91.0,0.017802608946837,36.9397590343376,,,,,,,0,17.1299991607666,btlong_seed_s288,btlong_seed_s288,1.0
2026-03-16,64.33271026611328,78.39360046386719,50.060001373291016,36.18551635742188,460.4299926757813,48.560001373291016,232.49578857421875,247.8885040283203,137.88999938964844,50.59128189086914,246.54638671875,73.22000122070312,393.9200134277344,85.8870849609375,64.73849487304688,17.299999237060547,57.11227798461914,48.87666320800781,46.63409805297852,149.73138427734375,93.5,99.70999908447266,94.75460052490234,1501.75,194.12890625,99.34095764160156,665.493408203125,3.802999973297119,3.6050000190734863,85.25,141.49000549316406,4.21999979019165,4.859000205993652,23.51000022888184,116.77999877929688,1.87,2.58,3.27,0.94,0.2,0.51,6646344.0,838186.0,0.582,-0.471,4.23,0.55,5807576.0,1.4745758151507138,1.9140079365079363,63.7557315981485,66.18086183482203,9.181873859545654,False,False,False,,0.727202774703776,,2.35,205000.0,53.3,,52.6,24.920000076293945,1816000.0,0.9434189469062876,,,,,,,,,,,,,,,calc_tnx_dfii10,,,,,,,,,,fred_backfill_s288,,fred_backfill_s288,,,,,,311600.0,12759.5,12842.0,-82.5,0.017802608946837,36.9397590343376,,,,,,,0,16.899999618530273,btlong_seed_s288,btlong_seed_s288,1.0
2026-03-17,64.80149841308594,77.6461410522461,49.31999969482422,36.36381912231445,459.2699890136719,48.52000045776367,232.7366180419922,249.456771850586,139.5399932861328,50.780948638916016,247.8231506347656,71.66000366210938,396.8800048828125,86.12344360351562,64.95697021484375,17.31999969482422,57.71397399902344,49.13443374633789,46.505821228027344,148.3730010986328,96.20999908447266,99.58000183105467,94.92235565185548,1488.9100341796875,195.2142639160156,99.36072540283205,667.2440185546875,3.78600001335144,3.6050000190734863,79.2300033569336,145.0399932861328,4.202000141143799,4.852000236511231,22.3700008392334,110.5500030517578,1.83,2.62,3.22,0.92,0.2,0.48,6646344.0,838186.0,0.797,-0.471,4.2,0.52,5807361.0,1.4744185111194683,1.913492063492064,63.86634135052441,66.86275837339204,7.856468568879293,False,False,False,0.0536801220615432,0.957802377358167,-0.3440366705213185,2.37,205000.0,53.3,,52.6,24.32999992370605,1816000.0,0.9194410566946645,,,,,,,,,,,,,,,calc_tnx_dfii10,,,,,,,,,,fred_backfill_s288,,fred_backfill_s288,,,,,,330375.0,12677.0,12792.0,-115.0,0.017802608946837,36.9397590343376,,,,,,,0,17.170000076293945,btlong_seed_s288,btlong_seed_s288,1.0
2026-03-18,64.79151916503906,74.67623138427734,48.560001373291016,35.918060302734375,444.739990234375,47.720001220703125,231.2676544189453,245.43634033203125,135.75999450683594,50.22193145751953,244.3419647216797,68.69999694824219,393.6700134277344,85.640869140625,63.83479309082031,17.030000686645508,57.63506317138672,48.54949951171875,46.11111831665039,145.89414978027344,96.31999969482422,100.08999633789062,94.48815155029295,1484.8699951171875,192.645248413086,99.37061309814452,657.9335327148438,3.861999988555908,3.609999895095825,81.25,136.5399932861328,4.258999824523926,4.88100004196167,25.09000015258789,126.5,1.86,2.66,3.2,0.91,0.2,0.53,6655939.0,853052.0,0.698,-0.471,4.26,0.5,5802189.0,1.3823035114715054,1.913015873015873,63.97475597722744,67.52327563844878,3.5221030555103505,False,False,False,0.0100093670446161,1.0813802945100504,-0.0647971761196526,2.4,205000.0,53.3,,52.6,26.559999465942383,1816000.0,0.9446536391975664,,,,,,,,,,,,,,,calc_tnx_dfii10,,,,,,,,,,fred_backfill_s288,,fred_backfill_s288,,,,,,334100.0,12503.0,12609.0,-106.0,0.017802608946837,36.9397590343376,,,,,,,0,17.459999084472656,btlong_seed_s288,btlong_seed_s288,1.0
2026-03-19,65.06082153320312,72.1348648071289,48.130001068115234,36.155799865722656,426.4100036621094,47.52000045776367,227.16053771972656,247.04251098632807,133.6199951171875,49.90249252319336,243.5838623046875,65.68000030517578,394.9200134277344,86.16283416748047,63.71562576293945,16.979999542236328,58.55241012573242,48.5693244934082,45.92363357543945,145.36865234375,96.13999938964844,99.2300033569336,94.4782943725586,1505.25,192.4958953857422,99.37061309814452,656.3121337890625,3.9189999103546143,3.611999988555908,84.87999725341797,138.25999450683594,4.281000137329102,4.852000236511231,24.059999465942383,118.08999633789062,1.88,2.61,3.27,0.9,0.2,0.52,6655939.0,853052.0,0.637,-0.471,4.25,0.46,5802250.0,1.3823819809567706,1.912579365079365,64.0813413480433,68.17431009226831,-0.1652811448286439,False,False,False,-0.0031531195808054,1.1080422406122905,0.0204707936320209,2.4,205000.0,53.3,,52.6,25.540000915527344,1816000.0,0.9420516289533422,,,,,,,,,,,,,,,calc_tnx_dfii10,,,,,,,,,,fred_backfill_s288,,fred_backfill_s288,,,,,,335425.0,11826.0,11930.0,-104.0,0.017802608946837,36.9397590343376,,,,,,,0,17.219999313354492,btlong_seed_s288,btlong_seed_s288,1.0
2026-03-20,63.86392974853516,68.8460464477539,46.11000061035156,34.72937774658203,413.3800048828125,46.59000015258789,222.40386962890625,241.6453552246093,127.81999969482422,48.93418884277344,239.03536987304688,61.52000045776367,384.739990234375,84.52801513671875,61.71515274047852,16.43000030517578,58.50308990478516,48.65855407714844,44.05866622924805,144.0994873046875,98.31999969482422,99.6500015258789,93.62962341308594,1489.8399658203125,189.66799926757807,99.40026092529295,646.9034423828125,4.01200008392334,3.618000030517578,108.83999633789062,139.1199951171875,4.390999794006348,4.960000038146973,26.780000686645508,126.27999877929688,2.01,2.63,3.24,0.88,0.2,0.65,6655939.0,853052.0,0.822,-0.462,4.39,0.51,5802065.0,1.0233094407394503,1.913015873015873,64.19906492155742,68.86344804434941,-4.828498189397489,False,False,False,-0.0897817981930013,1.4914671249276548,0.6032834834078233,2.38,205000.0,53.3,,52.6,27.43000030517578,1816000.0,0.9763033317062113,,,,,,,,,,,,,,,calc_tnx_dfii10,,,,,,,,,,fred_backfill_s288,,fred_backfill_s288,,,,,,342350.0,12021.5,12131.0,-109.5,0.017802608946837,36.9397590343376,,,,,,,0,17.329999923706055,btlong_seed_s288,btlong_seed_s288,1.0
2026-03-23,64.8314208984375,73.30091094970703,46.150001525878906,36.50249862670898,404.0400085449219,47.630001068115234,223.19332885742188,246.8629302978516,131.85000610351562,50.11212539672852,241.79019165039065,62.470001220703125,391.3599853515625,85.07952117919922,63.3266716003418,16.420000076293945,59.20304107666016,49.0980110168457,44.495872497558594,144.13433837890625,88.12999725341797,98.9499969482422,93.92566680908205,1504.2099609375,191.69000244140625,99.40026092529295,653.6959228515625,3.950000047683716,3.611999988555908,98.1500015258789,142.02000427246094,4.334000110626221,4.912000179290772,26.14999961853028,122.81999969482422,2.01,2.53,3.19,0.88,0.2,0.6,6655939.0,853052.0,0.857,-0.462,4.34,0.51,5802030.0,1.0235820684237673,1.9136507936507936,64.26674782357564,69.40465486460718,1.1611186839662224,False,False,False,-0.0764262213504508,1.006549497198453,0.4943052749174379,2.32,211000.0,53.3,,52.6,26.100000381469727,1832000.0,1.0019156795528652,,,,,,,,,,,,,,,calc_tnx_dfii10,,,,,,,,,,fred_backfill_s288,,fred_backfill_s288,,,,,,347475.0,11891.0,11990.0,-99.0,0.017802608946837,36.9397590343376,,,,,,,0,16.59000015258789,btlong_seed_s288,btlong_seed_s288,1.0
2026-03-24,62.91639709472656,72.75276947021484,45.86000061035156,36.32419204711914,404.1300048828125,46.38999938964844,222.4838256835937,248.1897888183593,132.3699951171875,50.88077545166016,240.14208984375,62.95000076293945,394.5899963378906,84.70528411865234,62.81934356689453,16.459999084472656,60.40437698364258,49.10797500610352,44.80390548706055,144.15423583984375,92.3499984741211,99.43000030517578,93.6098861694336,1485.3599853515625,191.9199981689453,99.4299087524414,651.5015869140625,4.03000020980835,3.619999885559082,103.01000213623048,142.6300048828125,4.392000198364258,4.940999984741211,26.950000762939453,124.13999938964844,2.06,2.55,3.19,0.87,0.2,0.65,6655939.0,853052.0,1.123,-0.462,4.39,0.49,5801764.0,1.023405292472468,1.9145238095238093,64.3527234395345,69.99551687569453,0.2579092972749386,False,False,False,-0.0651437324138246,0.902433472899182,0.4182134484418114,2.33,211000.0,53.3,,52.6,26.559999465942383,1832000.0,1.0146837840677356,,,,,,,,,,,,,,,calc_tnx_dfii10,,,,,,,,,,fred_backfill_s288,,fred_backfill_s288,,,,,,359275.0,11878.5,11975.0,-96.5,0.017802608946837,36.9397590343376,,,,,,,0,16.8799991607666,btlong_seed_s288,btlong_seed_s288,1.0
2026-03-25,63.20564270019531,75.38382720947266,47.369998931884766,37.18599319458008,416.2900085449219,47.41999816894531,225.7015686035156,251.2225799560547,136.42999267578125,51.24513626098633,241.7002868652344,65.20999908447266,399.0199890136719,85.52269744873047,63.635047912597656,16.799999237060547,60.13631057739258,49.16776657104492,44.962890625,145.59788513183594,90.31999969482422,99.5999984741211,94.1032943725586,1497.31005859375,192.8500061035156,99.4299087524414,655.1322021484375,3.9700000286102295,3.619999885559082,97.58999633789062,140.8800048828125,4.328000068664551,4.896999835968018,25.32999992370605,119.37000274658205,2.02,2.51,3.17,0.87,0.2,0.6,6657161.0,874077.0,0.777,-0.462,4.33,0.49,5782307.0,0.6786935967868502,1.9150793650793647,64.42837384851967,70.55362030555462,3.69642843889948,False,False,False,-0.0734737349374291,0.8151247204774258,0.4690443516999325,2.31,211000.0,53.3,,52.6,25.6299991607666,1832000.0,0.9882949962199071,,,,,,,,,,,,,,,calc_tnx_dfii10,,,,,,,,,,fred_backfill_s288,,fred_backfill_s288,,,,,,360175.0,12135.0,12235.0,-100.0,0.017802608946837,36.9397590343376,,,,,,,0,16.829999923706055,btlong_seed_s288,btlong_seed_s288,1.0
2026-03-26,63.085750579833984,70.64990997314453,45.36000061035156,36.45296859741211,400.6400146484375,46.61000061035156,219.965576171875,246.8529663085937,130.49000549316406,50.06221389770508,235.9369659423828,60.77000045776367,380.8399963378906,84.80377197265625,62.15284729003906,16.479999542236328,61.07950973510742,48.87877655029297,45.04238510131836,145.10008239746094,94.4800033569336,99.9000015258789,93.34343719482422,1500.969970703125,191.0800018310547,99.43978881835938,643.432373046875,4.09499979019165,3.619999885559082,115.0199966430664,143.99000549316406,4.415999889373779,4.935999870300293,27.440000534057617,124.43000030517578,2.08,2.56,3.21,0.88,0.2,0.69,6657161.0,874077.0,0.885,-0.462,4.42,0.46,5782199.0,-0.3467547417018601,1.916269841269841,64.54028444367695,71.19258591224407,-2.935930126071596,False,False,False,-0.0997480313042374,1.1601553520933126,0.6576115257833122,2.34,211000.0,53.3,,52.6,27.15999984741211,1832000.0,1.010309303689933,,,,,,,,,,,,,,,calc_tnx_dfii10,,,,,,,,,,fred_backfill_s288,,fred_backfill_s288,,,,,,359825.0,12108.0,12190.0,-82.0,0.017802608946837,36.9397590343376,,,,,,,0,17.020000457763672,btlong_seed_s288,btlong_seed_s288,1.0
2026-03-27,60.707794189453125,71.36747741699219,45.060001373291016,36.28457260131836,414.7000122070313,45.81999969482422,215.8884429931641,242.5232696533203,130.1300048828125,49.69285583496094,231.34228515625,63.43999862670898,374.25,84.34090423583984,61.72510147094727,16.719999313354492,62.112064361572266,47.64310836791992,45.30073165893555,142.63095092773438,99.63999938964844,100.1500015258789,93.35330963134766,1508.3599853515625,188.4600067138672,99.4694366455078,632.4606323242188,4.070000171661377,3.607000112533569,111.9499969482422,139.0,4.440000057220459,4.98199987411499,31.049999237060547,133.17999267578125,2.13,2.56,3.42,0.91,0.2,0.71,6657161.0,874077.0,0.992,-0.459,4.44,0.56,5782092.0,-0.3484793639963679,1.9174603174603173,64.69333321486062,71.92224107939622,-2.0526703374125765,False,False,False,-0.1292724688078762,1.0378332726129595,0.8450393372185427,2.31,211000.0,53.3,,52.6,29.270000457763672,1832000.0,1.0608130765787105,,,,,,,,,,,,,,,calc_tnx_dfii10,,,,,,,,,,fred_backfill_s288,,fred_backfill_s288,,,,,,360250.0,12046.0,12120.0,-74.0,0.017802608946837,36.9397590343376,,,,,,,0,17.399999618530273,btlong_seed_s288,btlong_seed_s288,1.0
2026-03-30,60.737770080566406,70.51039123535156,44.720001220703125,36.42325210571289,414.5799865722656,45.41999816894531,210.64212036132807,239.04153442382807,127.13999938964844,49.10388946533203,229.60427856445312,63.52000045776367,362.5299987792969,85.46360778808594,61.705204010009766,16.850000381469727,61.516357421875,48.19118881225586,45.62863540649414,143.18850708007812,102.87999725341795,100.51000213623048,94.01447296142578,1507.02001953125,188.07000732421875,99.47932434082033,630.3460693359375,3.9790000915527344,3.5980000495910645,108.33000183105467,142.22999572753906,4.3420000076293945,4.90500020980835,30.61000061035156,127.83999633789062,2.04,2.57,3.46,0.93,0.2,0.64,6657161.0,874077.0,0.752,-0.459,4.35,0.53,5782332.0,-0.3484611821268246,1.9177777777777776,64.86479661522841,72.69051689937197,-3.3220513994381307,False,False,False,-0.0796187158516915,0.9930689198980184,0.5196524860015321,2.3,203000.0,53.3,,52.6,29.1299991607666,1787000.0,1.050806779684988,,,,,,,,,,,,,,,calc_tnx_dfii10,,,,,,,,,,fred_backfill_s288,,fred_backfill_s288,,,,,,362600.0,12137.0,12225.0,-88.0,0.017802608946837,36.9397590343376,,,,,,,0,17.5,btlong_seed_s288,btlong_seed_s288,1.0
2026-03-31,62.62614440917969,76.09142303466797,46.02000045776367,38.027976989746094,430.2900085449219,46.84000015258789,218.59654235839844,247.41163635253903,133.19000244140625,50.7210578918457,237.34532165527344,68.13999938964844,383.3999938964844,85.37496948242188,63.74447250366211,17.309999465942383,60.82136917114258,49.197662353515625,45.59882736206055,145.96624755859375,101.37999725341795,99.95999908447266,94.18223571777344,1516.1300048828125,191.9199981689453,99.47932434082033,648.6688842773438,3.944999933242798,3.5999999046325684,96.0500030517578,145.4499969482422,4.310999870300293,4.890999794006348,25.25,116.0500030517578,2.0,2.54,3.28,0.9,0.2,0.6,6657161.0,874077.0,15.782,-0.459,4.3,0.51,5767302.0,-0.3487871926528219,1.917619047619048,65.03471529580713,73.45344786808408,4.12012027751687,False,False,False,-0.0073130401786707,0.6061237518295225,0.0461803367941859,2.31,203000.0,53.3,,52.6,25.549999237060547,1787000.0,0.988258346535471,,,,,,,,,,,,,,,calc_tnx_dfii10,,,,,,,,,,fred_backfill_s288,,fred_backfill_s288,,,,,,362425.0,12160.0,12236.0,-76.0,0.017802608946837,36.9397590343376,,,,,,,0,17.31999969482422,btlong_seed_s288,btlong_seed_s288,1.0
2026-04-01,63.095741271972656,77.88533020019531,45.880001068115234,38.00816345214844,437.8200073242188,46.709999084472656,223.48312377929688,248.96792602539065,134.36000061035156,51.59951400756836,240.2919311523437,68.13999938964844,391.9700012207031,85.29093170166016,64.79891967773438,17.40999984741211,58.54776763916016,49.26741790771485,45.81743240356445,147.08132934570312,100.12000274658205,99.6500015258789,94.10006713867188,1503.3299560546875,192.5399932861328,99.50211334228516,653.5562744140625,3.954999923706055,3.6050000190734863,90.19000244140624,143.77000427246094,4.318999767303467,4.900000095367432,24.540000915527344,114.83000183105467,2.02,2.55,3.16,0.87,0.2,0.63,6675344.0,847718.0,2.107,-0.459,4.33,0.52,5825519.0,0.8684537305281959,1.9174206349206349,65.18825189854071,74.21430995546538,6.38288183241047,False,False,False,-0.0253720718930774,0.7738454834796772,0.1630231993184514,2.3,203000.0,49.8,,52.7,24.86000061035156,1787000.0,0.9871279289232612,,,,,,,,,,,,,,,calc_tnx_dfii10,,,,,,,,,,fred_backfill_s288,,fred_backfill_s288,,,,,,361925.0,12270.0,12370.0,-100.0,0.0162951168652426,38.1426179648342,,,,,,,0,17.100000381469727,btlong_seed_s288,btlong_seed_s288,1.0
2026-04-02,64.13484954833984,76.59969329833984,45.150001525878906,37.98834991455078,429.4100036621094,46.650001525878906,221.7543334960937,250.69381713867188,133.6699981689453,51.21019744873047,240.5815887451172,65.79000091552734,392.3200073242188,85.81497192382812,64.3015365600586,17.469999313354492,58.82576370239258,49.35710144042969,46.04597473144531,146.16537475585938,111.54000091552734,100.02999877929688,94.31788635253906,1512.0899658203125,193.08999633789065,99.54176330566406,654.144775390625,3.947999954223633,3.607000112533569,84.41000366210938,146.9499969482422,4.313000202178955,4.889999866485596,23.8700008392334,115.33000183105467,1.97,2.57,3.17,0.86,0.2,0.61,6675344.0,847718.0,0.327,-0.459,4.31,0.52,5827299.0,0.8684583689384962,1.9164682539682536,65.39747954577935,75.14155137949976,4.430699080727507,False,False,False,-0.0384289270171964,0.9230657808437412,0.2508248284169054,2.34,203000.0,49.8,,52.7,24.71999931335449,1787000.0,0.9656149475027738,,,,,,,,,,,,,,,calc_tnx_dfii10,,,,,,,,,,fred_backfill_s288,,fred_backfill_s288,,,,,,364450.0,12147.0,12236.0,-89.0,0.0162951168652426,38.1426179648342,,,,,,,0,17.520000457763672,btlong_seed_s288,btlong_seed_s288,1.0
2026-04-03,64.13484954833984,76.59969329833984,45.150001525878906,37.98834991455078,429.4100036621094,46.650001525878906,221.7543334960937,250.69381713867188,133.6699981689453,51.21019744873047,240.5815887451172,65.79000091552734,392.3200073242188,85.81497192382812,64.3015365600586,17.469999313354492,58.82576370239258,49.35710144042969,46.04597473144531,146.16537475585938,,,94.31788635253906,1509.219970703125,193.08999633789065,99.54176330566406,654.144775390625,,,,,4.35,,,,1.99,2.61,3.13,0.86,0.2,0.64,6675344.0,847718.0,0.327,-0.466,4.35,0.51,5827299.0,0.8684618083596662,1.9153174603174603,65.41338762555803,75.42263124700179,,False,False,False,,,,2.36,203000.0,49.8,,52.7,24.71999931335449,1787000.0,,,,,,,,,,,,,,,,calc_tnx_dfii10,,,,,,,,,,fred_backfill_s288,,fred_backfill_s288,,,,,,364450.0,12147.0,12236.0,-89.0,0.0162951168652426,38.1426179648342,,,,,,,0,17.520000457763672,btlong_seed_s288,btlong_seed_s288,1.0
2026-04-06,64.10487365722656,76.46017456054688,45.15999984741211,38.17656326293945,427.6499938964844,47.25,225.04202270507807,251.76129150390625,133.39999389648438,51.339969635009766,242.03990173339844,66.08999633789062,395.9800109863281,85.67654418945312,64.7790298461914,17.149999618530273,59.252685546875,49.70588302612305,45.877052307128906,145.6376953125,112.41000366210938,99.9800033569336,94.0703582763672,1509.260009765625,193.9199981689453,99.55168151855467,657.23681640625,3.9809999465942383,3.622999906539917,81.68000030517578,147.60000610351562,4.335000038146973,4.890999794006348,24.170000076293945,113.52999877929688,1.98,2.6,3.05,0.85,0.2,0.62,6675344.0,847718.0,0.227,-0.466,4.34,0.5,5827399.0,0.8684656692238724,1.914642857142857,65.62106111487564,76.3508769252844,3.9105456051256704,False,False,False,-0.0668815268831898,0.7849904116592623,0.4327717680169645,2.36,218000.0,49.8,,52.7,24.770000457763672,1809000.0,0.9757771348251361,,,,,,,,,,,,,,,calc_tnx_dfii10,,,,,,,,,,fred_backfill_s288,,fred_backfill_s288,,,,,,364450.0,12147.0,12236.0,-89.0,0.0162951168652426,38.1426179648342,,,,,,,0,17.549999237060547,btlong_seed_s288,btlong_seed_s288,1.0
2026-04-07,65.19393920898438,76.4801025390625,45.130001068115234,38.097312927246094,431.80999755859375,47.36000061035156,223.1433563232422,252.3099822998047,131.33999633789062,51.39487457275391,242.099838256836,65.94000244140625,399.8999938964844,85.66665649414062,64.74917602539062,17.309999465942383,59.729248046875,49.70588302612305,45.97641754150391,145.9264373779297,112.9499969482422,99.63999938964844,94.30799102783205,1507.8499755859375,193.4900054931641,99.56158447265624,657.5260009765625,3.9760000705718994,3.615000009536743,83.1500015258789,148.4499969482422,4.3429999351501465,4.921000003814697,25.780000686645508,117.3000030517578,1.96,2.61,3.12,0.86,0.2,0.62,6675344.0,847718.0,15.345,-0.466,4.33,0.52,5812281.0,0.8682018143454373,1.9138492063492063,65.83175497249681,77.25964877479954,3.7313674103528713,False,False,False,-0.0888735438233893,0.8850224293166575,0.5819909511756896,2.38,218000.0,49.8,,52.7,25.56999969482422,1809000.0,1.0082127882020975,,,,,,,,,,,,,,,calc_tnx_dfii10,,,,,,,,,,fred_backfill_s288,,fred_backfill_s288,,,,,,378775.0,12252.0,12346.0,-94.0,0.0162951168652426,38.1426179648342,,,,,,,0,17.520000457763672,btlong_seed_s288,btlong_seed_s288,1.0
2026-04-08,65.60359191894531,81.75218200683594,47.810001373291016,39.18694305419922,434.5299987792969,49.27000045776367,232.00714111328125,259.85205078125,137.4600067138672,53.79566192626953,249.2515411376953,67.47000122070312,422.9200134277344,85.94351196289062,67.46488952636719,18.420000076293945,57.63435363769531,51.02127456665039,46.48318099975586,149.0128173828125,94.41000366210938,99.12999725341795,94.5159149169922,1499.1300048828125,197.9600067138672,99.56158447265624,674.27294921875,3.920000076293945,3.5999999046325684,78.73999786376953,150.36000061035156,4.290999889373779,4.88700008392334,21.040000915527344,111.06999969482422,1.96,2.56,2.94,0.83,0.2,0.6,6693871.0,748376.0,0.177,-0.466,4.29,0.5,5945318.0,2.4639812049773946,1.913214285714285,65.96212232940051,77.82789444505123,10.609420789528778,False,False,False,-0.0508746139138508,0.6739329579627392,0.3276500003248763,2.33,218000.0,49.8,,52.7,22.68000030517578,1809000.0,0.927689622240694,,,,,,,,,,,,,,,calc_tnx_dfii10,,,,,,,,,,fred_backfill_s288,,fred_backfill_s288,,,,,,385275.0,12552.0,12655.0,-103.0,0.0162951168652426,38.1426179648342,,,,,,,0,17.010000228881836,btlong_seed_s288,btlong_seed_s288,0.0
2026-04-09,63.02580261230469,81.28377532958984,47.40999984741211,40.1577033996582,437.9100036621094,49.06999969482422,231.597412109375,261.3385009765625,136.5399932861328,54.489444732666016,250.9395904541016,68.38999938964844,430.30999755859375,85.72598266601562,67.19630432128906,18.350000381469727,56.91950988769531,51.150821685791016,46.85083770751953,148.67431640625,97.87000274658205,98.81999969482422,94.48621368408205,1477.5999755859375,198.0800018310547,99.57149505615234,678.162841796875,3.9149999618530273,3.588000059127808,74.01000213623047,143.27000427246094,4.293000221252441,4.896999835968018,19.489999771118164,105.37000274658205,1.95,2.56,2.9,0.83,0.2,0.61,6693871.0,748376.0,0.402,-0.466,4.29,0.51,5945093.0,2.463955783956706,1.912579365079365,66.09759172712053,78.50649100855777,9.6745629345528,False,False,False,-0.0466220353170192,0.5823841756180727,0.2985269167804834,2.34,218000.0,49.8,,52.7,21.809999465942383,1809000.0,0.8936267880956605,,,,,,,,,,,,,,,calc_tnx_dfii10,,,,,,,,,,fred_backfill_s288,,fred_backfill_s288,,,,,,383450.0,12455.0,12553.0,-98.0,0.0162951168652426,38.1426179648342,,,,,,,0,17.1200008392334,btlong_seed_s288,btlong_seed_s288,0.0
2026-04-10,60.68781280517578,83.23713684082031,47.630001068115234,40.94025421142578,437.1300048828125,49.34000015258789,229.4789123535156,260.6800537109375,136.75,54.55433654785156,251.3091735839844,69.08000183105469,436.8800048828125,85.51834106445312,67.38530731201172,18.200000762939453,56.53230285644531,50.5927734375,46.66204071044922,146.66317749023438,96.56999969482422,98.6500015258789,94.3277816772461,1473.280029296875,196.6499938964844,99.61114501953124,677.7140502929688,3.938999891281128,3.5929999351501465,72.1500015258789,144.17999267578125,4.316999912261963,4.914000034332275,19.229999542236328,107.3000030517578,1.95,2.58,2.94,0.82,0.2,0.62,6693871.0,748376.0,0.507,-0.48,4.31,0.5,5944988.0,2.463940183098723,1.9115873015873013,66.23428559595224,79.15789453606857,11.974873488338368,False,False,False,0.001883452533649,0.4217905867170333,-0.0119182627881819,2.37,218000.0,49.8,,52.7,21.86000061035156,1809000.0,0.879688884049261,,,,,,,,,,,,,,,calc_tnx_dfii10,,,,,,,,,,fred_backfill_s288,,fred_backfill_s288,,,,,,392750.0,12660.5,12757.0,-96.5,0.0162951168652426,38.1426179648342,,,,,,,0,16.969999313354492,btlong_seed_s288,btlong_seed_s288,0.0
2026-04-13,63.135704040527344,84.58257293701172,48.16999816894531,41.12845993041992,435.3599853515625,49.34999847412109,232.6466827392578,264.4411315917969,139.02000427246094,54.92368698120117,253.876205444336,68.27999877929688,443.3399963378906,85.77542114257812,67.85284423828125,18.299999237060547,56.70108413696289,51.47966766357422,46.09565734863281,147.32028198242188,99.08000183105467,98.37000274658205,94.53571319580078,1482.1800537109375,198.8300018310547,99.62106323242188,684.3369750976562,3.9170000553131104,3.6029999256134033,74.41999816894531,156.92999267578125,4.296999931335449,4.900000095367432,19.1200008392334,102.62999725341795,1.92,2.61,2.95,0.82,0.2,0.59,6693871.0,748376.0,0.227,-0.48,4.3,0.52,5945268.0,2.4639450085852,1.9107142857142856,66.3762039807378,79.50137914460281,13.443405150289257,False,False,False,-0.0137685012199308,0.5040769045494814,0.0877893174661208,2.38,208000.0,49.8,,52.7,21.34000015258789,1808000.0,0.8959700422923721,,,,,,,,,,,,,,,calc_tnx_dfii10,,,,,,,,,,fred_backfill_s288,,fred_backfill_s288,,,,,,399150.0,12820.5,12885.0,-64.5,0.0162951168652426,38.1426179648342,,,,,,,0,17.270000457763672,btlong_seed_s288,btlong_seed_s288,0.0
2026-04-14,62.73605346679688,86.13728332519531,49.06999969482422,41.33647918701172,445.0899963378906,49.70000076293945,235.2648468017578,268.0824890136719,141.36000061035156,54.90372085571289,258.4808654785156,72.04000091552734,452.0,86.23025512695312,68.52928161621094,18.43000030517578,55.54939270019531,51.599246978759766,46.17515182495117,148.17649841308594,91.27999877929688,98.12000274658205,94.8426513671875,1476.8399658203125,199.6600036621093,99.62106323242188,692.675537109375,3.871000051498413,3.611999988555908,74.3499984741211,149.94000244140625,4.25600004196167,4.868000030517578,18.36000061035156,95.4000015258789,1.89,2.59,2.84,0.81,0.2,0.55,6693871.0,748376.0,0.306,-0.48,4.26,0.5,5945189.0,2.4639839791690488,1.9098412698412697,66.49461213715223,80.03482739678745,15.170762898585744,False,False,False,0.0373304290095832,0.1116253281555478,-0.2306413145475971,2.37,208000.0,49.8,,52.7,20.81999969482422,1808000.0,0.8818444226450105,,,,,,,,,,,,,,,calc_tnx_dfii10,,,,,,,,,,fred_backfill_s288,,fred_backfill_s288,,,,,,400625.0,13095.0,13141.0,-46.0,0.0162951168652426,38.1426179648342,,,,,,,0,17.18000030517578,btlong_seed_s288,btlong_seed_s288,0.0
2026-04-15,64.46456146240234,85.7884750366211,48.95000076293945,41.06902313232422,440.4599914550781,49.97999954223633,233.8358459472656,268.7509155273437,144.94000244140625,53.96536636352539,262.1766052246094,71.83999633789062,453.0,85.85452270507812,68.34027862548828,18.65999984741211,55.360748291015625,51.987884521484375,45.728004455566406,147.12115478515625,91.29000091552734,98.05999755859376,94.63472747802734,1469.4200439453125,199.72999572753903,99.64087677001952,698.1414184570312,3.8959999084472656,3.611999988555908,67.94000244140625,139.22999572753906,4.2820000648498535,4.890999794006348,18.170000076293945,97.6500015258789,1.9,2.61,2.85,0.8,0.2,0.58,6705696.0,751354.0,0.223,-0.48,4.29,0.53,5954119.0,4.18220331801038,1.90936507936508,66.61093866776447,80.56362053443645,14.356939486016373,False,False,False,0.0558672023794581,-0.0052415718825258,-0.3425287964511847,2.38,208000.0,49.8,,52.7,20.780000686645508,1808000.0,0.8743984348360052,,,,,,,,,,,,,,,calc_tnx_dfii10,,,,,,,,,,fred_backfill_s288,,fred_backfill_s288,,,,,,402625.0,13155.0,13230.0,-75.0,0.0162951168652426,38.1426179648342,,,,,,,0,17.229999542236328,btlong_seed_s288,btlong_seed_s288,0.0
2026-04-16,65.86335754394531,85.91802978515625,49.459999084472656,41.07893371582031,440.0799865722656,50.0,228.8693389892578,269.3095703125,145.4499969482422,53.73577117919922,263.3851928710937,71.23999786376953,454.7999877929688,85.31069946289062,68.27064514160156,18.71999931335449,56.17488098144531,51.84837341308594,46.055908203125,145.96624755859375,94.69000244140624,98.22000122070312,94.46640014648438,1474.06005859375,200.63999938964844,99.64087677001952,699.8569946289062,3.913000106811523,3.609999895095825,65.88999938964844,140.74000549316406,4.309000015258789,4.928999900817871,17.940000534057617,96.8000030517578,1.93,2.6,2.86,0.81,0.2,0.62,6705696.0,751354.0,0.158,-0.48,4.32,0.54,5954184.0,4.182181013330766,1.9090079365079364,66.74020398198341,81.17275849704085,14.192402334553124,False,False,False,0.0509608005508792,0.052726757329443,-0.3148066970050891,2.38,208000.0,49.8,,52.7,20.770000457763672,1808000.0,0.863745793869339,,,,,,,,,,,,,,,calc_tnx_dfii10,,,,,,,,,,fred_backfill_s288,,fred_backfill_s288,,,,,,401700.0,13180.0,13240.0,-60.0,0.0162951168652426,38.1426179648342,,,,,,,0,17.350000381469727,btlong_seed_s288,btlong_seed_s288,0.0
2026-04-17,66.42288208007812,86.89471435546875,50.5099983215332,40.771854400634766,445.9299926757813,51.27999877929688,231.7772979736328,275.125732421875,145.9600067138672,54.96361541748047,266.8212280273437,73.62999725341797,464.1600036621094,86.0918197631836,69.26541137695312,19.040000915527344,54.62604904174805,52.246978759765625,45.86711502075195,148.14663696289062,83.8499984741211,98.0999984741211,94.98126220703124,1477.9200439453125,203.1600036621093,99.67061614990234,708.3152465820312,3.838000059127808,3.5999999046325684,65.69999694824219,141.82000732421875,4.245999813079834,4.885000228881836,17.479999542236328,95.12999725341795,1.9,2.56,2.83,0.8,0.2,0.56,6705696.0,751354.0,0.137,-0.498,4.26,0.55,5954205.0,4.182160764230836,1.908690476190476,66.82918357070612,81.56551709668389,15.151392208850666,False,False,False,0.1094844937809367,-0.2399065140599866,-0.6630778396175803,2.35,208000.0,49.8,,52.7,20.51000022888184,1808000.0,0.8522671549082328,,,,,,,,,,,,,,,calc_tnx_dfii10,,,,,,,,,,fred_backfill_s288,,fred_backfill_s288,,,,,,400225.0,13149.0,13210.0,-61.0,0.0162951168652426,38.1426179648342,,,,,,,0,16.84000015258789,btlong_seed_s288,btlong_seed_s288,0.0
2026-04-20,66.99239349365234,85.95789337158203,50.68000030517578,40.9105339050293,442.0899963378906,50.52999877929688,231.68736267089844,276.6920166015625,146.4199981689453,55.37289810180664,265.9921569824219,72.1500015258789,463.9599914550781,86.07205963134766,68.96697998046875,19.06999969482422,54.675689697265625,52.44628143310547,45.459716796875,146.77268981933594,89.61000061035156,98.0500030517578,94.89215087890624,1465.1500244140625,203.8000030517578,99.68052673339844,706.8988037109375,3.849999904632568,3.5980000495910645,67.9000015258789,141.89999389648438,4.25,4.88100004196167,18.8700008392334,98.1500015258789,1.91,2.57,2.87,0.81,0.2,0.55,6705696.0,751354.0,0.503,-0.498,4.26,0.54,5953839.0,4.182164604852878,1.908492063492064,66.94832643781389,82.06517226120522,13.579372083827424,False,False,False,0.0555492804927981,-0.154652589608055,-0.3403711807383009,2.34,215000.0,49.8,,52.7,21.239999771118164,1776000.0,0.8884181281815523,,,,,,,,,,,,,,,calc_tnx_dfii10,,,,,,,,,,fred_backfill_s288,,fred_backfill_s288,,,,,,398425.0,13163.0,13240.0,-77.0,0.0162951168652426,38.1426179648342,,,,,,,0,17.100000381469727,btlong_seed_s288,btlong_seed_s288,0.0
2026-04-21,67.9815444946289,81.19408416748047,49.33000183105469,40.40534591674805,429.5700073242188,49.79999923706055,222.9335021972656,273.8587646484375,139.67999267578125,55.14330291748047,265.0033264160156,68.48999786376953,464.6600036621094,85.5974349975586,67.46488952636719,18.86000061035156,55.46996307373047,52.117431640625,44.664794921875,145.27928161621094,92.12999725341795,98.41000366210938,94.47630310058594,1469.260009765625,202.5500030517578,99.70034790039062,702.2708129882812,3.9079999923706055,3.5980000495910645,70.77999877929688,140.91000366210938,4.291999816894531,4.8979997634887695,19.5,101.88999938964844,1.92,2.6,2.85,0.8,0.2,0.61,6705696.0,751354.0,0.807,-0.498,4.3,0.52,5953535.0,4.18215498386707,1.9084126984126983,67.08677540993205,82.5779308450633,7.028101554261856,False,False,False,0.0235723786930339,0.1302547132669226,-0.1478462140991299,2.37,215000.0,49.8,,52.7,21.51000022888184,1776000.0,0.9065550810091123,,,,,,,,,,,,,,,calc_tnx_dfii10,,,,,,,,,,fred_backfill_s288,,fred_backfill_s288,,,,,,398575.0,13200.5,13290.0,-89.5,0.0162951168652426,38.1426179648342,,,,,,,0,17.399999618530273,btlong_seed_s288,btlong_seed_s288,0.0
2026-04-22,68.85079956054688,84.61246490478516,50.22999954223633,40.20722961425781,435.260009765625,49.97999954223633,218.9962615966797,275.8240661621094,148.17999267578125,55.03349304199219,269.3183288574219,70.37000274658203,476.8299865722656,85.7655258178711,67.99211120605469,19.39999961853028,56.13516616821289,52.02774810791016,44.58530044555664,145.7372589111328,92.95999908447266,98.58999633789062,94.57530975341795,1485.800048828125,202.4600067138672,99.71025848388672,709.3825073242188,3.9149999618530273,3.595000028610229,69.87999725341797,140.83999633789062,4.294000148773193,4.901999950408936,18.920000076293945,98.7300033569336,1.92,2.61,2.84,0.79,0.2,0.61,6707419.0,1005968.0,0.538,-0.498,4.3,0.51,5700913.0,0.6518739995221345,1.908095238095238,67.22440805240554,83.09086187954607,11.205810485782797,False,False,False,0.0320971857063929,-0.1919598021674757,-0.1985309196920877,2.37,215000.0,49.8,,52.7,21.239999771118164,1776000.0,0.890772141251201,,,,,,,,,,,,,,,calc_tnx_dfii10,,,,,,,,,,fred_backfill_s288,,fred_backfill_s288,,,,,,395575.0,13198.0,13275.0,-77.0,0.0162951168652426,38.1426179648342,,,,,,,0,17.59000015258789,btlong_seed_s288,btlong_seed_s288,0.0
2026-04-23,66.53278350830078,82.18072509765625,49.22999954223633,39.711944580078125,431.0400085449219,49.40999984741211,218.956298828125,274.8663330078125,146.35000610351562,56.25135803222656,267.90997314453125,68.37999725341797,481.8500061035156,85.57766723632812,67.3355712890625,19.14999961853028,56.57201385498047,51.619178771972656,45.79756164550781,145.59788513183594,95.8499984741211,98.8000030517578,94.42679595947266,1477.9599609375,202.4499969482422,99.7201690673828,706.6295776367188,3.95199990272522,3.595000028610229,67.69999694824219,139.58999633789062,4.322999954223633,4.918000221252441,19.309999465942383,98.56999969482422,1.92,2.58,2.86,0.8,0.2,0.65,6707419.0,1005968.0,0.114,-0.498,4.34,0.51,5701337.0,0.6519125623670297,1.9075396825396824,67.37771416488958,83.61551705722151,7.695344687400785,False,False,False,0.0458672884985775,0.112035289309961,-0.2891289444351512,2.4,215000.0,49.8,,52.7,21.479999542236328,1776000.0,0.8989757857290893,,,,,,,,,,,,,,,calc_tnx_dfii10,,,,,,,,,,fred_backfill_s288,,fred_backfill_s288,,,,,,396000.0,13190.0,13249.0,-59.0,0.0162951168652426,38.1426179648342,,,,,,,0,17.84000015258789,btlong_seed_s288,btlong_seed_s288,0.0
2026-04-24,67.1822280883789,82.09103393554688,50.060001373291016,39.563358306884766,433.25,49.58000183105469,215.64862060546875,275.99365234375,143.77000427246094,56.00179290771485,273.0639953613281,68.79000091552734,506.4400024414063,85.73587036132812,67.78321075439453,18.90999984741211,56.46280288696289,51.24050521850586,45.88698959350586,143.5469207763672,94.4000015258789,98.51000213623048,94.61492156982422,1479.949951171875,202.02999877929688,99.7499008178711,712.10546875,3.920000076293945,3.5929999351501465,66.97000122070312,139.0800018310547,4.309999942779541,4.915999889373779,18.709999084472656,97.18000030517578,1.89,2.61,2.86,0.8,0.2,0.62,6707419.0,1005968.0,0.082,-0.518,4.31,0.53,5701369.0,0.6520335467488314,1.9067857142857143,67.52983661573761,84.11879296138369,7.282737472666301,False,False,False,0.0379050548663288,0.0641755928964867,-0.2387318622222922,2.42,215000.0,49.8,,52.7,21.299999237060547,1776000.0,0.8784037443493675,,,,,,,,,,,,,,,calc_tnx_dfii10,,,,,,,,,,fred_backfill_s288,,fred_backfill_s288,,,,,,392575.0,13230.0,13295.0,-65.0,0.0162951168652426,38.1426179648342,,,,,,,0,17.790000915527344,btlong_seed_s288,btlong_seed_s288,0.0
2026-04-27,67.4919662475586,81.42330169677734,50.2400016784668,39.51382827758789,429.8900146484375,49.380001068115234,215.8884429931641,276.4825134277344,146.86000061035156,56.1714973449707,273.19384765625,68.33000183105469,506.260009765625,85.31069946289062,67.71357727050781,18.790000915527344,56.36352157592773,51.62914657592773,45.89692306518555,142.83009338378906,96.37000274658205,98.4800033569336,94.39708709716795,1474.68994140625,201.7899932861328,99.7499008178711,713.332275390625,3.947000026702881,3.5899999141693115,68.41999816894531,139.63999938964844,4.335999965667725,4.941999912261963,18.020000457763672,93.86000061035156,1.91,2.62,2.84,0.81,0.2,0.67,6707419.0,1005968.0,0.363,-0.518,4.35,0.57,5701088.0,0.6520425523729889,1.906269841269841,67.68199989163146,84.70896543305496,6.135576563015599,False,False,False,0.0374135481267041,0.0091398325385168,-0.235382852645106,2.43,190000.0,49.8,,52.7,20.770000457763672,1758000.0,0.8675974993071283,,,,,,,,,,,,,,,calc_tnx_dfii10,,,,,,,,,,fred_backfill_s288,,fred_backfill_s288,,,,,,391250.0,13212.0,13270.5,-58.5,0.0162951168652426,38.1426179648342,,,,,,,0,17.950000762939453,btlong_seed_s288,btlong_seed_s288,0.0
2026-04-28,67.0923080444336,78.42350006103516,49.369998931884766,39.31571578979492,421.9100036621094,49.22999954223633,216.058334350586,273.2601623535156,141.08999633789062,55.632442474365234,270.447021484375,66.19999694824219,491.2099914550781,85.39968872070312,67.3753662109375,19.13999938964844,57.29678726196289,51.66900253295898,45.95654678344727,143.20840454101562,99.93000030517578,98.62000274658205,94.30799102783205,1473.0,200.759994506836,99.7697296142578,709.8612060546875,3.983000040054321,3.5899999141693115,68.68000030517578,138.16000366210938,4.354000091552734,4.943999767303467,17.829999923706055,91.02999877929688,1.92,2.63,2.85,0.81,0.2,0.68,6707419.0,1005968.0,0.643,-0.518,4.36,0.52,5700808.0,0.651884264210878,1.9059126984126984,67.85285703697983,85.34206890237742,2.005824564015546,False,False,False,-0.009174253787217,0.3231808064541948,0.0584699339486096,2.43,190000.0,49.8,,52.7,20.489999771118164,1758000.0,0.8701805818874858,,,,,,,,,,,,,,,calc_tnx_dfii10,,,,,,,,,,fred_backfill_s288,,fred_backfill_s288,,,,,,396525.0,12890.5,12990.0,-99.5,0.0162951168652426,38.1426179648342,,,,,,,0,18.06999969482422,btlong_seed_s288,btlong_seed_s288,0.0
2026-04-29,67.81169128417969,77.46675109863281,49.08000183105469,38.285526275634766,417.4100036621094,49.02999877929688,212.990478515625,271.4344787597656,137.55999755859375,55.03349304199219,272.0751647949219,64.83999633789062,499.5799865722656,84.73721313476562,66.72876739501953,18.81999969482422,58.60733795166016,51.7387580871582,45.39016342163086,142.21279907226562,106.87999725341795,98.91999816894533,93.86243438720705,1471.989990234375,200.4100036621093,99.77963256835938,709.7515258789062,4.065000057220459,3.59000015258789,74.33000183105469,141.8800048828125,4.418000221252441,4.986999988555908,18.809999465942383,96.0199966430664,1.92,2.67,2.85,0.81,0.2,0.74,6707419.0,1005968.0,0.747,-0.518,4.36,0.5,5700704.0,0.0757691027397866,1.9052777777777776,68.04457131210638,86.06172403795966,0.5744412363640761,False,False,False,-0.0019010308640194,0.5736196665999501,0.0122379602826789,2.5,190000.0,49.8,,52.7,21.190000534057617,1758000.0,0.8876828217021524,,,,,,,,,,,,,,,calc_tnx_dfii10,,,,,,,,,,fred_backfill_s288,,fred_backfill_s288,,,,,,396925.0,12992.0,13075.0,-83.0,0.0162951168652426,38.1426179648342,,,,,,,0,18.5,btlong_seed_s288,btlong_seed_s288,0.0
2026-04-30,67.39204406738281,79.34038543701172,51.0099983215332,39.32562255859375,423.6600036621094,49.41999816894531,218.4066772460937,277.310546875,145.97000122070312,56.69058990478516,274.5822448730469,66.66000366210938,506.7200012207031,84.65811157226562,68.43975830078125,18.84000015258789,59.222900390625,51.948028564453125,46.55273818969727,145.34898376464844,108.8000030517578,98.8030014038086,94.04065704345705,1477.030029296875,200.4100036621093,99.77963256835938,716.8132934570312,4.065000057220459,3.5899999141693115,74.33000183105469,,4.418000221252441,4.986999988555908,18.59000015258789,96.0199966430664,1.92,2.67,2.85,0.81,0.2,0.74,6707419.0,1005968.0,0.747,-0.518,4.36,0.5,5700704.0,,,,,,,,,,,,2.46,190000.0,49.8,6.8359,52.7,20.07999992370605,1758000.0,0.925796823865567,,,,,,,,,,,,,,,calc_tnx_dfii10,,,,,,,,,,fred_backfill_s288,,fred_backfill_s288,,,,,,399725.0,13015.5,13090.0,-74.5,0.0162951168652426,38.1426179648342,,,,,,,0,18.530000686645508,btlong_seed_s288,btlong_seed_s288,0.0
2026-05-01,68.70092010498047,78.78227996826172,51.15999984741211,39.05817031860352,423.1799926757813,49.119998931884766,216.1182861328125,278.617431640625,144.0,56.59075927734375,277.2192077636719,68.29000091552734,509.8200073242188,84.96080780029297,68.36017608642578,19.09000015258789,58.42862319946289,51.7387580871582,46.254642486572266,144.5226287841797,101.56999969482422,97.8560028076172,94.1121826171875,1469.4000244140625,200.4100036621093,99.81742095947266,718.7982177734375,4.013000011444092,3.572000026702881,72.06999969482422,,4.375999927520752,4.968999862670898,16.729999542236328,93.52999877929688,1.96,2.67,2.83,0.81,0.2,0.72,6699950.0,981929.0,8.261,-0.518,4.42,0.52,5709760.0,,,,,,,,,,,,2.46,190000.0,44.8,6.8359,52.7,20.3700008392334,1758000.0,0.8213057856145843,,,,,,,,,,,,,,,calc_tnx_dfii10,,,,,,,,,,fred_backfill_s288,,fred_backfill_s288,,,,,,398675.0,12895.0,12967.0,-72.0,0.0162951168652426,38.1426179648342,,,,,,,0,18.3700008392334,btlong_seed_s288,btlong_seed_s288,0.0
2026-05-02,68.70092010498047,78.78227996826172,51.15999984741211,39.05817031860352,423.1799926757813,49.119998931884766,216.1182861328125,278.617431640625,144.0,56.59075927734375,277.2192077636719,68.29000091552734,509.8200073242188,84.96080780029297,68.36017608642578,19.09000015258789,58.42862319946289,51.7387580871582,46.254642486572266,144.5226287841797,101.94000244140624,98.20999908447266,94.1121826171875,1471.219970703125,200.4100036621093,99.81742095947266,718.7982177734375,4.020999908447266,3.575000047683716,70.41000366210938,,4.377999782562256,4.966000080108643,16.989999771118164,95.16999816894533,1.94,2.69,2.83,0.81,0.2,0.71,6699950.0,981929.0,0.607,-0.518,4.4,0.51,5717414.0,,,,,,,,,,,,2.48,199000.0,44.8,6.8359,52.7,20.3700008392334,1776000.0,0.8340696647589123,,,,,,,,,,,,,,,calc_tnx_dfii10,,,,,,,,,,fred_backfill_s288,,fred_backfill_s288,,,,,,398675.0,12895.0,12967.0,-72.0,0.0162951168652426,38.1426179648342,,,,,,,0,18.3700008392334,btlong_seed_s288,btlong_seed_s288,0.0
2026-05-03,68.70092010498047,78.78227996826172,51.15999984741211,39.05817031860352,423.1799926757813,49.119998931884766,216.1182861328125,278.617431640625,144.0,56.59075927734375,277.2192077636719,68.29000091552734,509.8200073242188,84.96080780029297,68.36017608642578,19.09000015258789,58.42862319946289,51.7387580871582,46.254642486572266,144.5226287841797,101.94000244140624,98.20999908447266,94.1121826171875,1471.219970703125,200.4100036621093,99.81742095947266,718.7982177734375,4.020999908447266,3.575000047683716,70.41000366210938,,4.377999782562256,4.966000080108643,16.989999771118164,95.16999816894533,1.94,2.69,2.83,0.81,0.2,0.71,6699950.0,981929.0,0.607,-0.518,4.4,0.51,5717414.0,,,,,,,,,,,,2.48,199000.0,44.8,6.8359,52.7,20.3700008392334,1776000.0,0.8340696647589123,,,,,,,,,,,,,,,calc_tnx_dfii10,,,,,,,,,,fred_backfill_s288,,fred_backfill_s288,,,,,,398675.0,12895.0,12967.0,-72.0,0.0162951168652426,38.1426179648342,,,,,,,0,18.3700008392334,btlong_seed_s288,btlong_seed_s288,0.0
2026-05-04,69.69007110595703,76.39041137695312,51.02000045776367,38.67184829711914,414.7099914550781,48.630001068115234,214.17965698242188,277.22076416015625,143.4600067138672,56.09163665771485,276.729736328125,65.94000244140625,506.7900085449219,84.31572723388672,67.5544204711914,18.770000457763672,58.96475982666016,51.39994812011719,46.075782775878906,144.09449768066406,104.9499969482422,98.47899627685548,93.76449584960938,1471.72998046875,200.4100036621093,99.82735443115234,716.1649780273438,4.0929999351501465,3.59000015258789,77.86299896240234,,4.446000099182129,5.025000095367432,18.290000915527344,98.29000091552734,1.91,2.72,2.77,0.81,0.2,0.75,6699950.0,981929.0,0.618,-0.518,4.39,0.5,5717403.0,,,,,,,,,,,,2.5,199000.0,44.8,6.8276,52.7,21.049999237060547,1776000.0,0.8688836854362464,,,,,,,,,,,,,,,calc_tnx_dfii10,,,,,,,,,,fred_backfill_s288,,fred_backfill_s288,,,,,,398675.0,12895.0,12967.0,-72.0,0.0162951168652426,38.1426179648342,,,,,,,0,18.68000030517578,btlong_seed_s288,btlong_seed_s288,0.0
2026-05-05,70.80911254882812,77.94512176513672,51.02000045776367,39.33552551269531,418.2699890136719,49.15999984741211,215.2189178466797,281.8896484375,141.3699951171875,57.269569396972656,280.2956237792969,65.91000366210938,522.6900024414062,84.78216552734375,68.61882019042969,19.1200008392334,59.02433013916016,51.409912109375,46.075782775878906,144.66200256347656,103.12999725341795,98.4540023803711,93.90357208251952,1473.8800048828125,200.4100036621093,99.83729553222656,721.9102172851562,4.0929999351501465,3.5899999141693115,77.86000061035156,,4.446000099182129,5.025000095367432,17.729999542236328,98.29000091552734,1.91,2.72,2.77,0.81,0.2,0.75,6699950.0,981929.0,0.618,-0.518,4.39,0.5,5717403.0,,,,,,,,,,,,2.5,199000.0,44.8,6.8276,52.7,20.81999969482422,1776000.0,0.8515850049048725,,,,,,,,,,,,,,,calc_tnx_dfii10,,,,,,,,,,fred_backfill_s288,,fred_backfill_s288,,,,,,398675.0,12970.0,13054.0,-84.0,0.0162951168652426,38.1426179648342,,,,,,,0,18.59000015258789,btlong_seed_s288,btlong_seed_s288,0.0
2026-05-06,70.10971069335938,83.28697204589844,53.540000915527344,39.523738861083984,430.9599914550781,50.02999877929688,223.2632751464844,286.1195678710937,149.25,58.24785614013672,286.0689392089844,70.12999725341797,549.760009765625,85.42723846435547,70.4989242553711,19.540000915527344,56.59187316894531,51.65903854370117,45.41997146606445,144.7615509033203,96.36000061035156,97.95500183105467,94.37045288085938,1449.780029296875,200.4100036621093,99.84723663330078,731.9443359375,4.013000011444092,3.595000028610229,76.77999877929688,,4.366000175476074,4.945000171661377,16.860000610351562,95.26000213623048,1.95,2.67,2.77,0.8,0.2,0.74,6699950.0,981929.0,1.122,-0.518,4.45,0.5,5716899.0,,,,,,,,,,,,2.47,199000.0,44.8,6.8276,52.7,20.56999969482422,1776000.0,0.8196402946274152,,,,,,,,,,,,,,,calc_tnx_dfii10,,,,,,,,,,fred_backfill_s288,,fred_backfill_s288,,,,,,397725.0,13351.5,13412.0,-60.5,0.0162951168652426,38.1426179648342,,,,,,,0,18.030000686645508,btlong_seed_s288,btlong_seed_s288,0.0
2026-05-07,73.07715606689453,82.3302230834961,53.209999084472656,38.43410873413086,431.6799926757813,49.81999969482422,222.3539123535156,281.5903625488281,144.13999938964844,56.71055221557617,285.7892761230469,71.5999984741211,540.0999755859375,85.00049591064453,69.3051986694336,19.520000457763672,55.54939270019531,51.37005233764648,44.83371353149414,144.0845489501953,91.3499984741211,97.88600158691406,94.08238220214844,1449.18994140625,200.4100036621093,99.85717010498048,729.7001342773438,3.986000061035156,3.595000028610229,70.62999725341797,,4.343999862670898,4.939000129699707,17.15999984741211,92.33000183105467,1.96,2.61,2.75,0.78,0.2,0.67,6699950.0,981929.0,1.633,-0.51,4.43,0.49,5716388.0,,,,,,,,,,,,2.45,199000.0,44.8,6.8276,52.7,20.350000381469727,1776000.0,0.8432432199381007,,,,,,,,,,,,,,,calc_tnx_dfii10,,,,,,,,,,fred_backfill_s288,,fred_backfill_s288,,,,,,398325.0,13326.0,13391.5,-65.5,0.0162951168652426,38.1426179648342,,,,,,,0,18.049999237060547,btlong_seed_s288,btlong_seed_s288,0.0
2026-05-08,75.25528717041016,85.67884063720703,53.63999938964844,38.75109100341797,433.7699890136719,49.84000015258789,223.333236694336,283.495849609375,140.8800048828125,56.69058990478516,292.4815368652344,73.01000213623047,566.5399780273438,85.42723846435547,70.4591293334961,19.770000457763672,55.30118179321289,51.061134338378906,44.43625259399414,142.85995483398438,95.80999755859376,97.9280014038086,94.33072662353516,1460.9200439453125,200.4100036621093,99.88700103759766,735.724609375,4.011000156402588,3.595000028610229,72.23999786376953,,4.361999988555908,4.943999767303467,17.270000457763672,95.6999969482422,1.94,2.61,2.79,0.79,0.13,0.72,6709505.0,981929.0,1.633,-0.51,4.36,0.49,5725943.0,,,,,,,,,,,,2.45,199000.0,44.8,6.8276,52.7,20.5,1776000.0,0.8424390467201791,67.6857142857143,greed,yahoo_live,yahoo_live,yahoo_live,yahoo_live,yahoo_live,yahoo_live,yahoo_live,yahoo_live,yahoo_live,yahoo_live,yahoo_live,fred_live,fred_live,fred_live,fred_live,fred_live,fred_live,fred_live,fred_live,fred_live,ffill,ffill,fred_backfill_s288,fred_live,fred_backfill_s288,fred_live,fred_live,fred_live,tradingeconomics,cnn_api,399400.0,13445.0,13498.0,-53.0,0.0162951168652426,38.1426179648342,,,,,,,0,18.06999969482422,btlong_seed_s288,btlong_seed_s288,0.0
2026-05-11,75.36518859863281,87.29335021972656,54.75,38.29542922973633,434.6499938964844,48.41999816894531,225.8314819335937,284.6530456542969,145.64999389648438,56.94015121459961,293.3704833984375,78.0,576.3099975585938,84.91117858886719,70.44918060302734,19.489999771118164,56.76065444946289,51.0013427734375,44.85358810424805,142.41192626953125,97.45999908447266,97.87100219726562,94.01284790039062,1470.43994140625,200.4100036621093,99.89694213867188,737.4002685546875,4.046000003814697,3.5999999046325684,67.25,,4.3919997215271,4.968999862670898,17.950000762939453,97.5999984741211,1.96,2.62,2.81,0.79,0.13,0.69,6709505.0,877761.0,0.787,-0.51,4.41,0.48,5830957.0,,,,,,,,,,,,2.45,212000.0,44.8,6.8276,52.7,21.239999771118164,1771000.0,0.8451036231811828,68.0857142857143,greed,yahoo_live,yahoo_live,yahoo_live,yahoo_live,yahoo_live,yahoo_live,yahoo_live,yahoo_live,yahoo_live,yahoo_live,yahoo_live,fred_live,fred_live,fred_live,fred_live,ffill,fred_live,fred_live,fred_live,fred_live,fred_live,fred_live,fred_backfill_s288,ffill,fred_backfill_s288,fred_live,fred_live,fred_live,tradingeconomics,cnn_api,401000.0,13673.0,13720.0,-47.0,0.0162951168652426,38.1426179648342,,,,,,,0,18.549999237060547,btlong_seed_s288,btlong_seed_s288,0.0
2026-05-12,74.77569580078125,90.46258544921876,53.65999984741211,37.879390716552734,432.9299926757813,47.52000045776367,225.2318878173828,281.8996276855469,139.89999389648438,56.42106246948242,290.8034973144531,78.55000305175781,561.25,84.34550476074219,69.60363006591797,19.43000030517578,57.15779113769531,51.39994812011719,44.90327072143555,145.2095947265625,101.5199966430664,98.34500122070312,93.6949691772461,1491.280029296875,200.4100036621093,99.9068832397461,736.2831420898438,4.116999626159668,3.6050000190734863,70.73999786376953,,4.450999736785889,5.015000343322754,18.770000457763672,102.31999969482422,1.93,2.67,2.79,0.78,0.13,0.72,6709505.0,877761.0,1.133,-0.51,4.38,0.47,5830611.0,,,,,,,,,,,,2.47,212000.0,44.8,6.8005,52.7,21.040000915527344,1771000.0,0.8921102490975449,66.3714285714286,greed,yahoo_live,yahoo_live,yahoo_live,yahoo_live,yahoo_live,yahoo_live,yahoo_live,yahoo_live,yahoo_live,yahoo_live,yahoo_live,fred_live,fred_live,fred_live,fred_live,fred_live,fred_live,fred_live,fred_live,fred_live,fred_live,fred_live,fred_backfill_s288,fred_live,fred_backfill_s288,fred_live,fred_live,fred_live,tradingeconomics,cnn_api,400000.0,13872.0,13938.0,-66.0,0.0162951168652426,38.1426179648342,,,,,,,0,18.90999984741211,btlong_seed_s288,btlong_seed_s288,0.0
2026-05-13,75.78482818603516,91.5987319946289,56.27999877929688,36.43315887451172,430.5,47.97999954223633,225.5516815185547,281.9993896484375,136.39999389648438,56.37114715576172,293.8199768066406,79.3499984741211,572.4600219726562,84.15695190429688,70.26016998291016,19.25,57.21736145019531,50.812007904052734,44.38656997680664,146.06581115722656,101.66000366210938,98.5719985961914,93.6949691772461,1490.510009765625,200.4100036621093,99.91682434082033,740.4025268554688,4.124000072479248,3.6029999256134033,71.68000030517578,,4.4629998207092285,5.031000137329102,17.950000762939453,98.5500030517578,1.95,2.69,2.79,0.78,0.13,0.76,6709505.0,877761.0,1.199,-0.51,4.42,0.46,5830545.0,,,,,,,,,,,,2.47,212000.0,44.8,6.8005,52.7,21.18000030517578,1771000.0,0.8474976630927145,65.5428571428572,greed,yahoo_live,yahoo_live,yahoo_live,yahoo_live,yahoo_live,yahoo_live,yahoo_live,yahoo_live,yahoo_live,yahoo_live,yahoo_live,fred_live,fred_live,fred_live,fred_live,fred_live,fred_live,fred_live,fred_live,fred_live,fred_live,fred_live,fred_backfill_s288,fred_live,fred_backfill_s288,fred_live,fred_live,fred_live,tradingeconomics,cnn_api,398550.0,14097.0,14140.0,-43.0,0.0162951168652426,38.1426179648342,,,,,,,0,18.700000762939453,btlong_seed_s288,btlong_seed_s288,0.0
2026-05-14,78.29267120361328,89.0772933959961,53.58000183105469,36.77985763549805,427.2099914550781,48.36000061035156,224.30255126953125,283.7751770019531,134.60000610351562,56.73051834106445,296.02740478515625,75.51000213623047,578.3400268554688,84.27603149414062,70.19053649902344,19.489999771118164,57.65421295166016,51.1109619140625,44.6151123046875,145.9861602783203,100.8000030517578,98.63099670410156,93.63536071777344,1491.0,200.4100036621093,99.92676544189452,746.2474975585938,4.0929999351501465,3.59000015258789,70.23999786376953,,4.438000202178955,4.995999813079834,17.959999084472656,97.48999786376952,1.99,2.7,2.82,0.76,0.13,0.77,6709505.0,877761.0,3.719,-0.524,4.46,0.48,5828025.0,,,,,,,,,,,,2.47,212000.0,44.8,6.8005,52.7,20.850000381469727,1771000.0,0.8613908276200544,65.7714285714286,greed,yahoo_live,yahoo_live,yahoo_live,yahoo_live,yahoo_live,yahoo_live,yahoo_live,yahoo_live,yahoo_live,yahoo_live,yahoo_live,fred_live,fred_live,fred_live,fred_live,fred_live,fred_live,fred_live,fred_live,fred_live,fred_live,fred_live,fred_backfill_s288,fred_live,fred_backfill_s288,fred_live,fred_live,fred_live,tradingeconomics,cnn_api,397050.0,13986.0,14034.0,-48.0,0.0162951168652426,38.1426179648342,,,,,,,0,18.600000381469727,btlong_seed_s288,btlong_seed_s288,0.0
2026-05-15,78.98208618164062,82.76873779296875,51.93999862670898,35.88834381103516,417.2900085449219,47.9900016784668,217.1175994873047,276.94140625,129.67999267578125,55.31300354003906,291.5526123046875,69.04000091552734,556.3400268554688,83.02558898925781,68.71829223632812,19.190000534057617,59.01440048217773,50.92162322998047,43.591644287109375,144.462890625,100.4000015258789,99.23600006103516,92.89034271240234,1499.449951171875,200.4100036621093,99.9565887451172,737.2706298828125,4.120999813079834,3.588000059127808,69.62999725341797,,4.460999965667725,5.01200008392334,18.780000686645508,94.26000213623048,1.99,2.7,2.82,0.76,0.13,0.77,6728502.0,838584.0,2.034,-0.524,4.46,0.48,5887884.0,,,,,,,,,,,,2.47,212000.0,44.8,6.8005,52.7,21.36000061035156,1771000.0,0.879213490169297,65.3428571428571,greed,yahoo_live,yahoo_live,yahoo_live,yahoo_live,yahoo_live,yahoo_live,yahoo_live,yahoo_live,yahoo_live,yahoo_live,yahoo_live,fred_live,fred_live,fred_live,fred_live,fred_live,fred_live,fred_live,fred_live,fred_live,fred_live,fred_live,fred_backfill_s288,fred_live,fred_backfill_s288,fred_live,fred_live,fred_live,tradingeconomics,cnn_api,395725.0,13553.5,13600.0,-46.5,0.0162951168652426,38.1426179648342,,,,,,,0,18.61000061035156,btlong_seed_s288,btlong_seed_s288,0.0
2026-05-20,81.58984375,82.03123474121094,53.66999816894531,36.4034423828125,417.3999938964844,48.02000045776367,223.1233673095703,279.2060241699219,127.83999633789062,54.39461517333984,293.29058837890625,68.7300033569336,564.6599731445312,83.27369689941406,69.8324203491211,19.309999465942383,59.37182235717773,51.47966766357422,44.22758483886719,146.48397827148438,101.4499969482422,99.37999725341795,93.11881256103516,1506.449951171875,200.4100036621093,99.98641967773438,739.3452758789062,4.309000015258789,3.568000078201294,85.31999969482422,,4.64900016784668,5.168999671936035,17.979999542236328,94.61000061035156,2.13,2.66,2.83,0.75,0.13,1.0,6728502.0,838584.0,12.911,-0.523,4.61,0.54,5877007.0,,,,,,,,,,,,2.49,210000.0,44.8,6.8092,52.7,20.76000022888184,1785000.0,0.8660886003855672,59.2571428571429,greed,yahoo_live,yahoo_live,yahoo_live,yahoo_live,yahoo_live,yahoo_live,yahoo_live,yahoo_live,yahoo_live,yahoo_live,yahoo_live,fred_live,fred_live,fred_live,fred_live,fred_live,fred_live,fred_live,fred_live,fred_live,fred_live,fred_live,fred_backfill_s288,fred_live,fred_backfill_s288,fred_live,fred_live,fred_live,tradingeconomics,cnn_api,393400.0,13418.0,13492.0,-74.0,0.0162951168652426,38.1426179648342,,,,,,,0,18.420000076293945,btlong_seed_s288,btlong_seed_s288,0.0
2026-05-21,82.07941436767578,82.73883056640625,52.63999938964844,36.66098785400391,416.989990234375,48.02999877929688,222.9934539794922,281.8197937011719,129.9499969482422,54.44452667236328,293.8699035644531,69.44999694824219,567.8800048828125,83.58133697509766,70.31986236572266,18.979999542236328,58.70662307739258,51.54942321777344,44.7144775390625,147.49948120117188,100.51000213623048,99.25399780273438,93.17841339111328,1506.9100341796875,200.4100036621093,99.98641967773438,740.8114624023438,4.224999904632568,3.556999921798706,81.52999877929688,,4.572000026702881,5.116000175476074,17.65999984741211,96.4499969482422,2.18,2.59,2.86,0.76,0.13,0.92,6728502.0,838584.0,24.867,-0.523,4.67,0.53,5865051.0,,,,,,,,,,,,2.44,210000.0,44.8,6.8092,52.7,20.0,1785000.0,0.8829999923706054,60.8285714285714,greed,yahoo_live,yahoo_live,yahoo_live,yahoo_live,yahoo_live,yahoo_live,yahoo_live,yahoo_live,yahoo_live,yahoo_live,yahoo_live,fred_live,fred_live,fred_live,fred_live,fred_live,fred_live,fred_live,fred_live,fred_live,fred_live,fred_live,fred_backfill_s288,fred_live,fred_backfill_s288,fred_live,fred_live,fred_live,tradingeconomics,cnn_api,393100.0,13427.0,13481.0,-54.0,0.0162951168652426,38.1426179648342,,,,,,,0,18.309999465942383,btlong_seed_s288,btlong_seed_s288,0.0
2026-05-22,84.20758819580078,83.06771087646484,52.77000045776367,36.02702331542969,413.8200073242188,48.38999938964844,225.2118988037109,284.4435729980469,130.85000610351562,54.84382629394531,295.0985107421875,68.36000061035156,576.3200073242188,84.03784942626953,70.091064453125,18.75,59.06404495239258,51.75868988037109,45.06225204467773,149.23184204101562,97.54000091552734,99.34200286865234,93.25788116455078,1516.31005859375,200.4100036621093,100.0361099243164,743.7239990234375,4.258999824523926,3.5849997997283936,79.72000122070312,,4.572000026702881,5.090000152587891,16.799999237060547,91.4000015258789,2.13,2.57,2.78,0.75,0.13,0.89,6713643.0,781293.0,3.281,-0.523,4.57,0.49,5929069.0,,,,,,,,,,,,2.39,210000.0,44.8,6.8092,52.7,20.030000686645508,1785000.0,0.8387418203266223,60.4857142857143,greed,yahoo_live,yahoo_live,yahoo_live,yahoo_live,yahoo_live,yahoo_live,yahoo_live,yahoo_live,yahoo_live,yahoo_live,yahoo_live,fred_live,fred_live,fred_live,fred_live,fred_live,fred_live,fred_live,fred_live,fred_live,fred_live,fred_live,fred_backfill_s288,fred_live,fred_backfill_s288,fred_live,fred_live,fred_live,tradingeconomics,cnn_api,391900.0,13545.0,13600.0,-55.0,0.0162951168652426,38.1426179648342,,,,,,,0,18.200000762939453,btlong_seed_s288,btlong_seed_s288,0.0
2026-05-25,84.20758819580078,83.06771087646484,52.77000045776367,36.02702331542969,413.8200073242188,48.38999938964844,225.2118988037109,284.4435729980469,130.85000610351562,54.84382629394531,295.0985107421875,68.36000061035156,576.3200073242188,84.03784942626953,70.091064453125,18.75,59.06404495239258,51.75868988037109,45.06225204467773,149.23184204101562,96.5999984741211,98.98999786376952,93.25788116455078,1513.969970703125,200.4100036621093,100.0361099243164,743.7239990234375,4.25600004196167,3.5850000381469727,78.43000030517578,,4.558000087738037,5.064000129699707,16.639999389648438,91.16000366210938,2.18,2.54,2.78,0.75,0.13,0.88,6713643.0,781293.0,0.965,-0.523,4.57,0.43,5931385.0,,,,,,,,,,,,2.4,212000.0,44.8,6.8092,52.7,20.030000686645508,1771000.0,0.8307538102453852,58.5714285714286,greed,yahoo_live,yahoo_live,yahoo_live,yahoo_live,yahoo_live,yahoo_live,yahoo_live,yahoo_live,yahoo_live,yahoo_live,yahoo_live,fred_live,fred_live,fred_live,fred_live,fred_live,fred_live,fred_live,fred_live,fred_live,fred_live,fred_live,fred_backfill_s288,fred_live,fred_backfill_s288,fred_live,fred_live,fred_live,tradingeconomics,cnn_api,391900.0,13545.0,13600.0,-55.0,0.0162951168652426,38.1426179648342,,,,,,,0,18.200000762939453,btlong_seed_s288,btlong_seed_s288,0.0
2026-05-26,84.40741729736328,87.21363067626953,54.52000045776367,36.14589309692383,414.0,48.54999923706055,229.3290252685547,289.82080078125,134.61000061035156,56.21142959594727,300.3324279785156,69.72000122070312,602.1400146484375,84.45466613769531,71.4041519165039,18.8700008392334,57.43578338623047,51.66900253295898,45.04238510131836,147.85791015625,93.88999938964844,99.16999816894533,93.65523529052734,1505.43994140625,200.4100036621093,100.04605102539062,748.6613159179688,4.183000087738037,3.5820000171661377,74.94999694824219,,4.493000030517578,5.026000022888184,17.010000228881836,89.55000305175781,,,2.78,0.75,0.13,,6713643.0,781293.0,0.965,-0.523,,,5931385.0,,,,,,,,,,,,,212000.0,44.8,,52.7,19.88999938964844,1771000.0,0.8552036576599659,58.5714285714286,greed,yahoo_live,yahoo_live,yahoo_live,yahoo_live,yahoo_live,yahoo_live,yahoo_live,yahoo_live,yahoo_live,yahoo_live,yahoo_live,ffill,ffill,ffill,ffill,ffill,ffill,ffill,ffill,ffill,ffill,ffill,fred_backfill_s288,ffill,fred_backfill_s288,ffill,ffill,ffill,ffill,ffill,391900.0,13545.0,13600.0,-55.0,0.0162951168652426,38.1426179648342,,,,,,,0,17.90999984741211,btlong_seed_s288,btlong_seed_s288,0.0
2026-05-27,81.96951293945312,85.79843139648438,53.70000076293945,35.76947784423828,408.489990234375,48.54999923706055,230.3183135986328,289.6811218261719,132.52000427246094,56.62071228027344,300.0328063964844,67.5,595.5,84.65316009521484,71.03609466552734,18.739999771118164,56.58194732666016,51.24050521850586,44.85358810424805,148.1366729736328,88.68000030517578,99.20999908447266,93.6949691772461,1503.1099853515625,200.4100036621093,100.05599975585938,748.5316162109375,4.177000045776367,3.5850000381469727,70.9000015258789,,4.480999946594238,5.011000156402588,16.290000915527344,87.52999877929688,,,2.78,0.75,0.13,,6713643.0,781293.0,0.965,-0.523,,,5931385.0,,,,,,,,,,,,,212000.0,44.8,,52.7,19.450000762939453,1771000.0,0.8375321478941401,58.5714285714286,greed,yahoo_live,yahoo_live,yahoo_live,yahoo_live,yahoo_live,yahoo_live,yahoo_live,yahoo_live,yahoo_live,yahoo_live,yahoo_live,ffill,ffill,ffill,ffill,ffill,ffill,ffill,ffill,ffill,ffill,ffill,fred_backfill_s288,ffill,fred_backfill_s288,ffill,ffill,ffill,ffill,ffill,391900.0,13545.0,13600.0,-55.0,0.0162951168652426,38.1426179648342,,,,,,,0,17.600000381469727,btlong_seed_s288,btlong_seed_s288,0.0
2026-05-28,83.60810089111328,88.1404800415039,53.90999984741211,35.76947784423828,412.7699890136719,48.68999862670898,235.40475463867188,291.3371887207031,133.30999755859375,56.3511848449707,302.4999389648437,68.36000061035156,599.8300170898438,85.08981323242188,71.28478240966797,18.68000030517578,56.54223251342773,51.09103012084961,44.346824645996094,150.21751403808594,88.9000015258789,99.0199966430664,93.91350555419922,1495.2900390625,200.4100036621093,100.05599975585938,752.6609497070312,4.159999847412109,3.5899999141693115,69.73999786376953,,4.454999923706055,4.985000133514404,15.739999771118164,86.02999877929688,,,2.78,0.75,0.13,,6713643.0,781293.0,0.965,-0.523,,,5931385.0,,,,,,,,,,,,,212000.0,44.8,,52.7,19.11000061035156,1771000.0,0.8236524996546613,58.5714285714286,greed,yahoo_live,yahoo_live,yahoo_live,yahoo_live,yahoo_live,yahoo_live,yahoo_live,yahoo_live,yahoo_live,yahoo_live,yahoo_live,ffill,ffill,ffill,ffill,ffill,ffill,ffill,ffill,ffill,ffill,ffill,fred_backfill_s288,ffill,fred_backfill_s288,ffill,ffill,ffill,ffill,ffill,391900.0,13545.0,13600.0,-55.0,0.0162951168652426,38.1426179648342,,,,,,,0,17.719999313354492,btlong_seed_s288,btlong_seed_s288,0.0
2026-05-29,88.9635009765625,87.84149169921875,52.79999923706055,35.57136154174805,417.1199951171875,48.560001373291016,235.2748413085937,289.740966796875,133.3000030517578,56.21142959594727,303.608642578125,68.33000183105469,598.9299926757812,85.10967254638672,71.39420318603516,18.700000762939453,55.88695907592773,51.39994812011719,44.13815307617188,148.81369018554688,87.36000061035156,98.91000366210938,94.02278137207033,,200.4100036621093,100.07587432861328,754.5361328125,4.14900016784668,3.588000059127808,70.22000122070312,,4.453000068664551,4.993000030517578,15.31999969482422,86.05999755859375,,,2.78,0.75,0.13,,6713643.0,781293.0,0.965,-0.523,,,5931385.0,,,,,,,,,,,,,212000.0,44.8,,52.7,18.65999984741211,1771000.0,0.8210074930385864,58.5714285714286,greed,yahoo_live,yahoo_live,yahoo_live,yahoo_live,yahoo_live,yahoo_live,yahoo_live,yahoo_live,ffill,yahoo_live,yahoo_live,ffill,ffill,ffill,ffill,ffill,ffill,ffill,ffill,ffill,ffill,ffill,fred_backfill_s288,ffill,fred_backfill_s288,ffill,ffill,ffill,ffill,ffill,391900.0,13545.0,13600.0,-55.0,0.0162951168652426,38.1426179648342,,,,,,,0,17.6200008392334,btlong_seed_s288,btlong_seed_s288,0.0
2026-06-01,94.06910705566406,89.75498962402344,52.310001373291016,35.33362579345703,411.260009765625,47.9900016784668,229.74871826171875,288.29443359375,131.85000610351562,55.88200378417969,305.46649169921875,67.66999816894531,607.8099975585938,85.1554946899414,71.49368286132812,18.440000534057617,56.88972473144531,51.25047302246094,42.82653045654297,147.1908416748047,92.16000366210938,99.1999969482422,93.86031341552734,1511.27001953125,200.4100036621093,100.10479736328124,756.5908203125,4.185999870300293,3.619999885559082,73.33000183105469,,4.474999904632568,4.991000175476074,16.049999237060547,91.5999984741211,,,2.78,0.75,0.13,,6713643.0,781293.0,0.965,-0.523,,,5931385.0,,,,,,,,,,,,,225000.0,49.5,,52.7,19.43000030517578,1786000.0,0.8260421505389856,58.5714285714286,greed,yahoo_live,yahoo_live,yahoo_live,yahoo_live,yahoo_live,yahoo_live,yahoo_live,yahoo_live,yahoo_live,yahoo_live,yahoo_live,ffill,ffill,ffill,ffill,ffill,ffill,ffill,ffill,ffill,ffill,ffill,fred_backfill_s288,ffill,fred_backfill_s288,ffill,ffill,ffill,ffill,ffill,391900.0,13545.0,13600.0,-55.0,0.0162951168652426,38.1426179648342,,,,,,,0,17.8700008392334,btlong_seed_s288,btlong_seed_s288,0.0
2026-06-02,94.23896026611328,93.34280395507812,54.09000015258789,35.442588806152344,411.9500122070313,48.02999877929688,228.1698303222656,290.9680480957031,138.1699981689453,56.79041290283203,306.8748779296875,67.98999786376953,632.2100219726562,85.3348388671875,71.94132232666016,18.1299991607666,57.54499816894531,51.280364990234375,43.62145614624024,145.75717163085938,93.76000213623048,99.22000122070312,93.93008422851562,1516.5999755859375,200.4100036621093,100.10479736328124,757.6182250976562,4.177000045776367,3.618000030517578,73.43000030517578,,4.454999923706055,4.9670000076293945,15.770000457763672,90.52999877929688,,,2.78,0.75,0.13,,6713643.0,781293.0,0.965,-0.523,,,5931385.0,,,,,,,,,,,,,225000.0,49.5,,52.7,19.489999771118164,1786000.0,0.8091329216500514,58.5714285714286,greed,yahoo_live,yahoo_live,yahoo_live,yahoo_live,yahoo_live,yahoo_live,yahoo_live,yahoo_live,yahoo_live,yahoo_live,yahoo_live,ffill,ffill,ffill,ffill,ffill,ffill,ffill,ffill,ffill,ffill,ffill,fred_backfill_s288,ffill,fred_backfill_s288,ffill,ffill,ffill,ffill,ffill,391900.0,13545.0,13600.0,-55.0,0.0162951168652426,38.1426179648342,,,,,,,0,17.979999542236328,seed_carry_forward,seed_carry_forward,0.0
2026-06-03,91.59123229980467,89.94434356689453,53.27999877929688,34.31333923339844,407.8699951171875,47.36000061035156,224.73223876953125,286.9875183105469,131.8300018310547,57.18971252441406,306.2555847167969,66.20999908447266,637.9000244140625,84.99608612060547,71.29473114013672,18.020000457763672,58.28962707519531,50.69242477416992,43.43265914916992,146.90213012695312,96.0199966430664,99.52999877929688,93.6908721923828,1530.1099853515625,200.4100036621093,100.1147689819336,752.3018798828125,4.214000225067139,3.622999906539917,73.58000183105469,,4.491000175476074,4.989999771118164,16.059999465942383,89.80000305175781,,,2.78,0.75,0.13,,6713643.0,781293.0,0.965,-0.523,,,5931385.0,,,,,,,,,,,,,225000.0,49.5,,52.7,19.76000022888184,1786000.0,0.8127529999958493,58.5714285714286,greed,yahoo_live,yahoo_live,yahoo_live,yahoo_live,yahoo_live,yahoo_live,yahoo_live,yahoo_live,yahoo_live,yahoo_live,yahoo_live,ffill,ffill,ffill,ffill,ffill,ffill,ffill,ffill,ffill,ffill,ffill,fred_backfill_s288,ffill,fred_backfill_s288,ffill,ffill,ffill,ffill,ffill,391900.0,13545.0,13600.0,-55.0,0.0162951168652426,38.1426179648342,,,,,,,0,18.049999237060547,seed_carry_forward,seed_carry_forward,0.0
2026-06-04,90.6220703125,89.9144515991211,53.83000183105469,34.45201873779297,411.2699890136719,48.02000045776367,231.4075622558593,291.3172302246094,131.57000732421875,57.50915145874024,304.5875244140625,66.9800033569336,627.530029296875,85.18538665771484,71.46383666992188,18.25,58.32934188842773,52.00781631469727,43.66120147705078,151.4122314453125,93.04000091552734,99.41000366210938,93.81048583984376,,200.4100036621093,100.1247329711914,755.1445922851562,4.188000202178955,3.619999885559082,71.16000366210938,,4.477000236511231,4.978000164031982,15.399999618530272,85.75,2.11,2.48,2.78,0.75,0.13,0.69,6713643.0,781293.0,0.965,-0.523,4.47,0.42,5931385.0,,,,,,,,,,,,2.36,225000.0,49.5,,52.7,19.229999542236328,1786000.0,0.8008320325076487,58.5714285714286,greed,yahoo_live,yahoo_live,yahoo_live,yahoo_live,yahoo_live,yahoo_live,yahoo_live,yahoo_live,ffill,yahoo_live,yahoo_live,ffill,ffill,ffill,ffill,ffill,ffill,ffill,ffill,ffill,ffill,ffill,fred_backfill_s288,ffill,fred_backfill_s288,ffill,ffill,ffill,ffill,ffill,391900.0,13545.0,13600.0,-55.0,0.0162951168652426,38.1426179648342,,,,,,,0,17.850000381469727,seed_carry_forward,seed_carry_forward,0.0
2026-06-05,86.62550354003906,80.36688995361328,51.11000061035156,33.68927764892578,396.239990234375,47.34000015258789,229.2890472412109,280.9817810058594,122.11000061035156,56.58078002929688,290.0143737792969,61.56999969482422,569.6900024414062,84.74700164794922,68.80781555175781,17.989999771118164,57.25707244873047,52.117431640625,44.06859970092773,152.33815002441406,90.25,100.0709991455078,93.31212615966795,1558.8399658203125,200.4100036621093,100.15464782714844,735.65478515625,4.279999732971191,3.625,75.19850158691406,,4.53600025177002,4.999000072479248,21.51000022888184,102.04000091552734,2.11,2.48,2.74,0.74,0.1,0.77,6711495.0,875713.0,0.761,-0.494,4.47,0.38,5835021.0,,,,,,,,,,,,2.36,225000.0,49.5,6.7662,52.7,21.81999969482422,1786000.0,0.9857928748726833,42.0571428571429,fear,yahoo_live,yahoo_live,yahoo_live,yahoo_live,yahoo_live,yahoo_live,yahoo_live,yahoo_live,yahoo_live,yahoo_live,yahoo_live,fred_live,fred_live,fred_live,fred_live,fred_live,fred_live,fred_live,fred_live,fred_live,fred_live,fred_live,fred_backfill_s288,fred_live,fred_backfill_s288,fred_live,fred_live,fred_live,tradingeconomics,cnn_api,,,,,0.0162951168652426,38.1426179648342,,,,,,,0,17.459999084472656,seed_carry_forward,seed_carry_forward,0.0
2026-06-08,86.05599212646484,81.01469421386719,50.560001373291016,33.37229537963867,397.2699890136719,47.209999084472656,227.1005706787109,283.4359436035156,123.22000122070312,56.411075592041016,294.4692077636719,61.58000183105469,598.1599731445312,84.30862426757812,69.49420928955078,17.760000228881836,57.91234970092773,51.7885856628418,43.24386596679688,151.97972106933594,91.3499984741211,100.0,93.2124481201172,1554.47998046875,200.4100036621093,100.16461944580078,737.3204345703125,4.281000137329102,3.627999782562256,76.9802017211914,,4.552000045776367,5.02400016784668,18.920000076293945,92.4000015258789,2.19,2.47,2.76,0.74,0.1,0.76,6711495.0,875713.0,1.832,-0.494,4.55,0.41,5833950.0,,,,,,,,,,,,2.35,230000.0,49.5,6.7655,52.7,20.790000915527344,1800000.0,0.9100528736467367,40.1142857142857,fear,yahoo_live,yahoo_live,yahoo_live,yahoo_live,yahoo_live,yahoo_live,yahoo_live,yahoo_live,yahoo_live,yahoo_live,yahoo_live,fred_live,fred_live,fred_live,fred_live,fred_live,fred_live,fred_live,fred_live,fred_live,fred_live,fred_live,fred_backfill_s288,fred_live,fred_backfill_s288,fred_live,fred_live,fred_live,tradingeconomics,cnn_api,,,,,0.0162951168652426,38.1426179648342,,,,,,,0,17.6200008392334,seed_carry_forward,seed_carry_forward,0.0
2026-06-09,84.26753234863281,79.86858367919922,51.70000076293945,33.600128173828125,390.7799987792969,47.540000915527344,230.2883453369141,284.3437805175781,119.5500030517578,57.06991958618164,291.1830139160156,59.0099983215332,591.010009765625,84.8067855834961,69.47430419921875,17.709999084472656,56.97908020019531,52.27687454223633,43.70094680786133,153.8913116455078,89.08999633789062,99.99500274658205,93.47159576416016,1528.8800048828125,200.4100036621093,100.17459106445312,735.1560668945312,4.252999782562256,3.6349997520446777,77.03279876708984,,4.527999877929688,5.011000156402588,19.8700008392334,95.80999755859376,2.21,2.44,2.75,0.75,0.1,0.74,6711495.0,875713.0,0.577,-0.494,4.56,0.4,5835205.0,,,,,,,,,,,,2.33,230000.0,49.5,6.7655,52.7,21.309999465942383,1800000.0,0.9324261537870806,33.4285714285714,fear,yahoo_live,yahoo_live,yahoo_live,yahoo_live,yahoo_live,yahoo_live,yahoo_live,yahoo_live,yahoo_live,yahoo_live,yahoo_live,fred_live,fred_live,fred_live,fred_live,fred_live,fred_live,fred_live,fred_live,fred_live,fred_live,fred_live,fred_backfill_s288,fred_live,fred_backfill_s288,fred_live,fred_live,fred_live,tradingeconomics,cnn_api,,,,,0.0162951168652426,38.1426179648342,,,,,,,0,17.3799991607666,seed_carry_forward,seed_carry_forward,0.0
2026-06-10,83.17847442626953,77.18769073486328,51.29999923706055,33.461448669433594,374.5799865722656,47.29999923706055,224.7122497558593,281.3808288574219,115.5199966430664,55.20319366455078,285.5895080566406,57.65999984741211,570.9099731445312,84.56766510009766,68.44969940185547,17.809999465942383,57.83292388916016,52.04767608642578,43.720821380615234,152.17886352539062,93.1999969482422,99.91000366210938,93.38189697265624,1525.81005859375,200.4100036621093,100.18456268310548,723.56591796875,4.263999938964844,3.6349997520446777,73.94629669189453,,4.541999816894531,5.025000095367432,22.21999931335449,108.16000366210938,2.2,2.44,2.78,0.75,0.1,0.76,6711495.0,875713.0,0.387,-0.506,4.53,0.42,5835395.0,,,,,,,,,,,,2.34,230000.0,49.5,6.7655,52.7,22.88999938964844,1800000.0,0.9707295721206115,27.4571428571429,fear,yahoo_live,yahoo_live,yahoo_live,yahoo_live,yahoo_live,yahoo_live,yahoo_live,yahoo_live,yahoo_live,yahoo_live,yahoo_live,fred_live,fred_live,fred_live,fred_live,fred_live,fred_live,fred_live,fred_live,fred_live,fred_live,fred_live,fred_backfill_s288,fred_live,fred_backfill_s288,fred_live,fred_live,fred_live,tradingeconomics,cnn_api,,,,,0.0162951168652426,38.1426179648342,,,,,,,0,17.43000030517578,seed_carry_forward,seed_carry_forward,0.0
2026-06-11,85.39656829833984,82.87836456298828,51.959999084472656,34.48173904418945,386.3200073242188,47.790000915527344,235.8744201660156,289.72100830078125,120.94000244140624,57.07990646362305,294.6789855957031,60.81999969482422,609.4500122070312,85.66361999511719,70.93661499023438,18.040000915527344,56.71101379394531,52.436317443847656,43.770503997802734,153.4134063720703,85.80000305175781,99.9499969482422,94.02975463867188,1525.050048828125,200.4100036621093,100.19452667236328,735.8642578125,4.190000057220459,3.622999906539917,69.44519805908203,,4.463000297546387,4.950999736785889,22.21999931335449,108.16000366210938,2.21,2.4,2.8,0.75,0.1,0.67,6725397.0,828122.0,0.46,-0.506,4.55,0.4,5896815.0,,,,,,,,,,,,2.29,230000.0,49.5,6.7655,52.7,21.420000076293945,1800000.0,1.0373482368912745,29.6857142857143,fear,yahoo_live,yahoo_live,yahoo_live,yahoo_live,yahoo_live,yahoo_live,yahoo_live,yahoo_live,yahoo_live,yahoo_live,yahoo_live,fred_live,fred_live,fred_live,fred_live,fred_live,fred_live,fred_live,fred_live,fred_live,fred_live,fred_live,fred_backfill_s288,fred_live,fred_backfill_s288,fred_live,fred_live,fred_live,tradingeconomics,cnn_api,,,,,0.0162951168652426,38.1426179648342,,,,,,,0,17.239999771118164,seed_carry_forward,seed_carry_forward,0.0
2026-06-12,85.25668334960938,85.67884063720703,51.29999923706055,34.76900100708008,386.5400085449219,48.33000183105469,233.62599182128903,292.2550048828125,121.9499969482422,57.65888595581055,296.66668701171875,61.290000915527344,619.9600219726562,85.45439147949219,71.17536163330078,17.809999465942383,57.13793563842773,53.153804779052734,44.24745559692383,153.13462829589844,84.29000091552734,99.80699920654295,93.87028503417967,1517.8900146484375,200.4100036621093,100.21446990966795,739.843994140625,4.213000297546387,3.618000030517578,69.35649871826172,,4.486999988555908,4.974999904632568,17.68000030517578,93.81999969482422,2.16,2.39,2.78,0.75,0.1,0.7,6725397.0,828122.0,0.454,-0.506,4.45,0.39,5896821.0,,,,,,,,,,,,2.31,230000.0,49.5,6.7655,52.7,20.51000022888184,1800000.0,0.8620185328071864,34.0,fear,yahoo_live,yahoo_live,yahoo_live,yahoo_live,yahoo_live,yahoo_live,yahoo_live,yahoo_live,yahoo_live,yahoo_live,yahoo_live,fred_live,fred_live,fred_live,fred_live,fred_live,fred_live,fred_live,fred_live,fred_live,fred_live,fred_live,fred_backfill_s288,fred_live,fred_backfill_s288,fred_live,fred_live,fred_live,tradingeconomics,cnn_api,,,,,0.0162951168652426,38.1426179648342,,,,,,,0,17.059999465942383,seed_carry_forward,seed_carry_forward,0.0
2026-06-15,86.19587707519531,89.5058364868164,53.65999984741211,34.63999938964844,396.5499877929688,49.2599983215332,237.3999938964844,294.6400146484375,126.01000213623048,58.06816864013672,305.8860168457031,63.470001220703125,647.0999755859375,85.40457916259766,72.01095581054688,18.1200008392334,55.15225601196289,53.3730354309082,44.45612716674805,152.2186737060547,81.44000244140625,99.66200256347656,93.96995544433594,1509.5,200.4100036621093,100.23441314697266,752.890380859375,4.188000202178955,3.618000030517578,69.37740325927734,,4.468999862670898,4.970999717712402,16.200000762939453,87.58000183105469,2.17,2.4,2.71,0.74,0.1,0.68,6725397.0,828122.0,0.581,-0.506,4.48,0.4,5896694.0,,,,,,,,,,,,2.32,227000.0,49.5,6.7626,52.7,19.36000061035156,1812000.0,0.8367768725315797,40.8571428571429,fear,yahoo_live,yahoo_live,yahoo_live,yahoo_live,yahoo_live,yahoo_live,yahoo_live,yahoo_live,yahoo_live,yahoo_live,yahoo_live,fred_live,fred_live,fred_live,fred_live,fred_live,fred_live,fred_live,fred_live,fred_live,fred_live,fred_live,fred_backfill_s288,fred_live,fred_backfill_s288,fred_live,fred_live,fred_live,ffill,cnn_api,,,,,0.0162951168652426,38.1426179648342,83.68000030517578,yahoo_live,,,,,0,16.889999389648438,seed_carry_forward,seed_carry_forward,0.0
2026-06-16,85.00690460205078,89.48590850830078,52.790000915527344,34.40999984741211,397.6300048828125,49.40999984741211,239.5200042724609,292.0799865722656,124.5999984741211,58.3975944519043,300.21258544921875,63.38999938964844,616.0,85.87284851074219,71.94132232666016,18.100000381469727,54.96361541748047,54.1602783203125,44.77409744262695,152.26846313476562,75.83999633789062,99.54000091552734,94.20915985107422,1513.31005859375,200.4100036621093,100.244384765625,748.4019775390625,4.151000022888184,3.629999876022339,67.27649688720703,,4.427999973297119,4.927999973297119,16.40999984741211,87.69000244140625,2.15,2.36,2.66,0.73,0.1,0.64,6725397.0,828122.0,10.721,-0.506,4.47,0.38,5886554.0,,,,,,,,,,,,2.29,227000.0,49.5,6.7626,52.7,19.530000686645508,1812000.0,0.8402457383748667,39.2,fear,yahoo_live,yahoo_live,yahoo_live,yahoo_live,yahoo_live,yahoo_live,yahoo_live,yahoo_live,yahoo_live,yahoo_live,yahoo_live,fred_live,fred_live,fred_live,fred_live,fred_live,fred_live,fred_live,fred_live,fred_live,fred_live,fred_live,fred_backfill_s288,fred_live,fred_backfill_s288,fred_live,fred_live,fred_live,ffill,cnn_api,,,,,0.0162951168652426,38.1426179648342,79.51000213623047,yahoo_live,,,,,0,16.670000076293945,seed_carry_forward,seed_carry_forward,0.0
2026-06-17,84.15763092041016,86.46617126464844,53.70000076293945,34.11000061035156,388.6000061035156,49.060001373291016,242.7899932861328,289.8800048828125,124.6500015258789,57.87850570678711,297.2260437011719,60.61000061035156,623.969970703125,86.01233673095703,71.62300109863281,17.8700008392334,54.2785530090332,53.861324310302734,44.17790222167969,150.04824829101562,75.30999755859375,100.38800048828124,93.71080780029295,1510.9599609375,200.4100036621093,100.25435638427734,739.0560302734375,4.229000091552734,3.6470000743865967,70.66190338134766,,4.463000297546387,4.925999641418457,18.440000534057617,94.52999877929688,2.14,2.31,2.71,0.75,0.1,0.66,6725397.0,828122.0,6.828,-0.505,4.43,0.29,5890447.0,,,,,,,,,,,,2.26,227000.0,49.5,6.7626,52.7,20.6200008392334,1812000.0,0.894277390084877,32.6571428571429,fear,yahoo_live,yahoo_live,yahoo_live,yahoo_live,yahoo_live,yahoo_live,yahoo_live,yahoo_live,yahoo_live,yahoo_live,yahoo_live,fred_live,fred_live,fred_live,fred_live,fred_live,fred_live,fred_live,fred_live,fred_live,fred_live,fred_live,fred_backfill_s288,fred_live,fred_backfill_s288,fred_live,fred_live,fred_live,ffill,cnn_api,,,,,0.0162951168652426,38.1426179648342,78.95999908447266,yahoo_live,,,,,0,16.540000915527344,seed_carry_forward,seed_carry_forward,0.0
2026-06-18,84.46736145019531,85.19050598144531,55.08000183105469,33.72999954223633,387.1199951171875,49.58000183105469,238.9900054931641,295.5899963378906,126.94000244140624,58.45748901367188,304.1679992675781,59.5099983215332,659.8800048828125,86.4307861328125,72.30999755859375,18.350000381469727,53.38500213623047,53.382999420166016,44.47599792480469,148.74398803710938,75.27999877929688,100.81400299072266,94.04969024658205,1525.4200439453125,200.4100036621093,100.2942352294922,746.739990234375,4.224999904632568,3.658000230789185,65.38510131835938,,4.450999736785889,4.901000022888184,16.399999618530273,88.43000030517578,2.23,2.27,2.63,0.74,0.1,0.63,6736424.0,880713.0,0.251,-0.505,4.49,0.27,5855460.0,,,,,,,,,,,,2.25,227000.0,49.5,6.7626,52.7,19.56999969482422,1812000.0,0.8380173671064322,37.5142857142857,fear,yahoo_live,yahoo_live,yahoo_live,yahoo_live,yahoo_live,yahoo_live,yahoo_live,yahoo_live,yahoo_live,yahoo_live,yahoo_live,fred_live,fred_live,fred_live,fred_live,fred_live,fred_live,fred_live,fred_live,fred_live,fred_live,fred_live,fred_backfill_s288,fred_live,fred_backfill_s288,fred_live,fred_live,fred_live,ffill,cnn_api,,,,,0.0162951168652426,38.1426179648342,79.12999725341797,yahoo_live,,,,,0,16.5,seed_carry_forward,seed_carry_forward,0.0
2026-06-19,84.46736145019531,85.19050598144531,55.08000183105469,33.72999954223633,387.1199951171875,49.58000183105469,238.9900054931641,295.5899963378906,126.94000244140624,58.45748901367188,304.1679992675781,59.5099983215332,659.8800048828125,86.4307861328125,72.30999755859375,18.350000381469727,53.38500213623047,53.382999420166016,44.47599792480469,148.74398803710938,76.54000091552734,100.8489990234375,94.04969024658205,1529.8900146484375,200.4100036621093,100.2942352294922,746.739990234375,4.224999904632568,3.658000230789185,65.38510131835938,,4.450999736785889,4.901000022888184,16.780000686645508,94.52999877929688,2.23,2.27,2.63,0.74,0.1,0.63,6736424.0,880713.0,0.251,-0.505,4.49,0.27,5855460.0,,,,,,,,,,,,2.25,227000.0,49.5,6.7626,52.7,19.56999969482422,1812000.0,0.8574348977166005,37.2571428571429,fear,yahoo_live,yahoo_live,yahoo_live,yahoo_live,yahoo_live,yahoo_live,yahoo_live,yahoo_live,yahoo_live,yahoo_live,yahoo_live,fred_live,fred_live,fred_live,fred_live,fred_live,fred_live,fred_live,fred_live,fred_live,fred_live,fred_live,fred_backfill_s288,fred_live,fred_backfill_s288,fred_live,fred_live,fred_live,ffill,cnn_api,,,,,0.0162951168652426,38.1426179648342,80.58999633789062,yahoo_live,1.0,fred_semi_live,0.0,fred_semi_live,0,16.5,seed_carry_forward,seed_carry_forward,0.0
2026-06-22,83.50818634033203,84.60250091552734,55.09000015258789,34.27000045776367,384.5899963378906,49.91999816894531,235.509994506836,298.17999267578125,124.5500030517578,59.13629913330078,303.8999938964844,58.90999984741211,668.9099731445312,85.77320861816406,72.38999938964844,18.64999961853028,54.060001373291016,53.70000076293945,44.720001220703125,150.05999755859375,74.20999908447266,100.99600219726562,93.6908721923828,1531.3299560546875,200.4100036621093,100.30420684814452,744.3900146484375,4.286999702453613,3.679999828338623,70.01499938964844,,4.508999824523926,4.947000026702881,17.280000686645508,91.72000122070312,2.21,2.28,2.66,0.74,0.1,0.66,6736424.0,880713.0,3.925,-0.505,4.46,0.27,5851786.0,,,,,,,,,,,,2.23,216000.0,49.5,6.7686,52.7,19.76000022888184,1806000.0,0.8744939517454313,34.7428571428571,fear,yahoo_live,yahoo_live,yahoo_live,yahoo_live,yahoo_live,yahoo_live,yahoo_live,yahoo_live,yahoo_live,yahoo_live,yahoo_live,fred_live,fred_live,fred_live,fred_live,fred_live,fred_live,fred_live,fred_live,fred_live,fred_live,fred_live,fred_backfill_s288,fred_live,fred_backfill_s288,fred_live,fred_live,fred_live,ffill,cnn_api,,,,,0.0162951168652426,38.1426179648342,78.2300033569336,yahoo_live,1.0,fred_semi_live,0.0,fred_semi_live,0,16.360000610351562,seed_carry_forward,seed_carry_forward,0.0
2026-06-23,84.13764953613281,79.21082305908203,53.54999923706055,34.150001525878906,377.3200073242188,49.06999969482422,235.92999267578125,295.32000732421875,122.4000015258789,57.70880508422852,293.8699951171875,55.72999954223633,622.0499877929688,85.88280487060547,70.16999816894531,18.190000534057617,54.459999084472656,53.880001068115234,45.06999969482422,152.17999267578125,72.94999694824219,101.38999938964844,93.81048583984376,1530.5699462890625,200.4100036621093,100.31417846679688,733.5800170898438,4.261000156402588,3.690000057220459,68.77980041503906,,4.493000030517578,4.940000057220459,19.489999771118164,99.5,2.28,2.24,2.65,0.74,0.1,0.65,6736424.0,880713.0,6.484,-0.505,4.51,0.34,5849227.0,,,,,,,,,,,,2.21,216000.0,49.5,6.7686,52.7,21.059999465942383,1806000.0,0.9254511047180616,27.5428571428571,fear,yahoo_live,yahoo_live,yahoo_live,yahoo_live,yahoo_live,yahoo_live,yahoo_live,yahoo_live,yahoo_live,yahoo_live,yahoo_live,fred_live,fred_live,fred_live,fred_live,fred_live,fred_live,fred_live,fred_live,fred_live,fred_live,fred_live,fred_backfill_s288,fred_live,fred_backfill_s288,fred_live,fred_live,fred_live,ffill,cnn_api,,,,,0.0162951168652426,38.1426179648342,76.7300033569336,yahoo_live,1.0,fred_semi_live,0.0,fred_semi_live,0,16.18000030517578,seed_carry_forward,seed_carry_forward,0.0
2026-06-24,83.7280044555664,75.44361877441406,54.02000045776367,33.849998474121094,365.9200134277344,49.630001068115234,236.19000244140625,296.69000244140625,119.4499969482422,58.3077507019043,292.6300048828125,51.77999877929688,618.9199829101562,87.05846405029297,70.27999877929688,18.3700008392334,53.56999969482422,53.720001220703125,45.540000915527344,153.35000610351562,69.86000061035156,101.58399963378906,94.4184799194336,1539.6300048828125,200.4100036621093,100.32415008544922,733.239990234375,4.175999641418457,3.690000057220459,69.06269836425781,,4.401999950408936,4.855999946594238,18.6299991607666,95.58000183105467,2.29,2.19,2.71,0.74,0.1,0.56,6736424.0,880713.0,4.534,-0.516,4.5,0.3,5851177.0,,,,,,,,,,,,2.18,216000.0,49.5,6.7686,52.7,20.3700008392334,1806000.0,0.9145801862160218,25.9142857142857,fear,yahoo_live,yahoo_live,yahoo_live,yahoo_live,yahoo_live,yahoo_live,yahoo_live,yahoo_live,yahoo_live,yahoo_live,yahoo_live,fred_live,fred_live,fred_live,fred_live,fred_live,fred_live,fred_live,fred_live,fred_live,fred_live,fred_live,fred_backfill_s288,fred_live,fred_backfill_s288,fred_live,fred_live,fred_live,ffill,cnn_api,,,,,0.0162951168652426,38.1426179648342,73.11000061035156,yahoo_live,1.0,fred_semi_live,0.0,fred_semi_live,0,15.779999732971191,seed_carry_forward,seed_carry_forward,0.0
2026-06-25,83.66000366210938,76.22098541259766,54.68999862670898,34.18000030517578,369.4599914550781,49.43000030517578,237.3800048828125,298.9100036621094,117.38999938964844,59.884986877441406,294.8800048828125,52.36000061035156,636.8800048828125,87.02857971191406,71.16000366210938,18.15999984741211,54.09000015258789,53.45000076293945,45.84999847412109,155.6300048828125,71.51000213623047,101.44100189208984,94.47827911376952,1542.760009765625,200.4100036621093,100.33411407470705,734.2999877929688,4.163000106811523,3.679999828338623,67.10299682617188,,4.3919997215271,4.8580002784729,18.88999938964844,91.19000244140624,2.23,2.23,2.76,0.75,0.1,0.56,6735645.0,918696.0,5.718,-0.516,4.41,0.31,5811231.0,,,,,,,,,,,,2.21,216000.0,49.5,6.7686,52.7,20.32999992370605,1806000.0,0.9291686896477319,25.4571428571429,fear,yahoo_live,yahoo_live,yahoo_live,yahoo_live,yahoo_live,yahoo_live,yahoo_live,yahoo_live,yahoo_live,yahoo_live,yahoo_live,fred_live,fred_live,fred_live,fred_live,fred_live,fred_live,fred_live,fred_live,fred_live,fred_live,fred_live,fred_backfill_s288,fred_live,fred_backfill_s288,fred_live,fred_live,fred_live,ffill,cnn_api,,,,,0.0162951168652426,38.1426179648342,75.05999755859375,yahoo_live,1.0,fred_semi_live,0.0,fred_semi_live,0,16.110000610351562,seed_carry_forward,seed_carry_forward,0.0
2026-06-26,85.36000061035156,75.9219970703125,54.18999862670898,34.66999816894531,373.6300048828125,49.560001373291016,236.77999877929688,299.8299865722656,116.3000030517578,58.73699951171875,290.95001220703125,53.27999877929688,611.6099853515625,87.03854370117188,70.55999755859375,18.36000061035156,53.84000015258789,53.56999969482422,46.20000076293945,160.33999633789062,70.23999786376953,101.36599731445312,94.7174835205078,1535.0,200.4100036621093,100.35405731201172,728.989990234375,4.130000114440918,3.663000106811523,66.78700256347656,,4.372000217437744,4.863999843597412,18.40999984741211,89.0199966430664,2.19,2.21,2.78,0.76,0.1,0.55,6735645.0,918696.0,6.426,-0.516,4.4,0.31,5810523.0,,,,,,,,,,,,2.2,216000.0,49.5,6.7686,52.7,20.1299991607666,1806000.0,0.9145554205135401,24.7714285714286,extreme fear,yahoo_live,yahoo_live,yahoo_live,yahoo_live,yahoo_live,yahoo_live,yahoo_live,yahoo_live,yahoo_live,yahoo_live,yahoo_live,fred_live,fred_live,fred_live,fred_live,fred_live,fred_live,fred_live,fred_live,fred_live,fred_live,fred_live,fred_backfill_s288,fred_live,fred_backfill_s288,fred_live,fred_live,fred_live,ffill,cnn_api,,,,,0.0162951168652426,38.1426179648342,73.56999969482422,yahoo_live,1.0,fred_semi_live,0.0,fred_semi_live,0,15.869999885559082,seed_carry_forward,seed_carry_forward,0.0
2026-06-29,88.5,75.73999786376953,55.40999984741211,34.54999923706055,368.5799865722656,49.18000030517578,239.1300048828125,298.9700012207031,116.9499969482422,58.59999847412109,298.04998779296875,52.68000030517578,631.97998046875,87.12820434570312,70.91999816894531,18.440000534057617,53.58000183105469,53.720001220703125,46.02000045776367,160.74000549316406,70.33999633789062,101.11100006103516,94.74738311767578,1542.0400390625,200.4100036621093,100.3740005493164,741.0,4.144000053405762,3.679999828338623,68.14109802246094,,4.374000072479248,4.859999656677246,17.649999618530273,88.70999908447266,2.18,2.24,2.83,0.77,0.1,0.51,6735645.0,918696.0,3.546,-0.516,4.38,0.28,5813403.0,,,,,,,,,,,,2.22,217000.0,49.5,6.798,52.7,19.530000686645508,1821000.0,0.9037377879151449,27.0285714285714,fear,yahoo_live,yahoo_live,yahoo_live,yahoo_live,yahoo_live,yahoo_live,yahoo_live,yahoo_live,yahoo_live,yahoo_live,yahoo_live,fred_live,fred_live,fred_live,fred_live,fred_live,fred_live,fred_live,fred_live,fred_live,fred_live,fred_live,fred_backfill_s288,fred_live,fred_backfill_s288,fred_live,fred_live,fred_live,ffill,cnn_api,,,,,0.0162951168652426,38.1426179648342,73.56999969482422,yahoo_live,1.0,fred_semi_live,0.0,fred_semi_live,0,15.84000015258789,seed_carry_forward,seed_carry_forward,0.0
2026-06-30,89.8499984741211,76.97000122070312,57.02999877929688,34.5,368.3800048828125,49.38999938964844,242.4199981689453,300.45001220703125,115.9800033569336,58.91999816894531,302.9700012207031,53.470001220703125,655.8900146484375,86.10199737548828,71.25,18.46999931335449,53.11000061035156,53.61000061035156,45.34000015258789,158.66000366210938,69.94000244140625,101.1719970703125,94.25900268554688,1541.72998046875,200.4100036621093,100.3740005493164,746.77001953125,4.185999870300293,3.7319998741149902,71.95890045166016,,4.418000221252441,4.901999950408936,16.450000762939453,86.87000274658203,2.16,2.26,2.8,0.76,0.1,0.57,6735645.0,918696.0,26.9,-0.516,4.38,0.3,5790049.0,,,,,,,,,,,,2.24,217000.0,49.5,6.798,52.7,19.0,1821000.0,0.8657895138389186,31.2285714285714,fear,yahoo_live,yahoo_live,yahoo_live,yahoo_live,yahoo_live,yahoo_live,yahoo_live,yahoo_live,yahoo_live,yahoo_live,yahoo_live,fred_live,fred_live,fred_live,fred_live,fred_live,fred_live,fred_live,fred_live,fred_live,fred_live,fred_live,fred_backfill_s288,fred_live,fred_backfill_s288,fred_live,fred_live,fred_live,ffill,cnn_api,,,,,0.0162951168652426,38.1426179648342,73.3499984741211,yahoo_live,1.0,fred_semi_live,0.0,fred_semi_live,0,15.880000114440918,seed_carry_forward,seed_carry_forward,0.0
2026-07-01,91.11000061035156,75.29000091552734,56.9900016784668,34.18000030517578,370.6000061035156,49.209999084472656,243.8600006103516,299.32000732421875,114.87000274658205,57.68000030517578,298.6099853515625,53.58000183105469,620.4600219726562,85.5199966430664,70.36000061035156,18.530000686645508,52.810001373291016,54.77999877929688,44.77000045776367,159.5399932861328,68.04000091552734,101.41300201416016,94.02999877929688,1548.6099853515625,200.4100036621093,100.4000015258789,745.760009765625,4.23199987411499,3.700000047683716,68.56169891357422,,4.474999904632568,4.966000080108643,16.59000015258789,89.04000091552734,2.2,2.26,2.75,0.76,0.1,0.63,6735645.0,918696.0,1.001,-0.504,4.44,0.31,5815948.0,,,,,,,,,,,,2.23,217000.0,49.5,6.798,52.7,19.15999984741211,1821000.0,0.8658664031685083,31.9142857142857,fear,yahoo_live,yahoo_live,yahoo_live,yahoo_live,yahoo_live,yahoo_live,yahoo_live,yahoo_live,yahoo_live,yahoo_live,yahoo_live,fred_live,fred_live,fred_live,fred_live,fred_live,fred_live,fred_live,fred_live,fred_live,fred_live,fred_live,fred_backfill_s288,fred_live,fred_backfill_s288,fred_live,fred_live,fred_live,ffill,cnn_api,,,,,0.0162951168652426,38.1426179648342,71.18000030517578,yahoo_live,1.0,fred_semi_live,0.0,fred_semi_live,0,15.779999732971191,seed_carry_forward,seed_carry_forward,0.0
2026-07-02,90.66999816894533,76.6500015258789,53.9900016784668,34.43000030517578,378.1300048828125,49.560001373291016,248.19000244140625,297.5799865722656,114.93000030517578,57.150001525878906,293.4200134277344,55.02000045776367,592.2899780273438,85.51000213623047,70.80999755859375,18.489999771118164,53.220001220703125,55.619998931884766,45.7599983215332,163.74000549316406,68.5,100.8479995727539,94.12000274658205,1537.0699462890625,200.4100036621093,100.44000244140624,744.780029296875,4.230000019073486,3.6679999828338623,65.39749908447266,,4.484999656677246,4.984999656677246,16.149999618530273,88.80000305175781,2.25,2.24,2.74,0.76,0.07,0.67,6724564.0,880237.0,2.175,-0.504,4.48,0.35,5842152.0,,,,,,,,,,,,2.23,217000.0,49.5,6.798,52.7,19.040000915527344,1821000.0,0.8482142248932225,31.4285714285714,fear,yahoo_live,yahoo_live,yahoo_live,yahoo_live,yahoo_live,yahoo_live,yahoo_live,yahoo_live,yahoo_live,yahoo_live,yahoo_live,fred_live,fred_live,fred_live,fred_live,fred_live,fred_live,fred_live,fred_live,fred_live,fred_live,fred_live,fred_backfill_s288,fred_live,fred_backfill_s288,fred_live,fred_live,fred_live,ffill,cnn_api,,,,,0.0162951168652426,38.1426179648342,71.61000061035156,yahoo_live,1.0,fred_semi_live,0.0,fred_semi_live,0,15.869999885559082,seed_carry_forward,seed_carry_forward,0.0
2026-07-03,90.66999816894533,76.6500015258789,53.9900016784668,34.43000030517578,378.1300048828125,49.560001373291016,248.19000244140625,297.5799865722656,114.93000030517578,57.150001525878906,293.4200134277344,55.02000045776367,592.2899780273438,85.51000213623047,70.80999755859375,18.489999771118164,53.220001220703125,55.619998931884766,45.7599983215332,163.74000549316406,68.77999877929688,100.85700225830078,94.12000274658205,1530.1500244140625,200.4100036621093,100.44000244140624,744.780029296875,4.230000019073486,3.6679999828338623,65.39749908447266,,4.484999656677246,4.984999656677246,15.8100004196167,88.80000305175781,2.25,2.24,2.75,0.75,0.07,0.67,6724564.0,880237.0,2.175,-0.504,4.48,0.35,5842152.0,,,,,,,,,,,,2.23,217000.0,49.5,6.798,52.7,19.040000915527344,1821000.0,0.8303571249685948,31.8857142857143,fear,yahoo_live,yahoo_live,yahoo_live,yahoo_live,yahoo_live,yahoo_live,yahoo_live,yahoo_live,yahoo_live,yahoo_live,yahoo_live,fred_live,fred_live,fred_live,fred_live,fred_live,fred_live,fred_live,fred_live,fred_live,fred_live,fred_live,fred_backfill_s288,fred_live,fred_backfill_s288,fred_live,fred_live,fred_live,ffill,cnn_api,,,,,0.0162951168652426,38.1426179648342,72.12999725341797,yahoo_live,1.0,fred_semi_live,0.0,fred_semi_live,0,15.869999885559082,seed_carry_forward,seed_carry_forward,0.0
2026-07-06,92.91000366210938,78.4800033569336,54.43999862670898,34.91999816894531,382.1300048828125,49.880001068115234,250.77999877929688,298.8999938964844,116.51000213623048,57.83000183105469,297.5199890136719,56.11000061035156,604.2999877929688,85.44999694824219,71.88999938964844,18.190000534057617,53.130001068115234,56.13999938964844,45.29999923706055,161.9600067138672,68.69000244140625,100.8550033569336,94.18000030517578,1529.9300537109375,200.4100036621093,100.44000244140624,751.280029296875,4.210999965667725,3.690000057220459,65.76319885253906,,4.479000091552734,4.993000030517578,15.56999969482422,87.08999633789062,2.26,2.27,2.74,0.75,0.07,0.61,6724564.0,880237.0,2.719,-0.504,4.49,0.35,5841608.0,,,,,,,,,,,,2.24,217000.0,49.5,6.7886,52.7,18.780000686645508,1798000.0,0.8290734358649984,43.9428571428571,fear,yahoo_live,yahoo_live,yahoo_live,yahoo_live,yahoo_live,yahoo_live,yahoo_live,yahoo_live,yahoo_live,yahoo_live,yahoo_live,fred_live,fred_live,fred_live,fred_live,fred_live,fred_live,fred_live,fred_live,fred_live,fred_live,fred_live,fred_backfill_s288,fred_live,fred_backfill_s288,fred_live,fred_live,fred_live,ffill,cnn_api,,,,,0.0162951168652426,38.1426179648342,72.11000061035156,yahoo_live,1.0,fred_semi_live,0.0,fred_semi_live,0,16.100000381469727,seed_carry_forward,seed_carry_forward,0.0
2026-07-07,92.20999908447266,74.62999725341797,53.93999862670898,34.63999938964844,377.489990234375,49.33000183105469,245.1100006103516,296.19000244140625,110.7699966430664,56.43999862670898,292.1400146484375,54.459999084472656,581.4500122070312,84.55000305175781,70.77999877929688,18.09000015258789,54.63999938964844,56.04999923706055,45.70000076293945,164.44000244140625,72.36000061035156,101.12200164794922,93.6999969482422,1513.800048828125,200.4100036621093,100.45999908447266,747.7100219726562,4.256999969482422,3.724999904632568,70.25060272216797,,4.529000282287598,5.043000221252441,16.1299991607666,87.9000015258789,2.24,2.28,2.72,0.75,0.07,0.69,6724564.0,880237.0,4.484,-0.504,4.48,0.36,5839843.0,,,,,,,,,,,,2.25,217000.0,49.5,6.7886,52.7,19.01000022888184,1798000.0,0.8485007346954336,43.0,fear,yahoo_live,yahoo_live,yahoo_live,yahoo_live,yahoo_live,yahoo_live,yahoo_live,yahoo_live,yahoo_live,yahoo_live,yahoo_live,fred_live,fred_live,fred_live,fred_live,fred_live,fred_live,fred_live,fred_live,fred_live,fred_live,fred_live,fred_backfill_s288,fred_live,fred_backfill_s288,fred_live,fred_live,fred_live,ffill,cnn_api,,,,,0.0162951168652426,38.1426179648342,76.19999694824219,yahoo_live,1.0,fred_semi_live,0.0,fred_semi_live,0,16.31999969482422,seed_carry_forward,seed_carry_forward,0.0
2026-07-08,91.66000366210938,73.04000091552734,54.77000045776367,34.40999984741211,374.4500122070313,48.650001525878906,239.6300048828125,293.4800109863281,111.08999633789062,56.040000915527344,292.8699951171875,52.83000183105469,593.0,84.36000061035156,70.33999633789062,18.21999931335449,55.59999847412109,54.970001220703125,45.36000061035156,162.3000030517578,74.52999877929688,101.06600189208984,93.51000213623048,1504.9100341796875,200.4100036621093,100.47000122070312,745.4000244140625,4.308000087738037,3.723000049591065,72.4093017578125,,4.568999767303467,5.065000057220459,16.899999618530273,91.37999725341795,2.3,2.31,2.67,0.76,0.07,0.69,6724564.0,880237.0,3.347,-0.515,4.55,0.35,5840980.0,,,,,,,,,,,,2.25,217000.0,49.5,6.7886,52.7,19.459999084472656,1798000.0,0.8684481199187191,42.2285714285714,fear,yahoo_live,yahoo_live,yahoo_live,yahoo_live,yahoo_live,yahoo_live,yahoo_live,yahoo_live,yahoo_live,yahoo_live,yahoo_live,fred_live,fred_live,fred_live,fred_live,fred_live,fred_live,fred_live,fred_live,fred_live,fred_live,fred_live,fred_backfill_s288,fred_live,fred_backfill_s288,fred_live,fred_live,fred_live,ffill,cnn_api,,,,,0.0162951168652426,38.1426179648342,78.94999694824219,yahoo_live,1.0,fred_semi_live,0.0,fred_semi_live,0,16.6200008392334,seed_carry_forward,seed_carry_forward,0.0
2026-07-09,94.26000213623048,75.4000015258789,57.16999816894531,34.959999084472656,378.1799926757813,49.02000045776367,239.6199951171875,297.239990234375,113.06999969482422,56.41999816894531,297.7799987792969,54.13999938964844,607.72998046875,84.48999786376953,70.7300033569336,18.09000015258789,54.81999969482422,55.540000915527344,45.130001068115234,162.1699981689453,72.08000183105469,100.94000244140624,93.70999908447266,1503.3499755859375,200.4100036621093,100.4800033569336,751.7100219726562,4.269000053405762,3.681999921798706,68.88999938964844,,4.539000034332275,5.052999973297119,15.84000015258789,88.77999877929688,2.31,2.28,2.7,0.76,0.07,0.71,6735609.0,774062.0,5.772,-0.515,4.54,0.38,5955775.0,,,,,,,,,,,,2.23,217000.0,49.5,6.7921,52.7,18.989999771118164,1798000.0,0.8341232408374697,53.0,neutral,yahoo_live,yahoo_live,yahoo_live,yahoo_live,yahoo_live,yahoo_live,yahoo_live,yahoo_live,yahoo_live,yahoo_live,yahoo_live,fred_asof,fred_asof,fred_asof,fred_asof,fred_asof,ffill,fred_asof,fred_asof,fred_asof,fred_asof,fred_asof,fred_backfill_s288,ffill,fred_backfill_s288,ffill,fred_asof,fred_asof,ffill,argus_proxy_backfill,,,,,0.0162951168652426,38.1426179648342,76.30000305175781,yahoo_live,1.0,fred_semi_live,0.0,fred_semi_live,0,16.420000076293945,seed_carry_forward,seed_carry_forward,0.0
2026-07-10,91.87999725341795,76.54000091552734,55.63999938964844,35.93000030517578,377.010009765625,49.29999923706055,239.0599975585937,295.989990234375,114.45999908447266,56.68999862670898,298.7200012207031,53.95000076293945,611.030029296875,84.47000122070312,70.98999786376953,17.979999542236328,55.08000183105469,55.709999084472656,45.40999984741211,160.83999633789062,71.41000366210938,100.97000122070312,93.62999725341795,1505.9100341796875,200.4100036621093,100.5,754.9500122070312,4.308000087738037,3.694999933242798,69.55000305175781,,4.568999767303467,5.071000099182129,15.029999732971191,87.27999877929688,2.32,2.28,2.69,0.77,0.07,0.71,6735609.0,774062.0,0.545,-0.515,4.56,0.35,5961002.0,,,,,,,,,,,,2.24,217000.0,49.5,6.7766,52.7,18.56999969482422,1798000.0,0.8093699504561819,53.0,neutral,yahoo_live,yahoo_live,yahoo_live,yahoo_live,yahoo_live,yahoo_live,yahoo_live,yahoo_live,yahoo_live,yahoo_live,yahoo_live,fred_asof,fred_asof,fred_asof,fred_asof,fred_asof,ffill,fred_asof,fred_asof,fred_asof,fred_asof,fred_asof,fred_backfill_s288,ffill,fred_backfill_s288,ffill,fred_asof,fred_asof,ffill,argus_proxy_backfill,,,,,0.0162951168652426,38.1426179648342,76.01000213623047,yahoo_live,1.0,fred_semi_live,0.0,fred_semi_live,0,16.440000534057617,seed_carry_forward,seed_carry_forward,0.0
2026-07-13,91.83999633789062,74.3499984741211,53.20000076293945,35.38999938964844,367.1300048828125,48.790000915527344,235.0500030517578,293.4800109863281,109.4800033569336,56.22999954223633,293.0599975585937,52.15999984741211,585.6199951171875,83.97000122070312,69.76000213623047,17.530000686645508,56.7400016784668,56.06999969482422,45.720001220703125,161.41000366210938,78.16000366210938,101.2770004272461,93.29000091552734,1497.02001953125,200.4100036621093,100.5199966430664,749.1699829101562,4.36299991607666,3.7279999256134033,77.77459716796875,,4.609000205993652,5.0980000495910645,17.15999984741211,95.27999877929688,2.32,2.31,2.69,0.77,0.07,0.73,6735609.0,774062.0,0.795,-0.515,4.56,0.36,5960752.0,,,,,,,,,,,,2.26,209000.0,49.5,6.7766,52.7,19.63999938964844,1796000.0,0.8737271069599191,43.6857142857143,fear,yahoo_live,yahoo_live,yahoo_live,yahoo_live,yahoo_live,yahoo_live,yahoo_live,yahoo_live,yahoo_live,yahoo_live,yahoo_live,fred_live,fred_live,fred_live,fred_live,fred_live,fred_live,fred_live,fred_live,fred_live,fred_live,fred_live,fred_backfill_s288,fred_live,fred_backfill_s288,fred_live,fred_live,fred_live,ffill,cnn_api,,,,,0.0162951168652426,38.1426179648342,83.27999877929688,yahoo_live,1.0,fred_semi_live,0.0,fred_semi_live,0,16.899999618530273,seed_carry_forward,seed_carry_forward,0.0
2026-07-14,94.7300033569336,78.72000122070312,54.0099983215332,36.02999877929688,372.1499938964844,48.72999954223633,235.2700042724609,294.510009765625,111.37000274658205,56.709999084472656,296.3099975585937,53.16999816894531,600.3099975585938,84.08000183105469,70.5999984741211,17.670000076293945,56.95000076293945,56.18000030517578,45.68999862670898,158.2899932861328,79.91000366210938,100.94100189208984,93.5500030517578,1497.699951171875,200.4100036621093,100.5199966430664,751.8300170898438,4.321000099182129,3.700000047683716,75.03260040283203,,4.585000038146973,5.093999862670898,16.5,93.52999877929688,2.36,2.28,2.69,0.78,0.07,0.74,6735609.0,774062.0,0.278,-0.515,4.62,0.4,5961269.0,,,,,,,,,,,,2.25,209000.0,49.5,6.7766,52.7,19.299999237060547,1796000.0,0.8549223135882882,43.1428571428572,fear,yahoo_live,yahoo_live,yahoo_live,yahoo_live,yahoo_live,yahoo_live,yahoo_live,yahoo_live,yahoo_live,yahoo_live,yahoo_live,fred_live,fred_live,fred_live,fred_live,fred_live,fred_live,fred_live,fred_live,fred_live,fred_live,fred_live,fred_backfill_s288,fred_live,fred_backfill_s288,fred_live,fred_live,fred_live,ffill,cnn_api,,,,,0.0162951168652426,38.1426179648342,85.43000030517578,yahoo_live,1.0,fred_semi_live,0.0,fred_semi_live,0,17.079999923706055,seed_carry_forward,seed_carry_forward,0.0
2026-07-15,93.08999633789062,77.26000213623047,53.790000915527344,35.880001068115234,372.3500061035156,48.720001220703125,236.4199981689453,295.7699890136719,109.37999725341795,56.63999938964844,295.5599975585937,52.209999084472656,590.77001953125,84.23999786376953,70.81999969482422,17.34000015258789,56.5,56.560001373291016,45.220001220703125,158.2899932861328,80.30999755859375,100.49500274658205,93.77999877929688,1487.8800048828125,200.4100036621093,100.54000091552734,754.8099975585938,4.255000114440918,3.688000202178955,68.47799682617188,,4.545000076293945,5.083000183105469,15.670000076293944,91.8499984741211,2.33,2.25,2.72,0.79,0.07,0.72,6735609.0,774062.0,0.278,-0.538,4.55,0.42,5961269.0,,,,,,,,,,,,2.23,209000.0,49.5,,52.7,18.90999984741211,1796000.0,0.8286620942748675,46.2857142857143,neutral,yahoo_live,yahoo_live,yahoo_live,yahoo_live,yahoo_live,yahoo_live,yahoo_live,yahoo_live,yahoo_live,yahoo_live,yahoo_live,fred_live,fred_live,ffill,fred_live,fred_live,ffill,fred_live,fred_live,fred_live,ffill,ffill,fred_backfill_s288,fred_live,fred_backfill_s288,fred_live,ffill,ffill,ffill,cnn_api,,,,,0.0162951168652426,38.1426179648342,85.58999633789062,yahoo_live,1.0,fred_semi_live,0.0,fred_semi_live,0,17.170000076293945,seed_carry_forward,seed_carry_forward,0.0
2026-07-16,91.88999938964844,74.68000030517578,53.0099983215332,35.33000183105469,364.9599914550781,48.68999862670898,230.88999938964844,295.5899963378906,104.66999816894533,56.77999877929688,290.67999267578125,50.38999938964844,568.9199829101562,84.20999908447266,70.02999877929688,17.459999084472656,57.02000045776367,56.75,45.470001220703125,161.8000030517578,78.91999816894531,100.70800018310548,93.72000122070312,1486.199951171875,200.4100036621093,100.5500030517578,750.719970703125,4.2820000648498535,3.697000026702881,68.15950012207031,,4.568999767303467,5.0980000495910645,16.729999542236328,97.30999755859376,2.32,2.24,2.71,0.79,0.07,0.73,6743028.0,756218.0,0.125,-0.538,4.55,0.41,5986685.0,,,,,,,,,,,,2.22,209000.0,49.5,6.7766,52.7,19.5,1796000.0,0.8579486944736578,41.6857142857143,fear,yahoo_live,yahoo_live,yahoo_live,yahoo_live,yahoo_live,yahoo_live,yahoo_live,yahoo_live,yahoo_live,yahoo_live,yahoo_live,fred_live,fred_live,fred_live,fred_live,fred_live,fred_live,fred_live,fred_live,fred_live,fred_live,fred_live,fred_backfill_s288,fred_live,fred_backfill_s288,fred_live,fred_live,fred_live,ffill,cnn_api,,,,,0.0162951168652426,38.1426179648342,84.88999938964844,yahoo_live,1.0,fred_semi_live,0.0,fred_semi_live,0,16.959999084472656,seed_carry_forward,seed_carry_forward,0.0
2026-07-17,92.36000061035156,73.3499984741211,50.31999969482422,35.22999954223633,368.4100036621094,48.90999984741211,230.72999572753903,294.0400085449219,104.1999969482422,56.29999923706055,286.3099975585937,50.77999877929688,556.530029296875,84.5199966430664,69.69999694824219,17.34000015258789,57.68000030517578,56.2599983215332,45.16999816894531,161.08999633789062,81.7699966430664,100.75499725341795,93.83999633789062,1487.4599609375,200.4100036621093,100.58000183105467,743.2899780273438,4.2729997634887695,3.7070000171661377,70.87770080566406,,4.540999889373779,5.064000129699707,18.770000457763672,104.87000274658205,2.35,2.27,2.71,0.78,0.07,0.7,6743028.0,756218.0,0.1,-0.538,4.57,0.37,5986710.0,,,,,,,,,,,,2.24,209000.0,49.5,6.7766,52.7,20.540000915527344,1796000.0,0.9138266612040106,37.0571428571429,fear,yahoo_live,yahoo_live,yahoo_live,yahoo_live,yahoo_live,yahoo_live,yahoo_live,yahoo_live,yahoo_live,yahoo_live,yahoo_live,fred_live,fred_live,fred_live,fred_live,fred_live,fred_live,fred_live,fred_live,fred_live,fred_live,fred_live,fred_backfill_s288,fred_live,fred_backfill_s288,fred_live,fred_live,fred_live,ffill,cnn_api,,,,,0.0162951168652426,38.1426179648342,88.08999633789062,yahoo_live,1.0,fred_semi_live,0.0,fred_semi_live,0,17.25,seed_carry_forward,seed_carry_forward,1.0
2026-07-20,91.79000091552734,73.86000061035156,50.43000030517578,35.47999954223633,367.6000061035156,48.54999923706055,229.2700042724609,292.3099975585937,105.06999969482422,55.70000076293945,286.5799865722656,50.97999954223633,558.8300170898438,83.88999938964844,69.2300033569336,16.84000015258789,57.93999862670898,56.040000915527344,44.93999862670898,159.25,82.69000244140625,100.9990005493164,93.54000091552734,1487.3900146484375,200.4100036621093,100.58999633789062,742.0900268554688,4.328000068664551,3.704999923706055,72.6592025756836,,4.5980000495910645,5.118000030517578,18.64999961853028,102.81999969482422,2.31,2.28,2.73,0.79,0.07,0.74,6743028.0,756218.0,0.03,-0.538,4.55,0.39,5986780.0,,,,,,,,,,,,2.25,189000.0,49.5,6.776,52.7,20.540000915527344,1796000.0,0.9079843615991124,37.5142857142857,fear,yahoo_live,yahoo_live,yahoo_live,yahoo_live,yahoo_live,yahoo_live,yahoo_live,yahoo_live,yahoo_live,yahoo_live,yahoo_live,fred_live,fred_live,fred_live,fred_live,fred_live,fred_live,fred_live,fred_live,fred_live,fred_live,fred_live,fred_backfill_s288,fred_live,fred_backfill_s288,fred_live,fred_live,fred_live,ffill,cnn_api,,,,,0.0162951168652426,38.1426179648342,89.13999938964844,yahoo_live,1.0,fred_semi_live,0.0,fred_semi_live,0,17.3799991607666,seed_carry_forward,seed_carry_forward,1.0
2026-07-21,90.58000183105467,78.23999786376953,52.34999847412109,35.619998931884766,374.80999755859375,48.77999877929688,229.7400054931641,296.5400085449219,109.08000183105467,56.20000076293945,291.8999938964844,53.08000183105469,584.0800170898438,83.66000366210938,70.47000122070312,16.93000030517578,58.5,56.11000061035156,44.91999816894531,160.25,84.68000030517578,101.19200134277344,93.30999755859376,1475.010009765625,200.4100036621093,100.5999984741211,748.280029296875,4.369999885559082,3.7300000190734863,74.67070007324219,,4.627999782562256,5.130000114440918,17.049999237060547,96.33999633789062,2.35,2.28,2.69,0.78,0.07,0.76,6743028.0,756218.0,0.275,-0.538,4.6,0.37,5986535.0,,,,,,,,,,,,2.26,189000.0,49.5,6.776,52.7,20.540000915527344,1796000.0,0.830087559741611,41.0285714285714,fear,yahoo_live,yahoo_live,yahoo_live,yahoo_live,yahoo_live,yahoo_live,yahoo_live,yahoo_live,yahoo_live,yahoo_live,yahoo_live,fred_live,fred_live,fred_live,fred_live,fred_live,fred_live,fred_live,fred_live,fred_live,fred_live,fred_live,fred_backfill_s288,fred_live,fred_backfill_s288,fred_live,fred_live,fred_live,ffill,cnn_api,,,,,0.0162951168652426,38.1426179648342,91.58999633789062,yahoo_live,1.0,fred_semi_live,0.0,fred_semi_live,0,17.649999618530273,seed_carry_forward,seed_carry_forward,0.0
2026-07-22,89.33000183105469,79.98999786376953,51.45000076293945,36.619998931884766,379.1199951171875,48.220001220703125,231.1100006103516,293.7900085449219,111.38999938964844,56.59999847412109,290.4200134277344,53.91999816894531,586.9099731445312,83.44000244140625,70.48999786376953,16.479999542236328,59.20000076293945,56.04999923706055,45.93000030517578,159.42999267578125,87.9800033569336,101.04299926757812,93.0999984741211,1479.719970703125,200.4100036621093,100.5999984741211,747.4099731445312,4.4070000648498535,3.745000123977661,76.30500030517578,,4.6570000648498535,5.147000312805176,16.639999389648438,95.5500030517578,2.37,2.3,2.69,0.78,0.07,0.78,6743028.0,756218.0,0.376,-0.552,4.63,0.36,5986434.0,,,,,,,,,,,,2.28,189000.0,49.5,6.776,52.7,20.540000915527344,1796000.0,0.8101265164535277,42.8285714285714,fear,yahoo_live,yahoo_live,yahoo_live,yahoo_live,yahoo_live,yahoo_live,yahoo_live,yahoo_live,yahoo_live,yahoo_live,yahoo_live,fred_live,fred_live,fred_live,fred_live,fred_live,fred_live,fred_live,fred_live,fred_live,fred_live,fred_live,fred_backfill_s288,fred_live,fred_backfill_s288,fred_live,fred_live,fred_live,ffill,cnn_api,,,,,0.0162951168652426,38.1426179648342,95.70999908447266,yahoo_live,1.0,fred_semi_live,0.0,fred_semi_live,0,17.809999465942383,seed_carry_forward,seed_carry_forward,0.0
2026-07-23,87.72000122070312,78.37000274658203,50.400001525878906,36.16999816894531,371.5199890136719,47.630001068115234,238.22999572753903,292.0899963378906,111.41000366210938,57.5099983215332,284.9800109863281,52.060001373291016,580.1699829101562,83.16999816894531,69.77999877929688,16.65999984741211,59.380001068115234,55.83000183105469,46.18999862670898,161.44000244140625,92.29000091552734,101.46099853515624,92.8499984741211,1475.6300048828125,200.4100036621093,100.61000061035156,738.1799926757812,4.460999965667725,3.799999952316284,80.07830047607422,,4.703000068664551,5.171000003814697,18.700000762939453,102.16999816894533,2.39,2.29,2.68,0.78,0.07,0.76,6747378.0,829623.0,0.904,-0.552,4.67,0.34,5916851.0,,,,,,,,,,,,2.28,189000.0,49.5,6.776,52.7,20.540000915527344,1796000.0,0.9104186917929039,39.6,fear,yahoo_live,yahoo_live,yahoo_live,yahoo_live,yahoo_live,yahoo_live,yahoo_live,yahoo_live,yahoo_live,yahoo_live,yahoo_live,fred_live,fred_live,fred_live,fred_live,fred_live,fred_live,fred_live,fred_live,fred_live,fred_live,fred_live,fred_backfill_s288,fred_live,fred_backfill_s288,fred_live,fred_live,fred_live,ffill,cnn_api,,,,,0.0162951168652426,38.1426179648342,100.55999755859376,yahoo_live,1.0,fred_semi_live,0.0,fred_semi_live,0,18.059999465942383,seed_carry_forward,seed_carry_forward,0.0
2026-07-24,88.4000015258789,77.72000122070312,49.880001068115234,35.72999954223633,371.8999938964844,48.02000045776367,240.13999938964844,291.1700134277344,108.0999984741211,57.68999862670898,281.67999267578125,52.59000015258789,561.1900024414062,83.25,69.70999908447266,16.459999084472656,59.619998931884766,56.310001373291016,46.290000915527344,162.57000732421875,90.47000122070312,101.46499633789062,93.02999877929688,1459.4200439453125,200.4100036621093,100.63999938964844,738.9299926757812,4.425999641418457,3.804999828338623,76.81749725341797,,4.678999900817871,5.161999702453613,18.57999992370605,100.7300033569336,2.43,2.24,2.77,0.79,0.07,0.73,6747378.0,829623.0,0.675,-0.552,4.71,0.36,5917080.0,,,,,,,,,,,,2.26,189000.0,49.5,6.776,52.7,20.51000022888184,1796000.0,0.9058995473604142,39.4285714285714,fear,yahoo_live,yahoo_live,yahoo_live,yahoo_live,yahoo_live,yahoo_live,yahoo_live,yahoo_live,yahoo_live,yahoo_live,yahoo_live,fred_live,fred_live,fred_live,fred_live,fred_live,fred_live,fred_live,fred_live,fred_live,fred_live,fred_live,fred_backfill_s288,fred_live,fred_backfill_s288,fred_live,fred_live,fred_live,ffill,cnn_api,,,,,0.0162951168652426,38.1426179648342,98.37999725341795,yahoo_live,1.0,fred_semi_live,0.0,fred_semi_live,0,17.950000762939453,seed_carry_forward,seed_carry_forward,0.0
2026-07-27,89.0999984741211,77.9000015258789,51.09000015258789,35.869998931884766,374.6300048828125,48.88999938964844,243.9100036621093,292.9100036621094,109.76000213623048,57.47999954223633,280.8599853515625,52.93000030517578,548.5499877929688,83.75,70.0,16.34000015258789,58.36000061035156,56.880001068115234,45.68000030517578,163.39999389648438,82.61000061035156,101.51000213623048,93.27999877929688,1458.010009765625,200.4100036621093,100.6500015258789,739.0900268554688,4.396999835968018,3.796999931335449,,,4.640999794006348,5.125,18.670000076293945,100.91000366210938,2.44,2.16,2.81,0.81,0.07,0.71,6747378.0,829623.0,1.126,-0.554,4.65,0.35,5916629.0,,,,,,,,,,,,2.2,198000.0,49.5,6.7719,52.7,,1796000.0,,39.5428571428571,fear,yahoo_live,ffill,yahoo_live,yahoo_live,yahoo_live,yahoo_live,yahoo_live,yahoo_live,yahoo_live,yahoo_live,ffill,fred_live,fred_live,fred_live,fred_live,fred_live,fred_live,fred_live,fred_live,fred_live,fred_live,fred_live,fred_backfill_s288,fred_live,fred_backfill_s288,fred_live,fred_live,fred_live,ffill,cnn_api,,,,,0.0162951168652426,38.1426179648342,88.36000061035156,yahoo_live,1.0,fred_semi_live,0.0,fred_semi_live,0,17.34000015258789,seed_carry_forward,seed_carry_forward,0.0
2026-07-29,88.79000091552734,76.13999938964844,49.91999816894531,35.470001220703125,371.0799865722656,49.16999816894531,236.259994506836,288.57000732421875,102.6999969482422,54.9900016784668,272.510009765625,51.77000045776367,504.2200012207031,82.8499984741211,68.94999694824219,16.540000915527344,58.650001525878906,56.68000030517578,44.90999984741211,166.24000549316406,84.19000244140625,100.79199981689452,93.16999816894533,1453.1600341796875,200.4100036621093,100.68000030517578,729.4600219726562,4.352000236511231,3.658000230789185,74.18099975585938,,4.622000217437744,5.14300012588501,20.65999984741211,109.47000122070312,2.41,2.24,2.84,0.81,0.07,0.84,6747378.0,829623.0,2.576,-0.554,4.61,0.45,5915179.0,,,,,,,,,,,,2.26,198000.0,49.5,6.7719,52.7,21.5,1796000.0,0.9609302254610284,32.2530612244898,fear,yahoo_live,yahoo_live,yahoo_live,yahoo_live,yahoo_live,yahoo_live,yahoo_live,yahoo_live,yahoo_live,yahoo_live,yahoo_live,fred_live,fred_live,fred_live,fred_live,fred_live,fred_live,fred_live,fred_live,fred_live,fred_live,fred_live,fred_backfill_s288,fred_live,fred_backfill_s288,fred_live,fred_live,fred_live,ffill,cnn_api,,,,,0.0162951168652426,38.1426179648342,90.0199966430664,yahoo_live,1.0,fred_semi_live,0.0,fred_semi_live,0,17.56999969482422,seed_carry_forward,seed_carry_forward,1.0
2026-07-30,90.0199966430664,79.5,49.650001525878906,36.52999877929688,377.1600036621094,49.70000076293945,238.1300048828125,292.5899963378906,108.36000061035156,56.09999847412109,281.3500061035156,53.5,538.9000244140625,82.80000305175781,71.08999633789062,17.3700008392334,58.959999084472656,57.0,44.65999984741211,163.52000427246094,84.08000183105469,100.072998046875,93.20999908447266,1442.280029296875,200.4100036621093,100.69000244140624,741.6900024414062,4.375,3.674999952316284,77.09329986572266,,4.663000106811523,5.208000183105469,17.09000015258789,94.66000366210938,2.41,2.24,2.87,0.81,0.07,0.86,6738190.0,910776.0,1.076,-0.554,4.67,0.45,5826338.0,,,,,,,,,,,,2.27,198000.0,49.5,6.7719,52.7,19.5,1782000.0,0.8764102642352765,38.9142857142857,fear,yahoo_live,yahoo_live,yahoo_live,yahoo_live,yahoo_live,yahoo_live,yahoo_live,yahoo_live,yahoo_live,yahoo_live,yahoo_live,fred_live,fred_live,fred_live,fred_live,fred_live,fred_live,fred_live,fred_live,fred_live,fred_live,fred_live,fred_backfill_s288,fred_live,fred_backfill_s288,fred_live,fred_live,fred_live,ffill,cnn_api,,,,,0.0162951168652426,38.1426179648342,89.37999725341797,yahoo_live,1.0,fred_semi_live,0.0,fred_semi_live,0,17.5,seed_carry_forward,seed_carry_forward,0.0
2026-07-31,91.83000183105467,78.86000061035156,50.29999923706055,36.650001525878906,371.5400085449219,49.79999923706055,239.6600036621093,291.20001220703125,106.83000183105467,56.36000061035156,283.2900085449219,52.36000061035156,540.530029296875,82.25,70.62000274658203,16.979999542236328,59.54999923706055,56.93999862670898,44.34999847412109,162.5500030517578,86.80000305175781,99.8030014038086,92.9499969482422,1442.0699462890625,200.4100036621093,100.70999908447266,747.030029296875,4.460000038146973,3.681999921798706,83.02439880371094,,4.744999885559082,5.275000095367432,15.989999771118164,91.63999938964844,2.41,2.26,2.84,0.8,0.07,0.92,6738190.0,910776.0,2.151,-0.554,4.68,0.47,5825263.0,,,,,,,,,,,,2.28,198000.0,49.5,6.7719,52.7,19.020000457763672,1782000.0,0.8406939740420086,42.4571428571429,fear,yahoo_live,yahoo_live,yahoo_live,yahoo_live,yahoo_live,yahoo_live,yahoo_live,yahoo_live,yahoo_live,yahoo_live,yahoo_live,fred_live,fred_live,fred_live,fred_live,fred_live,fred_live,fred_live,fred_live,fred_live,fred_live,fred_live,fred_backfill_s288,fred_live,fred_backfill_s288,fred_live,fred_live,fred_live,ffill,cnn_api,,,,,0.0162951168652426,38.1426179648342,90.12000274658205,yahoo_live,1.0,fred_semi_live,0.0,fred_semi_live,0,17.559999465942383,seed_carry_forward,seed_carry_forward,0.0
2026-08-03,93.91000366210938,79.36000061035156,50.18999862670898,36.41999816894531,371.7099914550781,50.15999984741211,246.0800018310547,296.2200012207031,111.52999877929688,57.540000915527344,288.2699890136719,52.459999084472656,545.4600219726562,82.19000244140625,71.04000091552734,17.5,58.790000915527344,57.380001068115234,44.36000061035156,162.24000549316406,80.55999755859375,99.98899841308594,92.81999969482422,1435.699951171875,200.4100036621093,100.41999816894533,757.6699829101562,4.400000095367432,3.700000047683716,80.48390197753906,,4.685999870300293,5.230999946594238,15.859999656677246,90.80999755859376,2.47,2.23,2.84,0.8,0.07,0.79,6738190.0,910776.0,2.127,-0.554,4.75,0.45,5825287.0,,,,,,,,,,,,2.27,199000.0,49.5,6.7509,52.7,18.93000030517578,1782000.0,0.8378235288427784,45.8285714285714,neutral,yahoo_live,yahoo_live,yahoo_live,yahoo_live,yahoo_live,yahoo_live,yahoo_live,yahoo_live,yahoo_live,yahoo_live,yahoo_live,fred_live,fred_live,fred_live,fred_live,fred_live,fred_live,fred_live,fred_live,fred_live,fred_live,fred_live,fred_backfill_s288,fred_live,fred_backfill_s288,fred_live,fred_live,fred_live,ffill,cnn_api,,,,,0.0162951168652426,38.1426179648342,84.13999938964844,yahoo_live,1.0,fred_semi_live,0.0,fred_semi_live,0,17.25,seed_carry_forward,seed_carry_forward,0.0
2026-08-04,97.94000244140624,83.98999786376953,51.68999862670898,36.09000015258789,374.1600036621094,50.52999877929688,250.6499938964844,301.7099914550781,113.87999725341795,58.58000183105469,298.0299987792969,53.84000015258789,575.7100219726562,82.81999969482422,72.22000122070312,17.65999984741211,58.52000045776367,57.880001068115234,44.11000061035156,162.10000610351562,75.08999633789062,99.86399841308594,93.25,1428.5,200.4100036621093,100.43000030517578,771.3300170898438,4.333000183105469,3.7300000190734863,77.55650329589844,,4.626999855041504,5.190000057220459,16.5,92.56999969482422,2.43,2.19,2.78,0.78,0.07,0.74,6738190.0,910776.0,2.251,-0.554,4.7,0.43,5825163.0,,,,,,,,,,,,2.23,199000.0,49.5,6.7509,52.7,19.34000015258789,1782000.0,0.8531540780671675,58.1142857142857,greed,yahoo_live,yahoo_live,yahoo_live,yahoo_live,yahoo_live,yahoo_live,yahoo_live,yahoo_live,yahoo_live,yahoo_live,yahoo_live,fred_live,fred_live,fred_live,fred_live,fred_live,fred_live,fred_live,fred_live,fred_live,fred_live,fred_live,fred_backfill_s288,fred_live,fred_backfill_s288,fred_live,fred_live,fred_live,ffill,cnn_api,,,,,0.0162951168652426,38.1426179648342,78.7300033569336,yahoo_live,1.0,fred_semi_live,0.0,fred_semi_live,0,16.899999618530273,seed_carry_forward,seed_carry_forward,0.0
2026-08-05,97.56999969482422,86.72000122070312,52.02000045776367,36.11000061035156,389.6400146484375,50.310001373291016,252.27999877929688,299.7699890136719,113.87999725341795,58.650001525878906,295.3500061035156,56.06999969482422,569.7000122070312,83.0,72.3499984741211,17.520000457763672,57.310001373291016,58.0,43.65999984741211,164.16000366210938,74.91000366210938,99.65499877929688,93.30999755859376,1428.4300537109375,200.4100036621093,100.4499969482422,769.7899780273438,4.324000358581543,3.724999904632568,73.58090209960938,,4.616999626159668,5.174000263214111,15.8100004196167,90.43000030517578,2.4,2.18,2.73,0.78,0.07,0.74,6738190.0,910776.0,1.65,-0.529,4.63,0.45,5825764.0,,,,,,,,,,,,2.22,199000.0,49.5,6.7509,52.7,18.950000762939453,1782000.0,0.8343007801105919,59.6571428571429,greed,yahoo_live,yahoo_live,yahoo_live,yahoo_live,yahoo_live,yahoo_live,yahoo_live,yahoo_live,yahoo_live,yahoo_live,yahoo_live,fred_live,fred_live,fred_live,fred_live,fred_live,fred_live,fred_live,fred_live,fred_live,fred_live,fred_live,fred_backfill_s288,fred_live,fred_backfill_s288,fred_live,fred_live,fred_live,ffill,cnn_api,,,,,0.0162951168652426,38.1426179648342,79.23999786376953,yahoo_live,1.0,fred_semi_live,0.0,fred_semi_live,0,16.979999542236328,seed_carry_forward,seed_carry_forward,0.0
2026-08-06,96.38999938964844,86.08999633789062,52.18000030517578,35.810001373291016,389.6700134277344,50.119998931884766,249.9900054931641,298.25,113.87000274658205,58.34999847412109,294.260009765625,55.84999847412109,571.47998046875,82.5199966430664,72.12000274658203,17.44499969482422,58.15999984741211,57.810001373291016,43.380001068115234,164.4499969482422,77.81999969482422,99.96299743652344,92.9499969482422,1421.1600341796875,200.4100036621093,100.45999908447266,768.5599975585938,4.388999938964844,3.7319998741149902,76.11689758300781,,4.670000076293945,5.213000297546387,15.149999618530272,88.72000122070312,2.41,2.23,2.75,0.78,0.07,0.79,6748567.0,907324.0,1.429,-0.529,4.63,0.44,5839814.0,,,,,,,,,,,,2.26,199000.0,49.5,6.7509,52.7,18.690000534057617,1801000.0,0.8105938569088522,59.7142857142857,greed,yahoo_live,yahoo_live,yahoo_live,yahoo_live,yahoo_live,yahoo_live,yahoo_live,yahoo_live,yahoo_live,yahoo_live,yahoo_live,fred_live,fred_live,fred_live,fred_live,fred_live,fred_live,fred_live,fred_live,fred_live,fred_live,fred_live,fred_backfill_s288,fred_live,fred_backfill_s288,fred_live,fred_live,fred_live,ffill,cnn_api,,,,,0.0162951168652426,38.1426179648342,83.16999816894531,yahoo_live,1.0,fred_semi_live,0.0,fred_semi_live,0,17.229999542236328,seed_carry_forward,seed_carry_forward,0.0
2026-08-07,97.8499984741211,88.02999877929688,53.08000183105469,35.34000015258789,398.4700012207031,50.3650016784668,250.75,301.5599975585937,117.81999969482422,58.68999862670898,297.70001220703125,57.5,582.7000122070312,82.76000213623047,72.88999938964844,17.440000534057617,57.5,57.59999847412109,43.61000061035156,165.67999267578125,77.08000183105469,99.60399627685548,93.16999816894533,1407.449951171875,200.4100036621093,100.4800033569336,773.260009765625,4.361999988555908,3.7099997997283936,72.03019714355469,,4.659999847412109,5.210999965667725,14.899999618530272,90.41999816894533,2.43,2.22,2.71,0.78,-0.03,0.78,6748567.0,907324.0,1.45,-0.529,4.69,0.46,5839793.0,,,,,,,,,,,,2.25,199000.0,49.5,6.7509,52.7,18.71999931335449,1801000.0,0.7959401797574265,63.6857142857143,greed,yahoo_live,yahoo_live,yahoo_live,yahoo_live,yahoo_live,yahoo_live,yahoo_live,yahoo_live,yahoo_live,yahoo_live,yahoo_live,fred_live,fred_live,fred_live,fred_live,fred_live,fred_live,fred_live,fred_live,fred_live,fred_live,fred_live,fred_backfill_s288,fred_live,fred_backfill_s288,fred_live,fred_live,fred_live,ffill,cnn_api,,,,,0.0162951168652426,38.1426179648342,82.2699966430664,yahoo_live,1.0,fred_semi_live,0.0,fred_semi_live,0,17.25,seed_carry_forward,seed_carry_forward,0.0
2026-08-10,100.5999984741211,89.51000213623047,52.869998931884766,35.189998626708984,402.5400085449219,50.13999938964844,251.1300048828125,299.9800109863281,116.98999786376952,58.29999923706055,296.8500061035156,59.40999984741211,569.4099731445312,82.05999755859375,72.5,17.639999389648438,60.18000030517578,57.810001373291016,43.130001068115234,168.44000244140625,82.0999984741211,99.8030014038086,92.76000213623048,1407.0,200.4100036621093,100.5,773.030029296875,4.404999732971191,3.7179999351501465,75.45559692382812,,4.699000358581543,5.243000030517578,15.460000038146973,92.51000213623048,2.4,2.25,2.7,0.78,-0.03,0.83,6748567.0,907324.0,0.975,-0.529,4.65,0.47,5840268.0,,,,,,,,,,,,2.29,199000.0,49.5,6.7474,52.7,18.979999542236328,1801000.0,0.8145416444159402,64.4,greed,yahoo_live,yahoo_live,yahoo_live,yahoo_live,yahoo_live,yahoo_live,yahoo_live,yahoo_live,yahoo_live,yahoo_live,yahoo_live,fred_live,fred_live,fred_live,fred_live,fred_live,fred_live,fred_live,fred_live,fred_live,fred_live,fred_live,fred_backfill_s288,fred_live,fred_backfill_s288,fred_live,fred_live,fred_live,ffill,cnn_api,,,,,0.0162951168652426,38.1426179648342,87.62000274658203,yahoo_live,1.0,fred_semi_live,0.0,fred_semi_live,0,17.829999923706055,seed_carry_forward,seed_carry_forward,0.0
2026-08-11,99.91999816894533,88.58999633789062,51.83000183105469,33.97999954223633,400.9599914550781,50.09000015258789,251.8999938964844,300.989990234375,119.18000030517578,58.70000076293945,295.8299865722656,58.54999923706055,572.9299926757812,82.19000244140625,72.69000244140625,17.549999237060547,60.93000030517578,57.79999923706055,43.630001068115234,168.00999450683594,83.45999908447266,99.81300354003906,92.87000274658205,1417.31005859375,200.4100036621093,100.51000213623048,770.5599975585938,4.384999752044678,3.7300000190734863,77.91529846191406,,4.684000015258789,5.236000061035156,15.279999732971191,90.9000015258789,2.43,2.23,2.7,0.78,-0.03,0.81,6748567.0,907324.0,1.25,-0.529,4.72,0.48,5839993.0,,,,,,,,,,,,2.27,199000.0,49.5,6.7474,52.7,18.90999984741211,1801000.0,0.8080380674916984,60.8,greed,yahoo_live,yahoo_live,yahoo_live,yahoo_live,yahoo_live,yahoo_live,yahoo_live,yahoo_live,yahoo_live,yahoo_live,yahoo_live,fred_live,fred_live,fred_live,fred_live,fred_live,fred_live,fred_live,fred_live,fred_live,fred_live,fred_live,fred_live,fred_live,fred_live,fred_live,fred_live,fred_live,ffill,cnn_api,,,,,0.0162951168652426,38.1426179648342,89.22000122070312,yahoo_live,1.0,fred_semi_live,0.0,fred_semi_live,0,17.90999984741211,seed_carry_forward,seed_carry_forward,0.0
2026-08-12,100.38999938964844,88.30000305175781,51.900001525878906,33.86000061035156,404.9200134277344,49.95000076293945,251.6199951171875,302.7099914550781,118.5199966430664,58.4900016784668,297.9800109863281,59.060001373291016,584.8300170898438,82.11000061035156,73.30000305175781,17.799999237060547,61.029998779296875,57.91999816894531,43.84000015258789,168.44000244140625,83.2699966430664,100.01000213623047,92.95999908447266,1412.1800537109375,200.4100036621093,100.5199966430664,772.489990234375,4.375,3.7070000171661377,72.08869934082031,,4.682000160217285,5.247000217437744,14.550000190734863,88.5,2.43,2.24,2.72,0.79,-0.03,0.81,6748567.0,907324.0,0.725,-0.549,4.7,0.48,5840518.0,,,,,,,,,,,,2.26,199000.0,49.5,6.7474,52.7,18.530000686645508,1801000.0,0.7852131490324761,62.0,greed,yahoo_live,yahoo_live,yahoo_live,yahoo_live,yahoo_live,yahoo_live,yahoo_live,yahoo_live,yahoo_live,yahoo_live,yahoo_live,fred_live,fred_live,fred_live,fred_live,fred_live,fred_live,fred_live,fred_live,fred_live,fred_live,fred_live,fred_live,fred_live,fred_live,fred_live,fred_live,fred_live,ffill,cnn_api,,,,,0.0162951168652426,38.1426179648342,88.9800033569336,yahoo_live,1.0,fred_semi_live,0.0,fred_semi_live,0,17.969999313354492,seed_carry_forward,seed_carry_forward,0.0
