Date,LME_Cu_stock,LME_Cu_cash,LME_Cu_3mo,LME_Cu_spread,LME_Cu_source
2008-01-02,198925.0,6666.0,6706.0,-40.0,WESTMETALL_LME
2008-01-03,198175.0,6765.0,6818.0,-53.0,WESTMETALL_LME
2008-01-04,198600.0,6990.5,7035.0,-44.5,WESTMETALL_LME
2008-01-07,201000.0,6915.5,6950.5,-35.0,WESTMETALL_LME
2008-01-08,200975.0,7106.0,7140.5,-34.5,WESTMETALL_LME
2008-01-09,200750.0,7351.0,7370.5,-19.5,WESTMETALL_LME
2008-01-10,199650.0,7120.5,7135.0,-14.5,WESTMETALL_LME
2008-01-11,199275.0,7196.0,7220.0,-24.0,WESTMETALL_LME
2008-01-14,198600.0,7361.0,7390.5,-29.5,WESTMETALL_LME
2008-01-15,194100.0,7225.5,7251.0,-25.5,WESTMETALL_LME
2008-01-16,191050.0,7020.0,7022.0,-2.0,WESTMETALL_LME
2008-01-17,185550.0,7121.5,7125.5,-4.0,WESTMETALL_LME
2008-01-18,183225.0,7062.0,7055.0,7.0,WESTMETALL_LME
2008-01-21,180900.0,6910.0,6895.0,15.0,WESTMETALL_LME
2008-01-22,178850.0,6920.0,6850.0,70.0,WESTMETALL_LME
2008-01-23,176175.0,7000.5,6980.0,20.5,WESTMETALL_LME
2008-01-24,174300.0,7092.0,7070.0,22.0,WESTMETALL_LME
2008-01-25,172775.0,7120.0,7126.0,-6.0,WESTMETALL_LME
2008-01-28,171675.0,6893.0,6910.0,-17.0,WESTMETALL_LME
2008-01-29,171275.0,7171.0,7179.0,-8.0,WESTMETALL_LME
2008-01-30,170650.0,7165.0,7190.0,-25.0,WESTMETALL_LME
2008-01-31,178775.0,7170.5,7170.0,0.5,WESTMETALL_LME
2008-02-01,177800.0,7345.0,7339.0,6.0,WESTMETALL_LME
2008-02-04,177050.0,7295.0,7295.0,0.0,WESTMETALL_LME
2008-02-05,174775.0,7202.0,7225.0,-23.0,WESTMETALL_LME
2008-02-06,171975.0,7181.0,7190.0,-9.0,WESTMETALL_LME
2008-02-07,171975.0,7350.0,7360.0,-10.0,WESTMETALL_LME
2008-02-08,169475.0,7612.0,7560.0,52.0,WESTMETALL_LME
2008-02-11,164125.0,7820.5,7790.0,30.5,WESTMETALL_LME
2008-02-12,159725.0,7805.0,7800.0,5.0,WESTMETALL_LME
2008-02-13,157600.0,7680.5,7656.0,24.5,WESTMETALL_LME
2008-02-14,154650.0,7776.0,7766.5,9.5,WESTMETALL_LME
2008-02-15,150650.0,7801.0,7781.0,20.0,WESTMETALL_LME
2008-02-18,144375.0,7945.0,7920.0,25.0,WESTMETALL_LME
2008-02-19,140350.0,8080.0,8040.0,40.0,WESTMETALL_LME
2008-02-20,135375.0,8101.0,8050.0,51.0,WESTMETALL_LME
2008-02-21,135375.0,8281.0,8241.0,40.0,WESTMETALL_LME
2008-02-22,141600.0,8322.0,8283.0,39.0,WESTMETALL_LME
2008-02-25,149225.0,8247.0,8220.5,26.5,WESTMETALL_LME
2008-02-26,149125.0,8271.0,8225.0,46.0,WESTMETALL_LME
2008-02-27,146600.0,8516.0,8430.0,86.0,WESTMETALL_LME
2008-02-28,144850.0,8470.0,8440.0,30.0,WESTMETALL_LME
2008-02-29,143650.0,8540.5,8460.0,80.5,WESTMETALL_LME
2008-03-03,141375.0,8565.0,8495.0,70.0,WESTMETALL_LME
2008-03-04,139550.0,8685.0,8581.0,104.0,WESTMETALL_LME
2008-03-05,138150.0,8416.0,8320.5,95.5,WESTMETALL_LME
2008-03-06,135800.0,8881.0,8810.0,71.0,WESTMETALL_LME
2008-03-07,134275.0,8660.0,8560.0,100.0,WESTMETALL_LME
2008-03-10,131925.0,8400.5,8310.5,90.0,WESTMETALL_LME
2008-03-11,130250.0,8560.5,8500.0,60.5,WESTMETALL_LME
2008-03-12,128975.0,8356.0,8280.0,76.0,WESTMETALL_LME
2008-03-13,127950.0,8550.0,8445.0,105.0,WESTMETALL_LME
2008-03-14,125225.0,8611.0,8490.0,121.0,WESTMETALL_LME
2008-03-17,125500.0,8360.0,8140.0,220.0,WESTMETALL_LME
2008-03-18,124575.0,8285.0,8161.0,124.0,WESTMETALL_LME
2008-03-19,122975.0,8210.5,8112.0,98.5,WESTMETALL_LME
2008-03-20,121875.0,7789.0,7665.0,124.0,WESTMETALL_LME
2008-03-25,120175.0,8240.0,8100.0,140.0,WESTMETALL_LME
2008-03-26,118050.0,8260.0,8150.0,110.0,WESTMETALL_LME
2008-03-27,117225.0,8457.0,8350.0,107.0,WESTMETALL_LME
2008-03-28,115250.0,8540.0,8456.0,84.0,WESTMETALL_LME
2008-03-31,112500.0,8520.0,8410.0,110.0,WESTMETALL_LME
2008-04-01,111350.0,8325.5,8197.0,128.5,WESTMETALL_LME
2008-04-02,112075.0,8464.0,8345.0,119.0,WESTMETALL_LME
2008-04-03,112575.0,8591.0,8441.0,150.0,WESTMETALL_LME
2008-04-04,115150.0,8645.0,8510.5,134.5,WESTMETALL_LME
2008-04-07,116150.0,8740.0,8641.0,99.0,WESTMETALL_LME
2008-04-08,115050.0,8682.0,8559.0,123.0,WESTMETALL_LME
2008-04-09,115575.0,8650.0,8550.0,100.0,WESTMETALL_LME
2008-04-10,116100.0,8884.5,8720.5,164.0,WESTMETALL_LME
2008-04-11,115150.0,8810.0,8660.0,150.0,WESTMETALL_LME
2008-04-14,116250.0,8679.5,8520.0,159.5,WESTMETALL_LME
2008-04-15,117150.0,8720.0,8589.0,131.0,WESTMETALL_LME
2008-04-16,116150.0,8736.5,8635.0,101.5,WESTMETALL_LME
2008-04-17,116525.0,8861.5,8750.5,111.0,WESTMETALL_LME
2008-04-18,114200.0,8630.0,8532.0,98.0,WESTMETALL_LME
2008-04-21,113725.0,8641.5,8551.0,90.5,WESTMETALL_LME
2008-04-22,113725.0,8770.0,8650.0,120.0,WESTMETALL_LME
2008-04-23,112475.0,8796.0,8695.5,100.5,WESTMETALL_LME
2008-04-24,112200.0,8700.5,8595.0,105.5,WESTMETALL_LME
2008-04-25,110775.0,8600.0,8521.0,79.0,WESTMETALL_LME
2008-04-28,110325.0,8746.0,8601.0,145.0,WESTMETALL_LME
2008-04-29,109650.0,8740.0,8585.5,154.5,WESTMETALL_LME
2008-04-30,110525.0,8655.0,8500.0,155.0,WESTMETALL_LME
2008-05-01,110075.0,8686.0,8540.0,146.0,WESTMETALL_LME
2008-05-02,109625.0,8390.0,8225.0,165.0,WESTMETALL_LME
2008-05-06,109650.0,8622.0,8480.0,142.0,WESTMETALL_LME
2008-05-07,109025.0,8641.0,8505.0,136.0,WESTMETALL_LME
2008-05-08,110125.0,8460.0,8285.0,175.0,WESTMETALL_LME
2008-05-09,121275.0,8400.0,8270.0,130.0,WESTMETALL_LME
2008-05-12,121650.0,8276.0,8171.0,105.0,WESTMETALL_LME
2008-05-13,121775.0,8410.0,8300.5,109.5,WESTMETALL_LME
2008-05-14,121425.0,8180.0,8090.0,90.0,WESTMETALL_LME
2008-05-15,120850.0,8360.0,8193.5,166.5,WESTMETALL_LME
2008-05-16,121225.0,8470.0,8342.0,128.0,WESTMETALL_LME
2008-05-19,122725.0,8540.0,8410.0,130.0,WESTMETALL_LME
2008-05-20,122650.0,8360.0,8236.0,124.0,WESTMETALL_LME
2008-05-21,124950.0,8395.0,8290.0,105.0,WESTMETALL_LME
2008-05-22,125200.0,8420.0,8301.0,119.0,WESTMETALL_LME
2008-05-23,125375.0,8278.0,8155.0,123.0,WESTMETALL_LME
2008-05-27,124400.0,8376.0,8230.0,146.0,WESTMETALL_LME
2008-05-28,125800.0,8176.0,8061.0,115.0,WESTMETALL_LME
2008-05-29,126400.0,8110.0,7981.0,129.0,WESTMETALL_LME
2008-05-30,124950.0,8105.0,7955.0,150.0,WESTMETALL_LME
2008-06-02,123950.0,7980.0,7850.0,130.0,WESTMETALL_LME
2008-06-03,122900.0,8060.0,7927.0,133.0,WESTMETALL_LME
2008-06-04,122250.0,8006.0,7871.0,135.0,WESTMETALL_LME
2008-06-05,123500.0,7921.0,7789.5,131.5,WESTMETALL_LME
2008-06-06,122550.0,8106.0,7986.0,120.0,WESTMETALL_LME
2008-06-09,121150.0,8092.5,7980.0,112.5,WESTMETALL_LME
2008-06-10,120550.0,8050.0,7921.0,129.0,WESTMETALL_LME
2008-06-11,121275.0,7989.0,7841.0,148.0,WESTMETALL_LME
2008-06-12,120625.0,7955.0,7815.0,140.0,WESTMETALL_LME
2008-06-13,121175.0,8025.0,7865.0,160.0,WESTMETALL_LME
2008-06-16,122050.0,8255.0,8040.0,215.0,WESTMETALL_LME
2008-06-17,123550.0,8181.0,8042.5,138.5,WESTMETALL_LME
2008-06-18,123900.0,8296.0,8126.0,170.0,WESTMETALL_LME
2008-06-19,124225.0,8385.5,8228.0,157.5,WESTMETALL_LME
2008-06-20,124000.0,8590.0,8421.0,169.0,WESTMETALL_LME
2008-06-23,123125.0,8540.5,8385.0,155.5,WESTMETALL_LME
2008-06-24,123150.0,8491.5,8341.0,150.5,WESTMETALL_LME
2008-06-25,122625.0,8542.0,8374.0,168.0,WESTMETALL_LME
2008-06-26,123050.0,8551.0,8388.0,163.0,WESTMETALL_LME
2008-06-27,122900.0,8680.0,8500.0,180.0,WESTMETALL_LME
2008-06-30,122600.0,8775.5,8585.0,190.5,WESTMETALL_LME
2008-07-01,122350.0,8711.0,8550.5,160.5,WESTMETALL_LME
2008-07-02,122475.0,8750.5,8595.0,155.5,WESTMETALL_LME
2008-07-03,122500.0,8985.0,8812.0,173.0,WESTMETALL_LME
2008-07-04,122575.0,8661.0,8501.0,160.0,WESTMETALL_LME
2008-07-07,122075.0,8565.0,8410.0,155.0,WESTMETALL_LME
2008-07-08,122175.0,8540.0,8370.0,170.0,WESTMETALL_LME
2008-07-09,124325.0,8355.0,8200.0,155.0,WESTMETALL_LME
2008-07-10,124850.0,8423.0,8279.0,144.0,WESTMETALL_LME
2008-07-11,124125.0,8499.0,8291.0,208.0,WESTMETALL_LME
2008-07-14,124725.0,8480.0,8271.0,209.0,WESTMETALL_LME
2008-07-15,125050.0,8475.5,8275.5,200.0,WESTMETALL_LME
2008-07-16,125700.0,8291.0,8085.0,206.0,WESTMETALL_LME
2008-07-17,127900.0,8301.0,8086.0,215.0,WESTMETALL_LME
2008-07-18,128550.0,8324.0,8096.0,228.0,WESTMETALL_LME
2008-07-21,128725.0,8390.0,8161.0,229.0,WESTMETALL_LME
2008-07-22,129325.0,8441.0,8226.0,215.0,WESTMETALL_LME
2008-07-23,129450.0,8310.0,8110.0,200.0,WESTMETALL_LME
2008-07-24,130875.0,8259.5,8031.5,228.0,WESTMETALL_LME
2008-07-25,133475.0,8160.0,7955.0,205.0,WESTMETALL_LME
2008-07-28,136050.0,8190.0,7976.0,214.0,WESTMETALL_LME
2008-07-29,136725.0,8096.0,7913.0,183.0,WESTMETALL_LME
2008-07-30,137950.0,8055.0,7858.0,197.0,WESTMETALL_LME
2008-07-31,142400.0,8260.5,8075.0,185.5,WESTMETALL_LME
2008-08-01,144650.0,8096.0,7910.0,186.0,WESTMETALL_LME
2008-08-04,146200.0,7905.0,7755.0,150.0,WESTMETALL_LME
2008-08-05,148750.0,7809.5,7621.0,188.5,WESTMETALL_LME
2008-08-06,150325.0,7871.0,7721.0,150.0,WESTMETALL_LME
2008-08-07,151100.0,7826.0,7685.0,141.0,WESTMETALL_LME
2008-08-08,150875.0,7550.0,7430.0,120.0,WESTMETALL_LME
2008-08-11,151625.0,7460.5,7380.0,80.5,WESTMETALL_LME
2008-08-12,151700.0,7261.0,7226.0,35.0,WESTMETALL_LME
2008-08-13,151575.0,7318.0,7240.0,78.0,WESTMETALL_LME
2008-08-14,153950.0,7640.0,7590.0,50.0,WESTMETALL_LME
2008-08-15,154050.0,7310.0,7275.0,35.0,WESTMETALL_LME
2008-08-18,154575.0,7432.0,7410.0,22.0,WESTMETALL_LME
2008-08-19,156150.0,7477.0,7391.0,86.0,WESTMETALL_LME
2008-08-20,156125.0,7670.0,7565.0,105.0,WESTMETALL_LME
2008-08-21,156525.0,7842.0,7745.0,97.0,WESTMETALL_LME
2008-08-22,163800.0,7861.0,7762.0,99.0,WESTMETALL_LME
2008-08-26,166900.0,7581.0,7510.0,71.0,WESTMETALL_LME
2008-08-27,167850.0,7626.0,7561.0,65.0,WESTMETALL_LME
2008-08-28,170050.0,7648.0,7590.0,58.0,WESTMETALL_LME
2008-08-29,173375.0,7510.0,7450.0,60.0,WESTMETALL_LME
2008-09-01,173725.0,7371.0,7360.0,11.0,WESTMETALL_LME
2008-09-02,179800.0,7225.0,7181.0,44.0,WESTMETALL_LME
2008-09-03,180525.0,7360.0,7309.0,51.0,WESTMETALL_LME
2008-09-04,182100.0,7420.0,7375.0,45.0,WESTMETALL_LME
2008-09-05,200875.0,7075.0,7035.0,40.0,WESTMETALL_LME
2008-09-08,200825.0,6990.0,6970.0,20.0,WESTMETALL_LME
2008-09-09,202125.0,6926.0,6878.5,47.5,WESTMETALL_LME
2008-09-10,203850.0,6861.0,6850.0,11.0,WESTMETALL_LME
2008-09-11,204125.0,6900.0,6866.0,34.0,WESTMETALL_LME
2008-09-12,203075.0,7096.0,7056.0,40.0,WESTMETALL_LME
2008-09-15,204350.0,6879.0,6820.5,58.5,WESTMETALL_LME
2008-09-16,203975.0,6841.0,6795.0,46.0,WESTMETALL_LME
2008-09-17,203975.0,6932.0,6886.0,46.0,WESTMETALL_LME
2008-09-18,204150.0,6932.0,6890.0,42.0,WESTMETALL_LME
2008-09-19,209800.0,6900.0,6867.0,33.0,WESTMETALL_LME
2008-09-22,206700.0,7166.0,7140.0,26.0,WESTMETALL_LME
2008-09-23,202075.0,7090.0,7091.0,-1.0,WESTMETALL_LME
2008-09-24,201050.0,6995.0,6995.0,0.0,WESTMETALL_LME
2008-09-25,200525.0,6905.0,6866.0,39.0,WESTMETALL_LME
2008-09-26,200175.0,6926.0,6885.5,40.5,WESTMETALL_LME
2008-09-29,198925.0,6590.0,6555.0,35.0,WESTMETALL_LME
2008-09-30,198600.0,6419.0,6399.0,20.0,WESTMETALL_LME
2008-10-01,199050.0,6379.0,6361.0,18.0,WESTMETALL_LME
2008-10-02,199075.0,6221.0,6190.0,31.0,WESTMETALL_LME
2008-10-03,198500.0,5960.0,5885.0,75.0,WESTMETALL_LME
2008-10-06,198750.0,5706.0,5611.0,95.0,WESTMETALL_LME
2008-10-07,208350.0,5739.0,5630.0,109.0,WESTMETALL_LME
2008-10-08,208525.0,5505.0,5440.0,65.0,WESTMETALL_LME
2008-10-09,209300.0,5402.0,5341.0,61.0,WESTMETALL_LME
2008-10-10,209400.0,5000.0,4880.0,120.0,WESTMETALL_LME
2008-10-13,209325.0,5031.0,4920.0,111.0,WESTMETALL_LME
2008-10-14,211800.0,5555.0,5520.0,35.0,WESTMETALL_LME
2008-10-15,211625.0,5126.0,5060.0,66.0,WESTMETALL_LME
2008-10-16,212025.0,4880.0,4819.0,61.0,WESTMETALL_LME
2008-10-17,211450.0,4701.0,4650.0,51.0,WESTMETALL_LME
2008-10-20,212400.0,4875.5,4826.0,49.5,WESTMETALL_LME
2008-10-21,205900.0,4490.0,4510.0,-20.0,WESTMETALL_LME
2008-10-22,207750.0,4286.0,4285.0,1.0,WESTMETALL_LME
2008-10-23,209250.0,3986.0,3965.0,21.0,WESTMETALL_LME
2008-10-24,211975.0,3721.0,3725.0,-4.0,WESTMETALL_LME
2008-10-27,213375.0,3686.0,3709.0,-23.0,WESTMETALL_LME
2008-10-28,215550.0,4129.0,4090.0,39.0,WESTMETALL_LME
2008-10-29,217300.0,4420.5,4425.0,-4.5,WESTMETALL_LME
2008-10-30,223875.0,4497.0,4500.0,-3.0,WESTMETALL_LME
2008-10-31,230650.0,3995.0,3990.0,5.0,WESTMETALL_LME
2008-11-03,237925.0,3960.0,3965.0,-5.0,WESTMETALL_LME
2008-11-04,241650.0,4231.0,4236.0,-5.0,WESTMETALL_LME
2008-11-05,247475.0,4071.0,4091.0,-20.0,WESTMETALL_LME
2008-11-06,252550.0,3890.0,3925.0,-35.0,WESTMETALL_LME
2008-11-07,254800.0,3761.0,3815.0,-54.0,WESTMETALL_LME
2008-11-08,254800.0,3761.0,3815.0,-54.0,WESTMETALL_LME
2008-11-10,260850.0,4005.0,4026.0,-21.0,WESTMETALL_LME
2008-11-11,265475.0,3690.5,3715.0,-24.5,WESTMETALL_LME
2008-11-12,270100.0,3592.0,3635.0,-43.0,WESTMETALL_LME
2008-11-13,272625.0,3591.0,3660.0,-69.0,WESTMETALL_LME
2008-11-14,274100.0,3722.0,3785.0,-63.0,WESTMETALL_LME
2008-11-17,275900.0,3580.5,3680.0,-99.5,WESTMETALL_LME
2008-11-18,278575.0,3511.0,3590.5,-79.5,WESTMETALL_LME
2008-11-19,280050.0,3565.0,3611.0,-46.0,WESTMETALL_LME
2008-11-20,281625.0,3430.5,3475.0,-44.5,WESTMETALL_LME
2008-11-21,283125.0,3470.5,3510.0,-39.5,WESTMETALL_LME
2008-11-24,284400.0,3715.5,3756.0,-40.5,WESTMETALL_LME
2008-11-25,287225.0,3565.5,3601.0,-35.5,WESTMETALL_LME
2008-11-26,286350.0,3742.0,3790.0,-48.0,WESTMETALL_LME
2008-11-27,288725.0,3665.0,3695.0,-30.0,WESTMETALL_LME
2008-11-28,291650.0,3581.0,3625.0,-44.0,WESTMETALL_LME
2008-12-01,291200.0,3595.5,3625.0,-29.5,WESTMETALL_LME
2008-12-02,293025.0,3530.5,3559.0,-28.5,WESTMETALL_LME
2008-12-03,292775.0,3423.0,3456.0,-33.0,WESTMETALL_LME
2008-12-04,292975.0,3360.5,3395.0,-34.5,WESTMETALL_LME
2008-12-05,297300.0,3050.5,3077.0,-26.5,WESTMETALL_LME
2008-12-08,300725.0,3141.0,3192.0,-51.0,WESTMETALL_LME
2008-12-09,302575.0,3120.0,3137.0,-17.0,WESTMETALL_LME
2008-12-10,303600.0,3180.5,3216.0,-35.5,WESTMETALL_LME
2008-12-11,302850.0,3232.5,3261.0,-28.5,WESTMETALL_LME
2008-12-12,306825.0,2982.0,3021.0,-39.0,WESTMETALL_LME
2008-12-15,314825.0,3075.5,3130.0,-54.5,WESTMETALL_LME
2008-12-16,318625.0,3020.5,3065.0,-44.5,WESTMETALL_LME
2008-12-17,321900.0,3000.0,3041.5,-41.5,WESTMETALL_LME
2008-12-18,324175.0,2885.5,2920.5,-35.0,WESTMETALL_LME
2008-12-19,324300.0,2826.0,2870.5,-44.5,WESTMETALL_LME
2008-12-22,327500.0,2910.5,2960.0,-49.5,WESTMETALL_LME
2008-12-23,328200.0,2850.5,2875.0,-24.5,WESTMETALL_LME
2008-12-24,331450.0,2770.0,2820.0,-50.0,WESTMETALL_LME
2008-12-29,336700.0,2843.0,2882.0,-39.0,WESTMETALL_LME
2008-12-30,337350.0,2812.0,2850.0,-38.0,WESTMETALL_LME
2008-12-31,339775.0,2902.0,2935.0,-33.0,WESTMETALL_LME
2009-01-02,340550.0,3071.0,3131.0,-60.0,WESTMETALL_LME
2009-01-05,342050.0,3101.5,3160.0,-58.5,WESTMETALL_LME
2009-01-06,343500.0,3332.0,3370.0,-38.0,WESTMETALL_LME
2009-01-07,351325.0,3390.5,3434.0,-43.5,WESTMETALL_LME
2009-01-08,357700.0,3170.5,3210.0,-39.5,WESTMETALL_LME
2009-01-09,363575.0,3280.0,3330.0,-50.0,WESTMETALL_LME
2009-01-12,369500.0,3171.5,3210.0,-38.5,WESTMETALL_LME
2009-01-13,374850.0,3139.0,3162.0,-23.0,WESTMETALL_LME
2009-01-14,382150.0,3274.0,3315.0,-41.0,WESTMETALL_LME
2009-01-15,387325.0,3210.5,3240.5,-30.0,WESTMETALL_LME
2009-01-16,391525.0,3343.0,3400.0,-57.0,WESTMETALL_LME
2009-01-19,393675.0,3321.0,3320.0,1.0,WESTMETALL_LME
2009-01-20,409100.0,3275.5,3301.0,-25.5,WESTMETALL_LME
2009-01-21,417475.0,3211.0,3250.5,-39.5,WESTMETALL_LME
2009-01-22,422450.0,3155.0,3205.0,-50.0,WESTMETALL_LME
2009-01-23,424625.0,3050.5,3086.0,-35.5,WESTMETALL_LME
2009-01-26,439425.0,3281.0,3321.0,-40.0,WESTMETALL_LME
2009-01-27,451800.0,3330.5,3376.5,-46.0,WESTMETALL_LME
2009-01-28,454925.0,3295.0,3339.0,-44.0,WESTMETALL_LME
2009-01-29,477675.0,3125.5,3168.0,-42.5,WESTMETALL_LME
2009-01-30,491525.0,3106.0,3150.0,-44.0,WESTMETALL_LME
2009-02-02,491200.0,3145.5,3184.0,-38.5,WESTMETALL_LME
2009-02-03,495300.0,3201.0,3231.0,-30.0,WESTMETALL_LME
2009-02-04,499950.0,3320.0,3390.0,-70.0,WESTMETALL_LME
2009-02-05,502600.0,3350.5,3391.0,-40.5,WESTMETALL_LME
2009-02-06,504625.0,3440.5,3482.0,-41.5,WESTMETALL_LME
2009-02-09,507775.0,3527.0,3561.5,-34.5,WESTMETALL_LME
2009-02-10,514425.0,3461.0,3500.0,-39.0,WESTMETALL_LME
2009-02-11,516450.0,3377.0,3416.0,-39.0,WESTMETALL_LME
2009-02-12,516675.0,3350.5,3395.0,-44.5,WESTMETALL_LME
2009-02-13,519550.0,3407.0,3450.0,-43.0,WESTMETALL_LME
2009-02-16,523325.0,3271.5,3325.0,-53.5,WESTMETALL_LME
2009-02-17,526425.0,3271.0,3301.0,-30.0,WESTMETALL_LME
2009-02-18,525300.0,3151.5,3196.5,-45.0,WESTMETALL_LME
2009-02-19,528250.0,3291.0,3326.0,-35.0,WESTMETALL_LME
2009-02-20,545600.0,3150.0,3171.5,-21.5,WESTMETALL_LME
2009-02-23,544650.0,3205.5,3236.0,-30.5,WESTMETALL_LME
2009-02-24,546600.0,3190.5,3216.0,-25.5,WESTMETALL_LME
2009-02-25,548400.0,3350.5,3390.0,-39.5,WESTMETALL_LME
2009-02-26,545475.0,3443.0,3466.0,-23.0,WESTMETALL_LME
2009-02-27,542300.0,3390.0,3421.0,-31.0,WESTMETALL_LME
2009-03-02,536675.0,3330.0,3355.5,-25.5,WESTMETALL_LME
2009-03-03,530875.0,3480.0,3500.0,-20.0,WESTMETALL_LME
2009-03-04,526025.0,3545.0,3570.0,-25.0,WESTMETALL_LME
2009-03-05,525200.0,3640.5,3665.0,-24.5,WESTMETALL_LME
2009-03-06,522025.0,3693.0,3725.0,-32.0,WESTMETALL_LME
2009-03-09,518700.0,3567.0,3600.0,-33.0,WESTMETALL_LME
2009-03-10,512025.0,3667.5,3708.0,-40.5,WESTMETALL_LME
2009-03-11,501875.0,3636.0,3666.0,-30.0,WESTMETALL_LME
2009-03-12,504325.0,3494.0,3525.5,-31.5,WESTMETALL_LME
2009-03-13,497625.0,3671.0,3692.0,-21.0,WESTMETALL_LME
2009-03-16,494850.0,3690.0,3755.0,-65.0,WESTMETALL_LME
2009-03-17,494525.0,3761.0,3801.0,-40.0,WESTMETALL_LME
2009-03-18,495150.0,3740.0,3763.0,-23.0,WESTMETALL_LME
2009-03-19,493450.0,3930.0,3980.0,-50.0,WESTMETALL_LME
2009-03-20,503950.0,3911.0,3960.0,-49.0,WESTMETALL_LME
2009-03-23,508325.0,4006.5,4046.0,-39.5,WESTMETALL_LME
2009-03-24,505425.0,3911.0,3950.0,-39.0,WESTMETALL_LME
2009-03-25,503675.0,3890.0,3929.0,-39.0,WESTMETALL_LME
2009-03-26,503900.0,4078.0,4115.0,-37.0,WESTMETALL_LME
2009-03-27,500750.0,3946.0,3995.0,-49.0,WESTMETALL_LME
2009-03-30,501400.0,3872.0,3930.0,-58.0,WESTMETALL_LME
2009-03-31,499625.0,4035.0,4051.0,-16.0,WESTMETALL_LME
2009-04-01,501775.0,3963.5,4005.0,-41.5,WESTMETALL_LME
2009-04-02,506975.0,4110.5,4136.0,-25.5,WESTMETALL_LME
2009-04-03,502150.0,4130.0,4161.0,-31.0,WESTMETALL_LME
2009-04-06,504825.0,4330.5,4355.5,-25.0,WESTMETALL_LME
2009-04-07,501900.0,4309.0,4335.5,-26.5,WESTMETALL_LME
2009-04-08,504200.0,4305.0,4340.0,-35.0,WESTMETALL_LME
2009-04-09,496775.0,4465.0,4496.0,-31.0,WESTMETALL_LME
2009-04-14,492000.0,4582.0,4620.0,-38.0,WESTMETALL_LME
2009-04-15,480400.0,4750.0,4770.0,-20.0,WESTMETALL_LME
2009-04-16,475200.0,4766.0,4769.0,-3.0,WESTMETALL_LME
2009-04-17,469625.0,4725.0,4721.0,4.0,WESTMETALL_LME
2009-04-20,462325.0,4636.0,4645.0,-9.0,WESTMETALL_LME
2009-04-21,457300.0,4402.5,4405.0,-2.5,WESTMETALL_LME
2009-04-22,450100.0,4447.0,4441.0,6.0,WESTMETALL_LME
2009-04-23,440475.0,4541.0,4549.0,-8.0,WESTMETALL_LME
2009-04-24,429550.0,4362.0,4355.5,6.5,WESTMETALL_LME
2009-04-27,425275.0,4305.5,4306.0,-0.5,WESTMETALL_LME
2009-04-28,420275.0,4185.0,4182.0,3.0,WESTMETALL_LME
2009-04-29,411450.0,4300.5,4296.0,4.5,WESTMETALL_LME
2009-04-30,405775.0,4515.0,4491.0,24.0,WESTMETALL_LME
2009-05-01,398700.0,4501.0,4516.0,-15.0,WESTMETALL_LME
2009-05-05,394925.0,4640.0,4637.0,3.0,WESTMETALL_LME
2009-05-06,402150.0,4591.0,4596.0,-5.0,WESTMETALL_LME
2009-05-07,393900.0,4760.0,4780.0,-20.0,WESTMETALL_LME
2009-05-08,389000.0,4752.0,4764.0,-12.0,WESTMETALL_LME
2009-05-11,385175.0,4527.0,4540.0,-13.0,WESTMETALL_LME
2009-05-12,379025.0,4626.0,4659.0,-33.0,WESTMETALL_LME
2009-05-13,373750.0,4508.0,4530.0,-22.0,WESTMETALL_LME
2009-05-14,370650.0,4309.0,4323.0,-14.0,WESTMETALL_LME
2009-05-15,357800.0,4348.0,4351.0,-3.0,WESTMETALL_LME
2009-05-18,353550.0,4400.0,4420.0,-20.0,WESTMETALL_LME
2009-05-19,348825.0,4601.0,4632.0,-31.0,WESTMETALL_LME
2009-05-20,341475.0,4539.0,4550.0,-11.0,WESTMETALL_LME
2009-05-21,336075.0,4504.0,4520.0,-16.0,WESTMETALL_LME
2009-05-22,333375.0,4586.0,4591.0,-5.0,WESTMETALL_LME
2009-05-26,326575.0,4538.0,4560.5,-22.5,WESTMETALL_LME
2009-05-27,319275.0,4661.0,4655.0,6.0,WESTMETALL_LME
2009-05-28,317125.0,4637.0,4660.0,-23.0,WESTMETALL_LME
2009-05-29,312275.0,4776.0,4787.0,-11.0,WESTMETALL_LME
2009-06-01,311975.0,4947.0,4955.5,-8.5,WESTMETALL_LME
2009-06-02,309225.0,5026.0,5045.0,-19.0,WESTMETALL_LME
2009-06-03,306525.0,4951.5,4969.0,-17.5,WESTMETALL_LME
2009-06-04,303200.0,4870.0,4890.0,-20.0,WESTMETALL_LME
2009-06-05,299975.0,5055.0,5056.0,-1.0,WESTMETALL_LME
2009-06-08,297850.0,4936.0,4960.0,-24.0,WESTMETALL_LME
2009-06-09,296350.0,5047.0,5065.0,-18.0,WESTMETALL_LME
2009-06-10,294275.0,5180.0,5192.0,-12.0,WESTMETALL_LME
2009-06-11,293175.0,5266.0,5290.0,-24.0,WESTMETALL_LME
2009-06-12,290275.0,5240.5,5255.0,-14.5,WESTMETALL_LME
2009-06-15,286975.0,5075.0,5085.0,-10.0,WESTMETALL_LME
2009-06-16,285050.0,5049.0,5070.0,-21.0,WESTMETALL_LME
2009-06-17,283175.0,4903.0,4925.0,-22.0,WESTMETALL_LME
2009-06-18,281600.0,4901.0,4922.0,-21.0,WESTMETALL_LME
2009-06-19,280350.0,5020.0,5040.0,-20.0,WESTMETALL_LME
2009-06-22,277600.0,4821.0,4850.0,-29.0,WESTMETALL_LME
2009-06-23,276275.0,4810.0,4825.0,-15.0,WESTMETALL_LME
2009-06-24,275050.0,4890.5,4915.5,-25.0,WESTMETALL_LME
2009-06-25,271600.0,5023.5,5035.0,-11.5,WESTMETALL_LME
2009-06-26,270250.0,5101.5,5120.0,-18.5,WESTMETALL_LME
2009-06-29,267300.0,5085.5,5101.0,-15.5,WESTMETALL_LME
2009-06-30,265950.0,5108.0,5102.0,6.0,WESTMETALL_LME
2009-07-01,265725.0,5042.0,5052.0,-10.0,WESTMETALL_LME
2009-07-02,264225.0,5006.0,5020.0,-14.0,WESTMETALL_LME
2009-07-03,268275.0,4991.0,5000.0,-9.0,WESTMETALL_LME
2009-07-06,269175.0,4859.0,4861.0,-2.0,WESTMETALL_LME
2009-07-07,265925.0,5012.0,5030.0,-18.0,WESTMETALL_LME
2009-07-08,265350.0,4850.0,4865.5,-15.5,WESTMETALL_LME
2009-07-09,261975.0,4821.0,4825.0,-4.0,WESTMETALL_LME
2009-07-10,258575.0,4840.0,4830.0,10.0,WESTMETALL_LME
2009-07-13,257225.0,4883.0,4882.5,0.5,WESTMETALL_LME
2009-07-14,256900.0,5011.0,4982.0,29.0,WESTMETALL_LME
2009-07-15,261100.0,5181.5,5175.0,6.5,WESTMETALL_LME
2009-07-16,260875.0,5231.5,5235.0,-3.5,WESTMETALL_LME
2009-07-17,264150.0,5230.0,5233.0,-3.0,WESTMETALL_LME
2009-07-20,265950.0,5400.0,5420.0,-20.0,WESTMETALL_LME
2009-07-21,266425.0,5345.0,5356.0,-11.0,WESTMETALL_LME
2009-07-22,268500.0,5342.0,5361.0,-19.0,WESTMETALL_LME
2009-07-23,271725.0,5474.0,5485.5,-11.5,WESTMETALL_LME
2009-07-24,273950.0,5551.0,5550.5,0.5,WESTMETALL_LME
2009-07-27,277425.0,5615.0,5621.0,-6.0,WESTMETALL_LME
2009-07-28,278925.0,5615.0,5625.0,-10.0,WESTMETALL_LME
2009-07-29,278350.0,5410.5,5421.0,-10.5,WESTMETALL_LME
2009-07-30,278050.0,5497.0,5501.0,-4.0,WESTMETALL_LME
2009-07-31,280875.0,5750.0,5710.0,40.0,WESTMETALL_LME
2009-08-03,282125.0,5972.0,5985.0,-13.0,WESTMETALL_LME
2009-08-04,285900.0,5917.0,5923.0,-6.0,WESTMETALL_LME
2009-08-05,285100.0,6132.0,6139.0,-7.0,WESTMETALL_LME
2009-08-06,284375.0,6035.0,6038.0,-3.0,WESTMETALL_LME
2009-08-07,292125.0,5964.0,5971.0,-7.0,WESTMETALL_LME
2009-08-10,291275.0,6197.0,6201.0,-4.0,WESTMETALL_LME
2009-08-11,291175.0,6136.0,6137.0,-1.0,WESTMETALL_LME
2009-08-12,292400.0,6029.0,6026.5,2.5,WESTMETALL_LME
2009-08-13,291975.0,6419.0,6415.5,3.5,WESTMETALL_LME
2009-08-14,292875.0,6386.0,6400.0,-14.0,WESTMETALL_LME
2009-08-17,294050.0,6096.0,6076.0,20.0,WESTMETALL_LME
2009-08-18,292750.0,6116.0,6121.5,-5.5,WESTMETALL_LME
2009-08-19,292000.0,5947.0,5945.0,2.0,WESTMETALL_LME
2009-08-20,293250.0,6122.0,6122.0,0.0,WESTMETALL_LME
2009-08-21,293125.0,6135.0,6160.0,-25.0,WESTMETALL_LME
2009-08-24,292725.0,6361.0,6362.0,-1.0,WESTMETALL_LME
2009-08-25,296600.0,6285.5,6310.0,-24.5,WESTMETALL_LME
2009-08-26,296400.0,6305.0,6310.0,-5.0,WESTMETALL_LME
2009-08-27,297550.0,6261.0,6290.0,-29.0,WESTMETALL_LME
2009-08-28,298925.0,6490.5,6500.0,-9.5,WESTMETALL_LME
2009-09-01,299950.0,6240.5,6261.0,-20.5,WESTMETALL_LME
2009-09-02,302950.0,6080.0,6085.0,-5.0,WESTMETALL_LME
2009-09-03,306350.0,6280.0,6281.0,-1.0,WESTMETALL_LME
2009-09-04,308200.0,6280.0,6300.5,-20.5,WESTMETALL_LME
2009-09-07,310925.0,6297.5,6315.0,-17.5,WESTMETALL_LME
2009-09-08,315550.0,6465.5,6450.0,15.5,WESTMETALL_LME
2009-09-09,316800.0,6415.5,6432.0,-16.5,WESTMETALL_LME
2009-09-10,317575.0,6305.0,6301.0,4.0,WESTMETALL_LME
2009-09-11,318325.0,6290.0,6310.0,-20.0,WESTMETALL_LME
2009-09-14,319800.0,6145.5,6140.0,5.5,WESTMETALL_LME
2009-09-15,322550.0,6156.0,6195.0,-39.0,WESTMETALL_LME
2009-09-16,323225.0,6315.5,6336.0,-20.5,WESTMETALL_LME
2009-09-17,324375.0,6302.0,6351.0,-49.0,WESTMETALL_LME
2009-09-18,327700.0,6231.0,6256.0,-25.0,WESTMETALL_LME
2009-09-21,331825.0,6089.0,6091.0,-2.0,WESTMETALL_LME
2009-09-22,331775.0,6295.5,6310.0,-14.5,WESTMETALL_LME
2009-09-23,331950.0,6111.0,6137.0,-26.0,WESTMETALL_LME
2009-09-24,340875.0,6089.5,6091.0,-1.5,WESTMETALL_LME
2009-09-25,340700.0,5966.0,5990.0,-24.0,WESTMETALL_LME
2009-09-28,344350.0,5896.0,5901.0,-5.0,WESTMETALL_LME
2009-09-29,344225.0,5934.5,5940.5,-6.0,WESTMETALL_LME
2009-09-30,345650.0,6136.0,6155.0,-19.0,WESTMETALL_LME
2009-10-01,346050.0,6082.0,6107.0,-25.0,WESTMETALL_LME
2009-10-02,345425.0,5872.0,5895.0,-23.0,WESTMETALL_LME
2009-10-05,345225.0,5856.0,5886.0,-30.0,WESTMETALL_LME
2009-10-06,346425.0,6042.0,6061.0,-19.0,WESTMETALL_LME
2009-10-07,347150.0,6060.5,6080.5,-20.0,WESTMETALL_LME
2009-10-08,346850.0,6241.5,6267.0,-25.5,WESTMETALL_LME
2009-10-09,346600.0,6265.5,6285.5,-20.0,WESTMETALL_LME
2009-10-12,347375.0,6236.0,6261.0,-25.0,WESTMETALL_LME
2009-10-13,347950.0,6282.0,6300.0,-18.0,WESTMETALL_LME
2009-10-14,353225.0,6192.0,6211.0,-19.0,WESTMETALL_LME
2009-10-15,353325.0,6077.0,6101.0,-24.0,WESTMETALL_LME
2009-10-16,357850.0,6160.5,6195.0,-34.5,WESTMETALL_LME
2009-10-19,356725.0,6260.0,6280.5,-20.5,WESTMETALL_LME
2009-10-20,357275.0,6444.0,6460.5,-16.5,WESTMETALL_LME
2009-10-21,362550.0,6346.0,6370.0,-24.0,WESTMETALL_LME
2009-10-22,364075.0,6565.5,6596.0,-30.5,WESTMETALL_LME
2009-10-23,367075.0,6640.0,6650.0,-10.0,WESTMETALL_LME
2009-10-26,368850.0,6675.5,6696.0,-20.5,WESTMETALL_LME
2009-10-27,370650.0,6563.0,6595.0,-32.0,WESTMETALL_LME
2009-10-28,371725.0,6475.0,6505.0,-30.0,WESTMETALL_LME
2009-10-29,371400.0,6424.5,6455.0,-30.5,WESTMETALL_LME
2009-10-30,372200.0,6575.0,6580.5,-5.5,WESTMETALL_LME
2009-11-02,372175.0,6473.0,6502.0,-29.0,WESTMETALL_LME
2009-11-03,373800.0,6395.5,6416.0,-20.5,WESTMETALL_LME
2009-11-04,374050.0,6571.0,6591.0,-20.0,WESTMETALL_LME
2009-11-05,379825.0,6527.5,6552.0,-24.5,WESTMETALL_LME
2009-11-06,385575.0,6532.0,6561.0,-29.0,WESTMETALL_LME
2009-11-09,389475.0,6565.0,6585.0,-20.0,WESTMETALL_LME
2009-11-10,394150.0,6475.0,6488.0,-13.0,WESTMETALL_LME
2009-11-11,397325.0,6595.5,6621.5,-26.0,WESTMETALL_LME
2009-11-12,402125.0,6475.0,6490.0,-15.0,WESTMETALL_LME
2009-11-13,403625.0,6500.0,6512.0,-12.0,WESTMETALL_LME
2009-11-16,406450.0,6700.5,6705.0,-4.5,WESTMETALL_LME
2009-11-17,410000.0,6761.0,6790.5,-29.5,WESTMETALL_LME
2009-11-18,414100.0,6926.0,6950.5,-24.5,WESTMETALL_LME
2009-11-19,420550.0,6761.0,6791.0,-30.0,WESTMETALL_LME
2009-11-20,421875.0,6731.0,6760.0,-29.0,WESTMETALL_LME
2009-11-23,424925.0,6945.5,6970.0,-24.5,WESTMETALL_LME
2009-11-24,429650.0,6865.0,6900.0,-35.0,WESTMETALL_LME
2009-11-25,431600.0,6914.0,6937.0,-23.0,WESTMETALL_LME
2009-11-26,432075.0,6904.5,6935.0,-30.5,WESTMETALL_LME
2009-11-27,435075.0,6755.0,6771.0,-16.0,WESTMETALL_LME
2009-11-30,438525.0,6814.5,6832.0,-17.5,WESTMETALL_LME
2009-12-01,441000.0,6990.0,7016.0,-26.0,WESTMETALL_LME
2009-12-02,443000.0,7055.0,7080.0,-25.0,WESTMETALL_LME
2009-12-03,445400.0,7071.0,7100.5,-29.5,WESTMETALL_LME
2009-12-04,446075.0,7026.0,7070.0,-44.0,WESTMETALL_LME
2009-12-07,452550.0,6920.5,6963.0,-42.5,WESTMETALL_LME
2009-12-08,453300.0,6960.5,7005.0,-44.5,WESTMETALL_LME
2009-12-09,458500.0,6935.0,6970.0,-35.0,WESTMETALL_LME
2009-12-10,461625.0,6810.0,6835.0,-25.0,WESTMETALL_LME
2009-12-11,466075.0,6871.0,6915.0,-44.0,WESTMETALL_LME
2009-12-14,467150.0,6920.0,6925.0,-5.0,WESTMETALL_LME
2009-12-15,470800.0,6800.5,6846.0,-45.5,WESTMETALL_LME
2009-12-16,473275.0,6946.0,6995.5,-49.5,WESTMETALL_LME
2009-12-17,474575.0,6900.5,6950.0,-49.5,WESTMETALL_LME
2009-12-18,476350.0,6841.0,6895.0,-54.0,WESTMETALL_LME
2009-12-21,479450.0,6880.0,6905.0,-25.0,WESTMETALL_LME
2009-12-22,480900.0,6856.0,6900.0,-44.0,WESTMETALL_LME
2009-12-23,482775.0,6901.0,6945.0,-44.0,WESTMETALL_LME
2009-12-24,484800.0,7070.0,7100.5,-30.5,WESTMETALL_LME
2009-12-29,485925.0,7221.0,7261.0,-40.0,WESTMETALL_LME
2009-12-30,495950.0,7295.0,7321.5,-26.5,WESTMETALL_LME
2009-12-31,502325.0,7346.0,7377.0,-31.0,WESTMETALL_LME
2010-01-04,502400.0,7464.0,7504.0,-40.0,WESTMETALL_LME
2010-01-05,505350.0,7436.0,7485.0,-49.0,WESTMETALL_LME
2010-01-06,507400.0,7587.5,7620.0,-32.5,WESTMETALL_LME
2010-01-07,507475.0,7594.0,7610.0,-16.0,WESTMETALL_LME
2010-01-08,510625.0,7446.0,7465.5,-19.5,WESTMETALL_LME
2010-01-11,515200.0,7685.0,7700.0,-15.0,WESTMETALL_LME
2010-01-12,517175.0,7425.0,7455.0,-30.0,WESTMETALL_LME
2010-01-13,521775.0,7391.0,7420.0,-29.0,WESTMETALL_LME
2010-01-14,523975.0,7454.0,7486.0,-32.0,WESTMETALL_LME
2010-01-15,525475.0,7405.5,7438.0,-32.5,WESTMETALL_LME
2010-01-18,523450.0,7507.0,7525.0,-18.0,WESTMETALL_LME
2010-01-19,526750.0,7442.0,7475.0,-33.0,WESTMETALL_LME
2010-01-20,526650.0,7446.0,7460.0,-14.0,WESTMETALL_LME
2010-01-21,534650.0,7347.0,7379.0,-32.0,WESTMETALL_LME
2010-01-22,534200.0,7240.0,7260.0,-20.0,WESTMETALL_LME
2010-01-25,533400.0,7409.0,7426.0,-17.0,WESTMETALL_LME
2010-01-26,533575.0,7306.0,7331.0,-25.0,WESTMETALL_LME
2010-01-27,538600.0,7244.0,7268.0,-24.0,WESTMETALL_LME
2010-01-28,540175.0,7042.0,7065.0,-23.0,WESTMETALL_LME
2010-01-29,541050.0,6854.0,6868.0,-14.0,WESTMETALL_LME
2010-02-01,543525.0,6675.0,6694.0,-19.0,WESTMETALL_LME
2010-02-02,541150.0,6865.0,6875.0,-10.0,WESTMETALL_LME
2010-02-03,540475.0,6853.0,6871.5,-18.5,WESTMETALL_LME
2010-02-04,539425.0,6571.0,6590.0,-19.0,WESTMETALL_LME
2010-02-05,541150.0,6242.0,6260.5,-18.5,WESTMETALL_LME
2010-02-08,541100.0,6329.0,6346.5,-17.5,WESTMETALL_LME
2010-02-09,541050.0,6485.0,6535.0,-50.0,WESTMETALL_LME
2010-02-10,541825.0,6610.5,6630.0,-19.5,WESTMETALL_LME
2010-02-11,545300.0,6672.5,6705.0,-32.5,WESTMETALL_LME
2010-02-12,547775.0,6766.0,6775.0,-9.0,WESTMETALL_LME
2010-02-15,549125.0,6841.0,6855.0,-14.0,WESTMETALL_LME
2010-02-16,549900.0,6940.0,6970.0,-30.0,WESTMETALL_LME
2010-02-17,549900.0,7119.5,7145.0,-25.5,WESTMETALL_LME
2010-02-18,555075.0,7086.0,7110.5,-24.5,WESTMETALL_LME
2010-02-19,554775.0,7193.0,7223.0,-30.0,WESTMETALL_LME
2010-02-22,555025.0,7338.0,7365.0,-27.0,WESTMETALL_LME
2010-02-23,554325.0,7227.0,7261.0,-34.0,WESTMETALL_LME
2010-02-24,552675.0,7032.0,7061.0,-29.0,WESTMETALL_LME
2010-02-25,550225.0,7046.0,7080.0,-34.0,WESTMETALL_LME
2010-02-26,549725.0,7072.0,7096.0,-24.0,WESTMETALL_LME
2010-03-01,551250.0,7335.0,7360.0,-25.0,WESTMETALL_LME
2010-03-02,552325.0,7359.0,7390.0,-31.0,WESTMETALL_LME
2010-03-03,550575.0,7483.5,7520.0,-36.5,WESTMETALL_LME
2010-03-04,544225.0,7485.5,7527.0,-41.5,WESTMETALL_LME
2010-03-05,543150.0,7466.5,7498.0,-31.5,WESTMETALL_LME
2010-03-08,541575.0,7541.5,7581.0,-39.5,WESTMETALL_LME
2010-03-09,538875.0,7395.0,7435.0,-40.0,WESTMETALL_LME
2010-03-10,538175.0,7524.0,7570.0,-46.0,WESTMETALL_LME
2010-03-11,535650.0,7384.5,7410.5,-26.0,WESTMETALL_LME
2010-03-12,532575.0,7470.0,7498.5,-28.5,WESTMETALL_LME
2010-03-15,531200.0,7330.0,7301.0,29.0,WESTMETALL_LME
2010-03-16,528050.0,7341.5,7390.5,-49.0,WESTMETALL_LME
2010-03-17,525575.0,7488.0,7517.0,-29.0,WESTMETALL_LME
2010-03-18,524175.0,7476.0,7515.0,-39.0,WESTMETALL_LME
2010-03-19,522975.0,7461.0,7509.0,-48.0,WESTMETALL_LME
2010-03-22,522075.0,7300.5,7342.0,-41.5,WESTMETALL_LME
2010-03-23,520675.0,7404.5,7435.5,-31.0,WESTMETALL_LME
2010-03-24,520450.0,7310.5,7341.5,-31.0,WESTMETALL_LME
2010-03-25,518825.0,7347.0,7378.5,-31.5,WESTMETALL_LME
2010-03-26,516925.0,7490.5,7535.0,-44.5,WESTMETALL_LME
2010-03-29,515525.0,7635.0,7660.0,-25.0,WESTMETALL_LME
2010-03-30,514900.0,7786.0,7825.0,-39.0,WESTMETALL_LME
2010-03-31,514325.0,7830.0,7841.5,-11.5,WESTMETALL_LME
2010-04-01,512450.0,7881.0,7920.0,-39.0,WESTMETALL_LME
2010-04-06,512575.0,7950.5,7971.0,-20.5,WESTMETALL_LME
2010-04-07,510650.0,7908.0,7940.0,-32.0,WESTMETALL_LME
2010-04-08,511250.0,7795.5,7835.0,-39.5,WESTMETALL_LME
2010-04-09,511925.0,7896.0,7935.0,-39.0,WESTMETALL_LME
2010-04-12,511075.0,7915.0,7950.0,-35.0,WESTMETALL_LME
2010-04-13,510625.0,7845.0,7876.0,-31.0,WESTMETALL_LME
2010-04-14,509650.0,7924.5,7965.0,-40.5,WESTMETALL_LME
2010-04-15,510425.0,7875.0,7900.0,-25.0,WESTMETALL_LME
2010-04-16,509400.0,7905.5,7941.0,-35.5,WESTMETALL_LME
2010-04-19,507875.0,7656.0,7685.0,-29.0,WESTMETALL_LME
2010-04-20,507525.0,7787.0,7825.0,-38.0,WESTMETALL_LME
2010-04-21,507800.0,7666.0,7705.0,-39.0,WESTMETALL_LME
2010-04-22,507125.0,7661.0,7705.0,-44.0,WESTMETALL_LME
2010-04-23,507150.0,7660.0,7700.0,-40.0,WESTMETALL_LME
2010-04-26,506125.0,7760.0,7795.0,-35.0,WESTMETALL_LME
2010-04-27,505350.0,7645.0,7691.0,-46.0,WESTMETALL_LME
2010-04-28,504025.0,7410.5,7449.0,-38.5,WESTMETALL_LME
2010-04-29,502550.0,7395.0,7430.0,-35.0,WESTMETALL_LME
2010-04-30,499300.0,7365.0,7395.5,-30.5,WESTMETALL_LME
2010-05-04,496975.0,7175.5,7200.0,-24.5,WESTMETALL_LME
2010-05-05,493275.0,6801.0,6848.0,-47.0,WESTMETALL_LME
2010-05-06,492700.0,6945.0,6999.0,-54.0,WESTMETALL_LME
2010-05-07,490875.0,6872.0,6920.0,-48.0,WESTMETALL_LME
2010-05-10,489300.0,7165.5,7205.0,-39.5,WESTMETALL_LME
2010-05-11,487450.0,6885.0,6915.0,-30.0,WESTMETALL_LME
2010-05-12,486375.0,7082.0,7125.0,-43.0,WESTMETALL_LME
2010-05-13,485150.0,7010.5,7051.0,-40.5,WESTMETALL_LME
2010-05-14,484075.0,6955.5,6987.0,-31.5,WESTMETALL_LME
2010-05-17,484175.0,6721.0,6752.0,-31.0,WESTMETALL_LME
2010-05-18,483150.0,6605.5,6636.5,-31.0,WESTMETALL_LME
2010-05-19,482225.0,6465.5,6502.0,-36.5,WESTMETALL_LME
2010-05-20,481300.0,6500.0,6530.0,-30.0,WESTMETALL_LME
2010-05-21,479825.0,6639.0,6665.0,-26.0,WESTMETALL_LME
2010-05-24,479575.0,6770.5,6805.0,-34.5,WESTMETALL_LME
2010-05-25,479325.0,6685.0,6731.0,-46.0,WESTMETALL_LME
2010-05-26,479050.0,6836.0,6861.0,-25.0,WESTMETALL_LME
2010-05-27,477775.0,6875.5,6910.0,-34.5,WESTMETALL_LME
2010-05-28,476725.0,6926.0,6965.0,-39.0,WESTMETALL_LME
2010-06-01,475575.0,6715.0,6737.0,-22.0,WESTMETALL_LME
2010-06-02,475225.0,6605.0,6637.0,-32.0,WESTMETALL_LME
2010-06-03,474300.0,6620.5,6670.0,-49.5,WESTMETALL_LME
2010-06-04,473000.0,6450.0,6481.0,-31.0,WESTMETALL_LME
2010-06-07,470750.0,6157.0,6181.5,-24.5,WESTMETALL_LME
2010-06-08,469850.0,6091.0,6125.0,-34.0,WESTMETALL_LME
2010-06-09,468175.0,6295.5,6315.5,-20.0,WESTMETALL_LME
2010-06-10,466400.0,6292.0,6325.0,-33.0,WESTMETALL_LME
2010-06-11,465000.0,6462.0,6494.0,-32.0,WESTMETALL_LME
2010-06-14,463175.0,6610.0,6635.0,-25.0,WESTMETALL_LME
2010-06-15,461525.0,6625.0,6655.0,-30.0,WESTMETALL_LME
2010-06-16,459150.0,6592.5,6622.0,-29.5,WESTMETALL_LME
2010-06-17,460175.0,6480.5,6510.0,-29.5,WESTMETALL_LME
2010-06-18,457425.0,6315.5,6340.0,-24.5,WESTMETALL_LME
2010-06-21,456950.0,6607.0,6645.0,-38.0,WESTMETALL_LME
2010-06-22,456850.0,6460.0,6490.0,-30.0,WESTMETALL_LME
2010-06-23,456425.0,6576.0,6610.0,-34.0,WESTMETALL_LME
2010-06-24,454700.0,6525.5,6570.0,-44.5,WESTMETALL_LME
2010-06-25,454250.0,6604.5,6636.0,-31.5,WESTMETALL_LME
2010-06-28,453175.0,6800.0,6826.0,-26.0,WESTMETALL_LME
2010-06-29,451950.0,6585.0,6613.5,-28.5,WESTMETALL_LME
2010-06-30,451100.0,6515.0,6541.5,-26.5,WESTMETALL_LME
2010-07-01,449425.0,6354.0,6389.0,-35.0,WESTMETALL_LME
2010-07-02,447300.0,6430.5,6480.0,-49.5,WESTMETALL_LME
2010-07-05,444500.0,6440.0,6466.0,-26.0,WESTMETALL_LME
2010-07-06,441700.0,6523.0,6556.0,-33.0,WESTMETALL_LME
2010-07-07,439350.0,6545.0,6575.0,-30.0,WESTMETALL_LME
2010-07-08,439000.0,6641.0,6671.0,-30.0,WESTMETALL_LME
2010-07-09,436900.0,6680.5,6710.0,-29.5,WESTMETALL_LME
2010-07-12,435250.0,6630.5,6656.0,-25.5,WESTMETALL_LME
2010-07-13,432550.0,6596.0,6610.0,-14.0,WESTMETALL_LME
2010-07-14,428500.0,6694.5,6712.5,-18.0,WESTMETALL_LME
2010-07-15,427725.0,6656.0,6679.0,-23.0,WESTMETALL_LME
2010-07-16,426425.0,6650.0,6669.0,-19.0,WESTMETALL_LME
2010-07-19,422850.0,6514.0,6512.0,2.0,WESTMETALL_LME
2010-07-20,419600.0,6526.0,6548.0,-22.0,WESTMETALL_LME
2010-07-21,417625.0,6771.0,6791.0,-20.0,WESTMETALL_LME
2010-07-22,416525.0,6920.5,6942.0,-21.5,WESTMETALL_LME
2010-07-23,419650.0,6995.0,7021.0,-26.0,WESTMETALL_LME
2010-07-26,416275.0,6995.5,7027.0,-31.5,WESTMETALL_LME
2010-07-27,413800.0,7091.5,7121.0,-29.5,WESTMETALL_LME
2010-07-28,411425.0,7120.0,7145.5,-25.5,WESTMETALL_LME
2010-07-29,411525.0,7206.0,7234.0,-28.0,WESTMETALL_LME
2010-07-30,413500.0,7195.0,7217.5,-22.5,WESTMETALL_LME
2010-08-02,413075.0,7336.0,7367.0,-31.0,WESTMETALL_LME
2010-08-03,414075.0,7360.0,7380.0,-20.0,WESTMETALL_LME
2010-08-04,413950.0,7370.5,7402.0,-31.5,WESTMETALL_LME
2010-08-05,413075.0,7395.0,7421.0,-26.0,WESTMETALL_LME
2010-08-06,412625.0,7420.0,7440.0,-20.0,WESTMETALL_LME
2010-08-09,410475.0,7425.0,7460.0,-35.0,WESTMETALL_LME
2010-08-10,408375.0,7225.0,7252.0,-27.0,WESTMETALL_LME
2010-08-11,406325.0,7204.0,7227.0,-23.0,WESTMETALL_LME
2010-08-12,409075.0,7180.0,7199.0,-19.0,WESTMETALL_LME
2010-08-13,408550.0,7200.0,7220.0,-20.0,WESTMETALL_LME
2010-08-16,406700.0,7205.0,7220.0,-15.0,WESTMETALL_LME
2010-08-17,405025.0,7315.5,7350.0,-34.5,WESTMETALL_LME
2010-08-18,403300.0,7353.5,7375.0,-21.5,WESTMETALL_LME
2010-08-19,403525.0,7442.0,7461.5,-19.5,WESTMETALL_LME
2010-08-20,401725.0,7205.5,7219.5,-14.0,WESTMETALL_LME
2010-08-23,402200.0,7250.0,7250.0,0.0,WESTMETALL_LME
2010-08-24,403825.0,7171.0,7197.0,-26.0,WESTMETALL_LME
2010-08-25,402425.0,7067.0,7095.0,-28.0,WESTMETALL_LME
2010-08-26,401250.0,7195.5,7225.0,-29.5,WESTMETALL_LME
2010-08-27,400100.0,7287.0,7301.0,-14.0,WESTMETALL_LME
2010-08-31,398525.0,7355.5,7360.5,-5.0,WESTMETALL_LME
2010-09-01,398775.0,7540.5,7545.0,-4.5,WESTMETALL_LME
2010-09-02,399475.0,7625.5,7640.5,-15.0,WESTMETALL_LME
2010-09-03,397675.0,7631.5,7646.0,-14.5,WESTMETALL_LME
2010-09-06,396875.0,7660.5,7675.0,-14.5,WESTMETALL_LME
2010-09-07,395475.0,7520.0,7524.0,-4.0,WESTMETALL_LME
2010-09-08,394500.0,7620.0,7635.0,-15.0,WESTMETALL_LME
2010-09-09,393375.0,7532.0,7561.0,-29.0,WESTMETALL_LME
2010-09-10,391400.0,7525.0,7545.0,-20.0,WESTMETALL_LME
2010-09-13,390450.0,7630.0,7631.0,-1.0,WESTMETALL_LME
2010-09-14,390525.0,7517.0,7541.0,-24.0,WESTMETALL_LME
2010-09-15,389500.0,7595.0,7610.5,-15.5,WESTMETALL_LME
2010-09-16,387150.0,7670.0,7685.0,-15.0,WESTMETALL_LME
2010-09-17,384200.0,7756.0,7770.0,-14.0,WESTMETALL_LME
2010-09-20,382500.0,7735.5,7752.0,-16.5,WESTMETALL_LME
2010-09-21,380025.0,7695.0,7696.0,-1.0,WESTMETALL_LME
2010-09-22,382100.0,7705.5,7710.0,-4.5,WESTMETALL_LME
2010-09-23,380125.0,7876.5,7885.0,-8.5,WESTMETALL_LME
2010-09-24,380225.0,7911.0,7905.5,5.5,WESTMETALL_LME
2010-09-27,378125.0,7922.0,7940.0,-18.0,WESTMETALL_LME
2010-09-28,375275.0,7866.0,7861.0,5.0,WESTMETALL_LME
2010-09-29,375100.0,8016.5,8030.0,-13.5,WESTMETALL_LME
2010-09-30,374150.0,8053.5,8055.0,-1.5,WESTMETALL_LME
2010-10-01,373800.0,8115.0,8132.0,-17.0,WESTMETALL_LME
2010-10-04,374450.0,8085.5,8120.0,-34.5,WESTMETALL_LME
2010-10-05,374100.0,8125.0,8140.0,-15.0,WESTMETALL_LME
2010-10-06,374125.0,8215.5,8239.0,-23.5,WESTMETALL_LME
2010-10-07,373450.0,8262.0,8286.0,-24.0,WESTMETALL_LME
2010-10-08,372000.0,8104.5,8115.0,-10.5,WESTMETALL_LME
2010-10-11,372475.0,8335.5,8326.0,9.5,WESTMETALL_LME
2010-10-12,371750.0,8266.0,8271.0,-5.0,WESTMETALL_LME
2010-10-13,371275.0,8400.0,8410.5,-10.5,WESTMETALL_LME
2010-10-14,371500.0,8412.0,8415.5,-3.5,WESTMETALL_LME
2010-10-15,371025.0,8362.5,8371.0,-8.5,WESTMETALL_LME
2010-10-18,370450.0,8340.5,8344.5,-4.0,WESTMETALL_LME
2010-10-19,369950.0,8295.0,8315.0,-20.0,WESTMETALL_LME
2010-10-20,370750.0,8250.0,8272.0,-22.0,WESTMETALL_LME
2010-10-21,370000.0,8406.0,8424.0,-18.0,WESTMETALL_LME
2010-10-22,368825.0,8309.5,8325.0,-15.5,WESTMETALL_LME
2010-10-25,368375.0,8501.0,8502.0,-1.0,WESTMETALL_LME
2010-10-26,367475.0,8466.0,8474.5,-8.5,WESTMETALL_LME
2010-10-27,368600.0,8332.0,8345.0,-13.0,WESTMETALL_LME
2010-10-28,368025.0,8332.0,8340.0,-8.0,WESTMETALL_LME
2010-10-29,368500.0,8225.0,8220.0,5.0,WESTMETALL_LME
2010-11-01,367575.0,8339.0,8335.0,4.0,WESTMETALL_LME
2010-11-02,366950.0,8396.0,8419.0,-23.0,WESTMETALL_LME
2010-11-03,366075.0,8400.5,8405.0,-4.5,WESTMETALL_LME
2010-11-04,367325.0,8521.5,8539.0,-17.5,WESTMETALL_LME
2010-11-05,366350.0,8700.0,8710.5,-10.5,WESTMETALL_LME
2010-11-08,365200.0,8672.0,8680.0,-8.0,WESTMETALL_LME
2010-11-09,364875.0,8844.5,8835.0,9.5,WESTMETALL_LME
2010-11-10,363950.0,8729.0,8720.0,9.0,WESTMETALL_LME
2010-11-11,362950.0,8925.0,8925.0,0.0,WESTMETALL_LME
2010-11-12,362775.0,8715.0,8681.5,33.5,WESTMETALL_LME
2010-11-15,362700.0,8590.0,8565.0,25.0,WESTMETALL_LME
2010-11-16,361975.0,8483.5,8470.0,13.5,WESTMETALL_LME
2010-11-17,361125.0,8145.0,8110.0,35.0,WESTMETALL_LME
2010-11-18,360600.0,8386.0,8360.0,26.0,WESTMETALL_LME
2010-11-19,359825.0,8409.0,8391.5,17.5,WESTMETALL_LME
2010-11-22,359000.0,8405.5,8376.0,29.5,WESTMETALL_LME
2010-11-23,358050.0,8149.0,8120.0,29.0,WESTMETALL_LME
2010-11-24,357125.0,8254.5,8245.0,9.5,WESTMETALL_LME
2010-11-25,356550.0,8290.0,8251.0,39.0,WESTMETALL_LME
2010-11-26,357000.0,8288.0,8235.0,53.0,WESTMETALL_LME
2010-11-29,356550.0,8319.5,8260.0,59.5,WESTMETALL_LME
2010-11-30,355750.0,8375.0,8286.0,89.0,WESTMETALL_LME
2010-12-01,354850.0,8540.0,8499.0,41.0,WESTMETALL_LME
2010-12-02,352425.0,8711.5,8670.5,41.0,WESTMETALL_LME
2010-12-03,353625.0,8754.0,8707.0,47.0,WESTMETALL_LME
2010-12-06,352375.0,8780.0,8729.5,50.5,WESTMETALL_LME
2010-12-07,351375.0,9024.0,8986.0,38.0,WESTMETALL_LME
2010-12-08,350250.0,8882.0,8849.0,33.0,WESTMETALL_LME
2010-12-09,349450.0,9041.5,9011.0,30.5,WESTMETALL_LME
2010-12-10,348625.0,9116.0,9069.0,47.0,WESTMETALL_LME
2010-12-13,350450.0,9211.0,9141.0,70.0,WESTMETALL_LME
2010-12-14,350900.0,9260.0,9208.5,51.5,WESTMETALL_LME
2010-12-15,357950.0,9101.0,9060.0,41.0,WESTMETALL_LME
2010-12-16,360800.0,9050.0,9020.0,30.0,WESTMETALL_LME
2010-12-17,361400.0,9101.5,9072.5,29.0,WESTMETALL_LME
2010-12-20,362575.0,9250.0,9206.0,44.0,WESTMETALL_LME
2010-12-21,362725.0,9410.0,9353.5,56.5,WESTMETALL_LME
2010-12-22,363950.0,9414.5,9359.0,55.5,WESTMETALL_LME
2010-12-23,367725.0,9270.0,9241.0,29.0,WESTMETALL_LME
2010-12-24,370725.0,9391.0,9332.0,59.0,WESTMETALL_LME
2010-12-29,370950.0,9465.0,9430.0,35.0,WESTMETALL_LME
2010-12-30,376000.0,9580.0,9514.5,65.5,WESTMETALL_LME
2010-12-31,377550.0,9739.5,9665.0,74.5,WESTMETALL_LME
2011-01-04,377675.0,9754.0,9715.5,38.5,WESTMETALL_LME
2011-01-05,379250.0,9461.0,9434.5,26.5,WESTMETALL_LME
2011-01-06,379400.0,9591.0,9572.0,19.0,WESTMETALL_LME
2011-01-07,379525.0,9399.0,9390.0,9.0,WESTMETALL_LME
2011-01-10,378300.0,9384.0,9360.5,23.5,WESTMETALL_LME
2011-01-11,379650.0,9484.0,9472.0,12.0,WESTMETALL_LME
2011-01-12,378175.0,9625.0,9618.0,7.0,WESTMETALL_LME
2011-01-13,377350.0,9622.0,9620.0,2.0,WESTMETALL_LME
2011-01-14,376225.0,9591.0,9572.0,19.0,WESTMETALL_LME
2011-01-17,379000.0,9690.0,9651.5,38.5,WESTMETALL_LME
2011-01-18,377925.0,9740.0,9715.0,25.0,WESTMETALL_LME
2011-01-19,381750.0,9788.0,9756.0,32.0,WESTMETALL_LME
2011-01-20,380525.0,9485.0,9465.0,20.0,WESTMETALL_LME
2011-01-21,381300.0,9485.0,9455.0,30.0,WESTMETALL_LME
2011-01-24,381500.0,9509.0,9480.0,29.0,WESTMETALL_LME
2011-01-25,389075.0,9330.0,9316.5,13.5,WESTMETALL_LME
2011-01-26,394700.0,9376.0,9370.0,6.0,WESTMETALL_LME
2011-01-27,397275.0,9490.0,9471.0,19.0,WESTMETALL_LME
2011-01-28,398075.0,9590.0,9585.0,5.0,WESTMETALL_LME
2011-01-31,394025.0,9720.0,9680.0,40.0,WESTMETALL_LME
2011-02-01,393925.0,9840.5,9810.0,30.5,WESTMETALL_LME
2011-02-02,393775.0,9945.0,9920.0,25.0,WESTMETALL_LME
2011-02-03,394475.0,9950.5,9941.0,9.5,WESTMETALL_LME
2011-02-04,394150.0,9986.0,9978.0,8.0,WESTMETALL_LME
2011-02-07,393525.0,10145.0,10120.0,25.0,WESTMETALL_LME
2011-02-08,392025.0,9930.5,9925.0,5.5,WESTMETALL_LME
2011-02-09,396400.0,10000.0,9973.0,27.0,WESTMETALL_LME
2011-02-10,396950.0,9875.5,9865.0,10.5,WESTMETALL_LME
2011-02-11,396725.0,9920.5,9905.5,15.0,WESTMETALL_LME
2011-02-14,401775.0,10148.0,10124.0,24.0,WESTMETALL_LME
2011-02-15,402425.0,10106.5,10110.0,-3.5,WESTMETALL_LME
2011-02-16,405800.0,9925.0,9905.0,20.0,WESTMETALL_LME
2011-02-17,407200.0,9800.0,9790.0,10.0,WESTMETALL_LME
2011-02-18,407925.0,9806.0,9800.0,6.0,WESTMETALL_LME
2011-02-21,411475.0,9829.5,9815.0,14.5,WESTMETALL_LME
2011-02-22,411750.0,9655.0,9650.5,4.5,WESTMETALL_LME
2011-02-23,411700.0,9491.0,9512.0,-21.0,WESTMETALL_LME
2011-02-24,412675.0,9440.0,9440.0,0.0,WESTMETALL_LME
2011-02-25,416825.0,9700.0,9675.0,25.0,WESTMETALL_LME
2011-02-28,421000.0,9857.5,9845.0,12.5,WESTMETALL_LME
2011-03-01,420275.0,9908.0,9920.0,-12.0,WESTMETALL_LME
2011-03-02,423550.0,9820.5,9830.0,-9.5,WESTMETALL_LME
2011-03-03,424050.0,9889.5,9910.0,-20.5,WESTMETALL_LME
2011-03-04,425300.0,9970.5,9980.0,-9.5,WESTMETALL_LME
2011-03-07,427150.0,9840.5,9854.0,-13.5,WESTMETALL_LME
2011-03-08,426500.0,9420.0,9431.0,-11.0,WESTMETALL_LME
2011-03-09,425725.0,9610.0,9629.0,-19.0,WESTMETALL_LME
2011-03-10,425475.0,9195.5,9210.0,-14.5,WESTMETALL_LME
2011-03-11,425875.0,9048.0,9073.0,-25.0,WESTMETALL_LME
2011-03-14,426000.0,9205.5,9235.0,-29.5,WESTMETALL_LME
2011-03-15,425950.0,8980.0,8991.0,-11.0,WESTMETALL_LME
2011-03-16,426975.0,9354.5,9355.0,-0.5,WESTMETALL_LME
2011-03-17,428800.0,9440.0,9455.0,-15.0,WESTMETALL_LME
2011-03-18,429650.0,9525.0,9525.0,0.0,WESTMETALL_LME
2011-03-21,430500.0,9519.0,9525.0,-6.0,WESTMETALL_LME
2011-03-22,434350.0,9450.0,9459.5,-9.5,WESTMETALL_LME
2011-03-23,434150.0,9704.0,9705.0,-1.0,WESTMETALL_LME
2011-03-24,434625.0,9695.5,9711.0,-15.5,WESTMETALL_LME
2011-03-25,439275.0,9715.0,9730.5,-15.5,WESTMETALL_LME
2011-03-28,439900.0,9545.0,9575.0,-30.0,WESTMETALL_LME
2011-03-29,439500.0,9450.0,9455.5,-5.5,WESTMETALL_LME
2011-03-30,439725.0,9519.5,9535.0,-15.5,WESTMETALL_LME
2011-03-31,439850.0,9399.5,9408.5,-9.0,WESTMETALL_LME
2011-04-01,438850.0,9336.0,9352.0,-16.0,WESTMETALL_LME
2011-04-04,437900.0,9420.0,9440.0,-20.0,WESTMETALL_LME
2011-04-05,442325.0,9251.5,9272.0,-20.5,WESTMETALL_LME
2011-04-06,440875.0,9475.5,9505.0,-29.5,WESTMETALL_LME
2011-04-07,442375.0,9697.0,9717.5,-20.5,WESTMETALL_LME
2011-04-08,444175.0,9823.0,9851.0,-28.0,WESTMETALL_LME
2011-04-11,445700.0,9781.5,9814.0,-32.5,WESTMETALL_LME
2011-04-12,446700.0,9670.5,9690.5,-20.0,WESTMETALL_LME
2011-04-13,449925.0,9625.5,9647.0,-21.5,WESTMETALL_LME
2011-04-14,450800.0,9326.5,9352.0,-25.5,WESTMETALL_LME
2011-04-15,450425.0,9420.0,9432.0,-12.0,WESTMETALL_LME
2011-04-18,451775.0,9356.5,9375.5,-19.0,WESTMETALL_LME
2011-04-19,451950.0,9279.0,9310.0,-31.0,WESTMETALL_LME
2011-04-20,453700.0,9450.5,9475.0,-24.5,WESTMETALL_LME
2011-04-21,456275.0,9611.0,9645.5,-34.5,WESTMETALL_LME
2011-04-26,460100.0,9455.5,9493.0,-37.5,WESTMETALL_LME
2011-04-27,463500.0,9348.5,9380.0,-31.5,WESTMETALL_LME
2011-04-28,463650.0,9370.5,9390.5,-20.0,WESTMETALL_LME
2011-05-03,463800.0,9245.0,9256.0,-11.0,WESTMETALL_LME
2011-05-04,463925.0,9171.5,9200.0,-28.5,WESTMETALL_LME
2011-05-05,467450.0,8791.0,8820.5,-29.5,WESTMETALL_LME
2011-05-06,467175.0,8790.0,8774.5,15.5,WESTMETALL_LME
2011-05-09,468600.0,8908.0,8930.5,-22.5,WESTMETALL_LME
2011-05-10,468325.0,8935.5,8965.0,-29.5,WESTMETALL_LME
2011-05-11,468350.0,8750.5,8775.0,-24.5,WESTMETALL_LME
2011-05-12,467725.0,8536.5,8548.0,-11.5,WESTMETALL_LME
2011-05-13,468525.0,8857.0,8880.0,-23.0,WESTMETALL_LME
2011-05-16,467075.0,8710.0,8744.0,-34.0,WESTMETALL_LME
2011-05-17,467575.0,8863.0,8881.0,-18.0,WESTMETALL_LME
2011-05-18,467800.0,8896.5,8931.0,-34.5,WESTMETALL_LME
2011-05-19,467025.0,9006.5,9035.0,-28.5,WESTMETALL_LME
2011-05-20,466250.0,8982.5,9005.0,-22.5,WESTMETALL_LME
2011-05-23,468175.0,8831.0,8861.0,-30.0,WESTMETALL_LME
2011-05-24,469250.0,8881.5,8895.0,-13.5,WESTMETALL_LME
2011-05-25,469375.0,9019.0,9020.5,-1.5,WESTMETALL_LME
2011-05-26,468225.0,8990.5,9010.0,-19.5,WESTMETALL_LME
2011-05-27,469475.0,9151.0,9151.0,0.0,WESTMETALL_LME
2011-05-31,467775.0,9224.5,9237.5,-13.0,WESTMETALL_LME
2011-06-01,470850.0,9171.0,9180.5,-9.5,WESTMETALL_LME
2011-06-02,473500.0,9037.5,9050.5,-13.0,WESTMETALL_LME
2011-06-03,473475.0,9016.0,9035.0,-19.0,WESTMETALL_LME
2011-06-06,475700.0,9098.0,9116.0,-18.0,WESTMETALL_LME
2011-06-07,476750.0,9092.0,9112.0,-20.0,WESTMETALL_LME
2011-06-08,477150.0,8970.5,8981.0,-10.5,WESTMETALL_LME
2011-06-09,477850.0,8950.5,8964.0,-13.5,WESTMETALL_LME
2011-06-10,477925.0,9000.5,9015.5,-15.0,WESTMETALL_LME
2011-06-13,475750.0,8895.0,8896.5,-1.5,WESTMETALL_LME
2011-06-14,473675.0,9010.0,9015.5,-5.5,WESTMETALL_LME
2011-06-15,472625.0,9147.0,9156.0,-9.0,WESTMETALL_LME
2011-06-16,472150.0,9011.5,9020.0,-8.5,WESTMETALL_LME
2011-06-17,470825.0,9101.5,9115.0,-13.5,WESTMETALL_LME
2011-06-20,471850.0,8935.0,8951.5,-16.5,WESTMETALL_LME
2011-06-21,472825.0,9060.0,9070.0,-10.0,WESTMETALL_LME
2011-06-22,474525.0,9007.0,9010.0,-3.0,WESTMETALL_LME
2011-06-23,474025.0,8978.5,8979.0,-0.5,WESTMETALL_LME
2011-06-24,473700.0,9045.0,9055.0,-10.0,WESTMETALL_LME
2011-06-27,470525.0,9000.5,9001.0,-0.5,WESTMETALL_LME
2011-06-28,468375.0,8995.5,9020.0,-24.5,WESTMETALL_LME
2011-06-29,467025.0,9176.0,9195.0,-19.0,WESTMETALL_LME
2011-06-30,465250.0,9301.0,9315.0,-14.0,WESTMETALL_LME
2011-07-01,463450.0,9405.0,9415.5,-10.5,WESTMETALL_LME
2011-07-04,462725.0,9411.0,9435.0,-24.0,WESTMETALL_LME
2011-07-05,462500.0,9405.5,9415.0,-9.5,WESTMETALL_LME
2011-07-06,461275.0,9432.0,9460.0,-28.0,WESTMETALL_LME
2011-07-07,461950.0,9537.0,9555.0,-18.0,WESTMETALL_LME
2011-07-08,461850.0,9713.0,9738.0,-25.0,WESTMETALL_LME
2011-07-11,461625.0,9556.0,9580.0,-24.0,WESTMETALL_LME
2011-07-12,461625.0,9500.5,9520.0,-19.5,WESTMETALL_LME
2011-07-13,461975.0,9658.5,9685.5,-27.0,WESTMETALL_LME
2011-07-14,462025.0,9655.0,9670.5,-15.5,WESTMETALL_LME
2011-07-15,462025.0,9606.0,9628.0,-22.0,WESTMETALL_LME
2011-07-18,462950.0,9690.0,9694.5,-4.5,WESTMETALL_LME
2011-07-19,467400.0,9755.0,9779.5,-24.5,WESTMETALL_LME
2011-07-20,467700.0,9765.5,9789.0,-23.5,WESTMETALL_LME
2011-07-21,474050.0,9607.0,9631.0,-24.0,WESTMETALL_LME
2011-07-22,472325.0,9698.0,9719.0,-21.0,WESTMETALL_LME
2011-07-25,471200.0,9620.0,9644.0,-24.0,WESTMETALL_LME
2011-07-26,469100.0,9778.0,9805.0,-27.0,WESTMETALL_LME
2011-07-27,469800.0,9736.0,9761.0,-25.0,WESTMETALL_LME
2011-07-28,468350.0,9744.0,9770.0,-26.0,WESTMETALL_LME
2011-07-29,466550.0,9731.0,9750.0,-19.0,WESTMETALL_LME
2011-08-01,466025.0,9827.0,9847.0,-20.0,WESTMETALL_LME
2011-08-02,465625.0,9630.0,9645.0,-15.0,WESTMETALL_LME
2011-08-03,465850.0,9549.5,9575.0,-25.5,WESTMETALL_LME
2011-08-04,465325.0,9452.0,9475.5,-23.5,WESTMETALL_LME
2011-08-05,465125.0,9190.0,9202.0,-12.0,WESTMETALL_LME
2011-08-08,465300.0,9039.0,9070.0,-31.0,WESTMETALL_LME
2011-08-09,464700.0,8851.0,8869.0,-18.0,WESTMETALL_LME
2011-08-10,464025.0,8853.5,8865.0,-11.5,WESTMETALL_LME
2011-08-11,463150.0,8802.0,8820.0,-18.0,WESTMETALL_LME
2011-08-12,461775.0,8851.0,8875.5,-24.5,WESTMETALL_LME
2011-08-15,460600.0,8824.0,8844.0,-20.0,WESTMETALL_LME
2011-08-16,465275.0,8760.0,8780.0,-20.0,WESTMETALL_LME
2011-08-17,464625.0,8870.0,8896.0,-26.0,WESTMETALL_LME
2011-08-18,462975.0,8803.0,8830.0,-27.0,WESTMETALL_LME
2011-08-19,463475.0,8781.5,8806.0,-24.5,WESTMETALL_LME
2011-08-22,466300.0,8811.5,8831.0,-19.5,WESTMETALL_LME
2011-08-23,465025.0,8858.5,8876.0,-17.5,WESTMETALL_LME
2011-08-24,463775.0,8832.0,8855.0,-23.0,WESTMETALL_LME
2011-08-25,463300.0,8907.5,8925.0,-17.5,WESTMETALL_LME
2011-08-26,464925.0,9090.5,9119.0,-28.5,WESTMETALL_LME
2011-08-30,464375.0,9128.0,9138.0,-10.0,WESTMETALL_LME
2011-08-31,463825.0,9197.0,9219.0,-22.0,WESTMETALL_LME
2011-09-01,464625.0,9101.0,9131.0,-30.0,WESTMETALL_LME
2011-09-02,466075.0,9050.5,9073.0,-22.5,WESTMETALL_LME
2011-09-05,465600.0,8935.0,8962.0,-27.0,WESTMETALL_LME
2011-09-06,465375.0,8919.5,8945.0,-25.5,WESTMETALL_LME
2011-09-07,465250.0,8970.5,8991.0,-20.5,WESTMETALL_LME
2011-09-08,465275.0,9041.0,9061.5,-20.5,WESTMETALL_LME
2011-09-09,465225.0,8904.5,8922.0,-17.5,WESTMETALL_LME
2011-09-12,465125.0,8645.5,8670.0,-24.5,WESTMETALL_LME
2011-09-13,466000.0,8757.5,8795.0,-37.5,WESTMETALL_LME
2011-09-14,466775.0,8719.5,8731.0,-11.5,WESTMETALL_LME
2011-09-15,466150.0,8709.5,8725.5,-16.0,WESTMETALL_LME
2011-09-16,466025.0,8781.5,8812.0,-30.5,WESTMETALL_LME
2011-09-19,469125.0,8415.0,8436.0,-21.0,WESTMETALL_LME
2011-09-20,466925.0,8397.5,8421.0,-23.5,WESTMETALL_LME
2011-09-21,466950.0,8221.0,8254.5,-33.5,WESTMETALL_LME
2011-09-22,466075.0,7790.5,7806.0,-15.5,WESTMETALL_LME
2011-09-23,464550.0,7290.0,7261.0,29.0,WESTMETALL_LME
2011-09-26,463575.0,7226.0,7240.5,-14.5,WESTMETALL_LME
2011-09-27,467400.0,7528.0,7540.0,-12.0,WESTMETALL_LME
2011-09-28,466675.0,7416.0,7450.0,-34.0,WESTMETALL_LME
2011-09-29,470700.0,6975.5,6996.0,-20.5,WESTMETALL_LME
2011-09-30,473700.0,7131.5,7160.0,-28.5,WESTMETALL_LME
2011-10-03,474950.0,6795.0,6820.0,-25.0,WESTMETALL_LME
2011-10-04,475025.0,6785.0,6812.0,-27.0,WESTMETALL_LME
2011-10-05,474925.0,6860.5,6881.0,-20.5,WESTMETALL_LME
2011-10-06,471725.0,7095.5,7121.0,-25.5,WESTMETALL_LME
2011-10-07,467100.0,7250.0,7278.0,-28.0,WESTMETALL_LME
2011-10-10,462525.0,7314.0,7346.5,-32.5,WESTMETALL_LME
2011-10-11,458525.0,7215.5,7240.5,-25.0,WESTMETALL_LME
2011-10-12,457000.0,7419.0,7438.0,-19.0,WESTMETALL_LME
2011-10-13,453100.0,7328.0,7348.0,-20.0,WESTMETALL_LME
2011-10-14,450200.0,7500.5,7520.0,-19.5,WESTMETALL_LME
2011-10-17,451650.0,7566.0,7570.0,-4.0,WESTMETALL_LME
2011-10-18,451925.0,7271.0,7294.5,-23.5,WESTMETALL_LME
2011-10-19,452175.0,7305.5,7328.0,-22.5,WESTMETALL_LME
2011-10-20,450850.0,6916.5,6930.0,-13.5,WESTMETALL_LME
2011-10-21,447800.0,7062.0,7085.0,-23.0,WESTMETALL_LME
2011-10-24,444275.0,7380.5,7381.0,-0.5,WESTMETALL_LME
2011-10-25,439150.0,7590.5,7602.0,-11.5,WESTMETALL_LME
2011-10-26,437425.0,7720.5,7735.0,-14.5,WESTMETALL_LME
2011-10-27,434675.0,8040.0,8040.0,0.0,WESTMETALL_LME
2011-10-28,432375.0,7981.5,8000.5,-19.0,WESTMETALL_LME
2011-10-31,429375.0,7900.5,7922.0,-21.5,WESTMETALL_LME
2011-11-01,424750.0,7660.0,7651.0,9.0,WESTMETALL_LME
2011-11-02,423275.0,7912.0,7926.0,-14.0,WESTMETALL_LME
2011-11-03,422125.0,7845.0,7865.0,-20.0,WESTMETALL_LME
2011-11-04,417850.0,7930.0,7945.0,-15.0,WESTMETALL_LME
2011-11-07,415325.0,7775.5,7805.0,-29.5,WESTMETALL_LME
2011-11-08,412325.0,7820.5,7836.0,-15.5,WESTMETALL_LME
2011-11-09,412150.0,7672.0,7695.0,-23.0,WESTMETALL_LME
2011-11-10,410025.0,7456.0,7471.0,-15.0,WESTMETALL_LME
2011-11-11,407700.0,7451.0,7480.0,-29.0,WESTMETALL_LME
2011-11-14,405400.0,7731.5,7741.5,-10.0,WESTMETALL_LME
2011-11-15,403300.0,7632.0,7685.0,-53.0,WESTMETALL_LME
2011-11-16,400925.0,7592.0,7620.0,-28.0,WESTMETALL_LME
2011-11-17,399625.0,7501.5,7525.5,-24.0,WESTMETALL_LME
2011-11-18,398250.0,7582.5,7610.0,-27.5,WESTMETALL_LME
2011-11-21,395975.0,7301.0,7335.5,-34.5,WESTMETALL_LME
2011-11-22,397075.0,7398.0,7422.0,-24.0,WESTMETALL_LME
2011-11-23,397525.0,7176.0,7195.0,-19.0,WESTMETALL_LME
2011-11-24,395975.0,7271.5,7296.0,-24.5,WESTMETALL_LME
2011-11-25,394725.0,7196.5,7230.0,-33.5,WESTMETALL_LME
2011-11-28,392775.0,7381.0,7401.0,-20.0,WESTMETALL_LME
2011-11-29,390525.0,7448.0,7471.0,-23.0,WESTMETALL_LME
2011-11-30,386625.0,7405.5,7430.0,-24.5,WESTMETALL_LME
2011-12-01,386700.0,7801.0,7826.0,-25.0,WESTMETALL_LME
2011-12-02,388150.0,7890.0,7920.0,-30.0,WESTMETALL_LME
2011-12-05,389500.0,7845.0,7875.0,-30.0,WESTMETALL_LME
2011-12-06,390100.0,7766.0,7795.0,-29.0,WESTMETALL_LME
2011-12-07,389450.0,7809.0,7835.5,-26.5,WESTMETALL_LME
2011-12-08,387400.0,7800.5,7825.0,-24.5,WESTMETALL_LME
2011-12-09,386075.0,7800.5,7826.0,-25.5,WESTMETALL_LME
2011-12-12,385575.0,7611.5,7644.5,-33.0,WESTMETALL_LME
2011-12-13,383025.0,7586.0,7619.0,-33.0,WESTMETALL_LME
2011-12-14,382150.0,7350.0,7372.0,-22.0,WESTMETALL_LME
2011-12-15,382075.0,7264.0,7290.0,-26.0,WESTMETALL_LME
2011-12-16,381250.0,7340.0,7360.0,-20.0,WESTMETALL_LME
2011-12-19,373950.0,7286.5,7302.0,-15.5,WESTMETALL_LME
2011-12-20,370850.0,7275.0,7302.5,-27.5,WESTMETALL_LME
2011-12-21,371300.0,7415.5,7427.0,-11.5,WESTMETALL_LME
2011-12-22,371950.0,7492.5,7520.0,-27.5,WESTMETALL_LME
2011-12-23,372300.0,7590.0,7615.0,-25.0,WESTMETALL_LME
2011-12-28,371625.0,7502.0,7532.0,-30.0,WESTMETALL_LME
2011-12-29,370400.0,7372.0,7386.0,-14.0,WESTMETALL_LME
2011-12-30,370900.0,7554.0,7570.0,-16.0,WESTMETALL_LME
2012-01-03,371575.0,7661.0,7680.0,-19.0,WESTMETALL_LME
2012-01-04,369150.0,7652.0,7665.5,-13.5,WESTMETALL_LME
2012-01-05,368400.0,7471.0,7485.5,-14.5,WESTMETALL_LME
2012-01-06,368125.0,7515.0,7540.0,-25.0,WESTMETALL_LME
2012-01-09,366900.0,7503.0,7508.0,-5.0,WESTMETALL_LME
2012-01-10,365375.0,7641.0,7652.0,-11.0,WESTMETALL_LME
2012-01-11,364250.0,7689.5,7700.5,-11.0,WESTMETALL_LME
2012-01-12,358250.0,7946.0,7961.0,-15.0,WESTMETALL_LME
2012-01-13,356825.0,7965.5,7980.0,-14.5,WESTMETALL_LME
2012-01-16,354575.0,8021.0,8025.5,-4.5,WESTMETALL_LME
2012-01-17,353425.0,8185.0,8203.0,-18.0,WESTMETALL_LME
2012-01-18,352500.0,8156.0,8171.5,-15.5,WESTMETALL_LME
2012-01-19,351200.0,8350.5,8370.0,-19.5,WESTMETALL_LME
2012-01-20,348750.0,8230.5,8255.5,-25.0,WESTMETALL_LME
2012-01-23,345775.0,8333.0,8349.0,-16.0,WESTMETALL_LME
2012-01-24,342250.0,8267.0,8282.5,-15.5,WESTMETALL_LME
2012-01-25,339750.0,8271.0,8295.0,-24.0,WESTMETALL_LME
2012-01-26,337875.0,8560.0,8570.0,-10.0,WESTMETALL_LME
2012-01-27,335425.0,8610.0,8622.5,-12.5,WESTMETALL_LME
2012-01-30,333125.0,8399.0,8409.0,-10.0,WESTMETALL_LME
2012-01-31,330825.0,8485.5,8495.5,-10.0,WESTMETALL_LME
2012-02-01,329300.0,8351.5,8395.0,-43.5,WESTMETALL_LME
2012-02-02,328675.0,8339.0,8355.0,-16.0,WESTMETALL_LME
2012-02-03,326100.0,8320.0,8345.0,-25.0,WESTMETALL_LME
2012-02-06,323150.0,8463.0,8491.0,-28.0,WESTMETALL_LME
2012-02-07,320000.0,8335.5,8362.0,-26.5,WESTMETALL_LME
2012-02-08,316350.0,8586.0,8607.0,-21.0,WESTMETALL_LME
2012-02-09,313600.0,8520.5,8546.0,-25.5,WESTMETALL_LME
2012-02-10,312750.0,8591.0,8606.0,-15.0,WESTMETALL_LME
2012-02-13,313500.0,8512.0,8530.0,-18.0,WESTMETALL_LME
2012-02-14,313800.0,8405.0,8425.0,-20.0,WESTMETALL_LME
2012-02-15,313050.0,8395.5,8416.0,-20.5,WESTMETALL_LME
2012-02-16,311125.0,8209.5,8220.0,-10.5,WESTMETALL_LME
2012-02-17,306375.0,8370.0,8385.0,-15.0,WESTMETALL_LME
2012-02-20,305875.0,8234.0,8236.0,-2.0,WESTMETALL_LME
2012-02-21,305425.0,8325.0,8329.0,-4.0,WESTMETALL_LME
2012-02-22,305725.0,8391.0,8410.0,-19.0,WESTMETALL_LME
2012-02-23,304875.0,8408.0,8406.5,1.5,WESTMETALL_LME
2012-02-24,303500.0,8441.0,8445.0,-4.0,WESTMETALL_LME
2012-02-27,300475.0,8436.0,8427.0,9.0,WESTMETALL_LME
2012-02-28,298850.0,8658.0,8647.0,11.0,WESTMETALL_LME
2012-02-29,296425.0,8585.0,8590.5,-5.5,WESTMETALL_LME
2012-03-01,292250.0,8570.0,8568.5,1.5,WESTMETALL_LME
2012-03-02,289000.0,8575.0,8584.0,-9.0,WESTMETALL_LME
2012-03-05,285825.0,8502.0,8505.5,-3.5,WESTMETALL_LME
2012-03-06,283575.0,8335.5,8343.0,-7.5,WESTMETALL_LME
2012-03-07,280900.0,8261.0,8260.5,0.5,WESTMETALL_LME
2012-03-08,280025.0,8390.0,8390.0,0.0,WESTMETALL_LME
2012-03-09,276025.0,8390.5,8395.0,-4.5,WESTMETALL_LME
2012-03-12,273925.0,8401.5,8402.0,-0.5,WESTMETALL_LME
2012-03-13,273000.0,8530.0,8530.0,0.0,WESTMETALL_LME
2012-03-14,270625.0,8468.0,8461.5,6.5,WESTMETALL_LME
2012-03-15,267750.0,8490.5,8480.0,10.5,WESTMETALL_LME
2012-03-16,263825.0,8620.5,8595.0,25.5,WESTMETALL_LME
2012-03-19,262575.0,8575.0,8546.0,29.0,WESTMETALL_LME
2012-03-20,260825.0,8437.0,8409.0,28.0,WESTMETALL_LME
2012-03-21,258325.0,8470.5,8443.0,27.5,WESTMETALL_LME
2012-03-22,255450.0,8320.0,8290.0,30.0,WESTMETALL_LME
2012-03-23,255175.0,8400.5,8379.0,21.5,WESTMETALL_LME
2012-03-26,254000.0,8485.0,8450.0,35.0,WESTMETALL_LME
2012-03-27,257575.0,8512.0,8490.5,21.5,WESTMETALL_LME
2012-03-28,256150.0,8480.5,8430.0,50.5,WESTMETALL_LME
2012-03-29,255625.0,8360.0,8335.0,25.0,WESTMETALL_LME
2012-03-30,256275.0,8480.0,8441.5,38.5,WESTMETALL_LME
2012-04-02,257550.0,8480.0,8466.0,14.0,WESTMETALL_LME
2012-04-03,260650.0,8575.5,8566.5,9.0,WESTMETALL_LME
2012-04-04,259675.0,8451.5,8449.0,2.5,WESTMETALL_LME
2012-04-05,264775.0,8365.5,8341.0,24.5,WESTMETALL_LME
2012-04-10,268400.0,8256.0,8227.0,29.0,WESTMETALL_LME
2012-04-11,267150.0,8115.0,8100.0,15.0,WESTMETALL_LME
2012-04-12,266075.0,8185.0,8140.0,45.0,WESTMETALL_LME
2012-04-13,264400.0,8165.5,8125.0,40.5,WESTMETALL_LME
2012-04-16,261700.0,8054.0,7991.5,62.5,WESTMETALL_LME
2012-04-17,261075.0,8100.5,8016.0,84.5,WESTMETALL_LME
2012-04-18,261150.0,8085.0,8040.0,45.0,WESTMETALL_LME
2012-04-19,262700.0,8045.5,8005.0,40.5,WESTMETALL_LME
2012-04-20,261150.0,8120.5,8083.0,37.5,WESTMETALL_LME
2012-04-23,258850.0,8125.0,8050.0,75.0,WESTMETALL_LME
2012-04-24,256875.0,8194.0,8095.0,99.0,WESTMETALL_LME
2012-04-25,256400.0,8285.5,8205.0,80.5,WESTMETALL_LME
2012-04-26,255350.0,8356.0,8260.0,96.0,WESTMETALL_LME
2012-04-27,251825.0,8443.5,8323.0,120.5,WESTMETALL_LME
2012-04-30,248350.0,8529.5,8377.0,152.5,WESTMETALL_LME
2012-05-01,241550.0,8528.0,8391.0,137.0,WESTMETALL_LME
2012-05-02,238950.0,8401.0,8329.0,72.0,WESTMETALL_LME
2012-05-03,235200.0,8318.0,8256.0,62.0,WESTMETALL_LME
2012-05-04,230625.0,8296.0,8225.5,70.5,WESTMETALL_LME
2012-05-08,228450.0,8234.0,8133.0,101.0,WESTMETALL_LME
2012-05-09,220925.0,8089.0,7975.0,114.0,WESTMETALL_LME
2012-05-10,219850.0,8195.5,8053.0,142.5,WESTMETALL_LME
2012-05-11,221275.0,8080.0,7995.0,85.0,WESTMETALL_LME
2012-05-14,218300.0,7980.0,7851.0,129.0,WESTMETALL_LME
2012-05-15,216350.0,7854.0,7829.0,25.0,WESTMETALL_LME
2012-05-16,215350.0,7710.0,7665.0,45.0,WESTMETALL_LME
2012-05-17,217450.0,7708.0,7680.0,28.0,WESTMETALL_LME
2012-05-18,221175.0,7795.5,7745.5,50.0,WESTMETALL_LME
2012-05-21,224375.0,7800.5,7746.0,54.5,WESTMETALL_LME
2012-05-22,223975.0,7775.0,7742.0,33.0,WESTMETALL_LME
2012-05-23,225700.0,7630.5,7590.5,40.0,WESTMETALL_LME
2012-05-24,224075.0,7660.5,7615.0,45.5,WESTMETALL_LME
2012-05-25,223500.0,7695.5,7655.0,40.5,WESTMETALL_LME
2012-05-28,223050.0,7740.0,7719.0,21.0,WESTMETALL_LME
2012-05-29,225800.0,7685.5,7676.5,9.0,WESTMETALL_LME
2012-05-30,227100.0,7545.0,7546.0,-1.0,WESTMETALL_LME
2012-05-31,230675.0,7517.0,7499.0,18.0,WESTMETALL_LME
2012-06-01,230875.0,7364.0,7365.5,-1.5,WESTMETALL_LME
2012-06-06,231200.0,7459.5,7450.0,9.5,WESTMETALL_LME
2012-06-07,229300.0,7480.5,7481.0,-0.5,WESTMETALL_LME
2012-06-08,229675.0,7251.5,7270.0,-18.5,WESTMETALL_LME
2012-06-11,235200.0,7396.0,7405.5,-9.5,WESTMETALL_LME
2012-06-12,239550.0,7384.0,7395.5,-11.5,WESTMETALL_LME
2012-06-13,243425.0,7397.5,7416.0,-18.5,WESTMETALL_LME
2012-06-14,245075.0,7376.5,7400.0,-23.5,WESTMETALL_LME
2012-06-15,249450.0,7521.0,7515.5,5.5,WESTMETALL_LME
2012-06-18,249125.0,7475.5,7481.5,-6.0,WESTMETALL_LME
2012-06-19,251675.0,7505.5,7510.5,-5.0,WESTMETALL_LME
2012-06-20,250350.0,7555.5,7565.5,-10.0,WESTMETALL_LME
2012-06-21,252150.0,7426.0,7430.0,-4.0,WESTMETALL_LME
2012-06-22,252975.0,7320.0,7281.5,38.5,WESTMETALL_LME
2012-06-25,253200.0,7342.5,7335.0,7.5,WESTMETALL_LME
2012-06-26,253250.0,7347.0,7350.0,-3.0,WESTMETALL_LME
2012-06-27,254875.0,7354.0,7336.0,18.0,WESTMETALL_LME
2012-06-28,256100.0,7421.0,7410.0,11.0,WESTMETALL_LME
2012-06-29,257150.0,7604.5,7585.5,19.0,WESTMETALL_LME
2012-07-02,256300.0,7647.5,7637.0,10.5,WESTMETALL_LME
2012-07-03,255175.0,7777.0,7776.0,1.0,WESTMETALL_LME
2012-07-04,253525.0,7695.5,7706.0,-10.5,WESTMETALL_LME
2012-07-05,252725.0,7761.5,7767.0,-5.5,WESTMETALL_LME
2012-07-06,254450.0,7600.0,7618.0,-18.0,WESTMETALL_LME
2012-07-09,253350.0,7520.5,7527.0,-6.5,WESTMETALL_LME
2012-07-10,253275.0,7556.0,7555.0,1.0,WESTMETALL_LME
2012-07-11,252350.0,7525.5,7520.5,5.0,WESTMETALL_LME
2012-07-12,251375.0,7510.0,7485.5,24.5,WESTMETALL_LME
2012-07-13,251675.0,7689.5,7674.5,15.0,WESTMETALL_LME
2012-07-16,251625.0,7636.0,7640.5,-4.5,WESTMETALL_LME
2012-07-17,252900.0,7671.0,7680.0,-9.0,WESTMETALL_LME
2012-07-18,253575.0,7596.0,7595.5,0.5,WESTMETALL_LME
2012-07-19,252550.0,7765.0,7761.5,3.5,WESTMETALL_LME
2012-07-20,253225.0,7625.0,7638.0,-13.0,WESTMETALL_LME
2012-07-23,252550.0,7387.0,7389.5,-2.5,WESTMETALL_LME
2012-07-24,251450.0,7396.0,7405.0,-9.0,WESTMETALL_LME
2012-07-25,251425.0,7441.0,7441.0,0.0,WESTMETALL_LME
2012-07-26,249900.0,7510.5,7512.0,-1.5,WESTMETALL_LME
2012-07-27,250300.0,7555.0,7560.5,-5.5,WESTMETALL_LME
2012-07-30,249075.0,7520.0,7530.0,-10.0,WESTMETALL_LME
2012-07-31,248825.0,7581.0,7586.0,-5.0,WESTMETALL_LME
2012-08-01,248625.0,7500.0,7505.0,-5.0,WESTMETALL_LME
2012-08-02,246800.0,7386.5,7395.0,-8.5,WESTMETALL_LME
2012-08-03,244725.0,7327.0,7328.0,-1.0,WESTMETALL_LME
2012-08-06,245950.0,7400.0,7411.0,-11.0,WESTMETALL_LME
2012-08-07,245050.0,7567.0,7561.0,6.0,WESTMETALL_LME
2012-08-08,245600.0,7525.5,7525.5,0.0,WESTMETALL_LME
2012-08-09,243600.0,7495.5,7510.0,-14.5,WESTMETALL_LME
2012-08-10,241250.0,7430.5,7439.5,-9.0,WESTMETALL_LME
2012-08-13,239175.0,7426.5,7445.0,-18.5,WESTMETALL_LME
2012-08-14,237500.0,7407.0,7420.0,-13.0,WESTMETALL_LME
2012-08-15,236375.0,7386.0,7391.0,-5.0,WESTMETALL_LME
2012-08-16,235250.0,7386.0,7397.0,-11.0,WESTMETALL_LME
2012-08-17,234550.0,7496.0,7508.0,-12.0,WESTMETALL_LME
2012-08-20,234150.0,7433.0,7442.0,-9.0,WESTMETALL_LME
2012-08-21,234500.0,7510.0,7524.5,-14.5,WESTMETALL_LME
2012-08-22,234175.0,7571.5,7577.0,-5.5,WESTMETALL_LME
2012-08-23,237150.0,7667.5,7676.0,-8.5,WESTMETALL_LME
2012-08-24,235550.0,7600.5,7617.0,-16.5,WESTMETALL_LME
2012-08-28,234200.0,7606.0,7616.0,-10.0,WESTMETALL_LME
2012-08-29,234025.0,7524.5,7541.0,-16.5,WESTMETALL_LME
2012-08-30,230175.0,7611.0,7625.0,-14.0,WESTMETALL_LME
2012-08-31,229900.0,7576.5,7591.0,-14.5,WESTMETALL_LME
2012-09-03,225275.0,7649.5,7658.0,-8.5,WESTMETALL_LME
2012-09-04,218800.0,7640.5,7650.0,-9.5,WESTMETALL_LME
2012-09-05,215050.0,7606.5,7615.5,-9.0,WESTMETALL_LME
2012-09-06,213225.0,7670.5,7680.5,-10.0,WESTMETALL_LME
2012-09-07,215950.0,7844.0,7855.5,-11.5,WESTMETALL_LME
2012-09-10,214650.0,8032.0,8050.5,-18.5,WESTMETALL_LME
2012-09-11,214600.0,8080.0,8080.0,0.0,WESTMETALL_LME
2012-09-12,215775.0,8100.5,8115.5,-15.0,WESTMETALL_LME
2012-09-13,216325.0,8055.5,8075.5,-20.0,WESTMETALL_LME
2012-09-14,217175.0,8400.5,8403.0,-2.5,WESTMETALL_LME
2012-09-17,216700.0,8293.0,8312.0,-19.0,WESTMETALL_LME
2012-09-18,213925.0,8224.0,8250.0,-26.0,WESTMETALL_LME
2012-09-19,212575.0,8323.0,8330.5,-7.5,WESTMETALL_LME
2012-09-20,220350.0,8202.0,8220.0,-18.0,WESTMETALL_LME
2012-09-21,219475.0,8282.0,8280.5,1.5,WESTMETALL_LME
2012-09-24,219950.0,8155.5,8168.0,-12.5,WESTMETALL_LME
2012-09-25,220300.0,8235.5,8240.0,-4.5,WESTMETALL_LME
2012-09-26,220525.0,8130.5,8133.5,-3.0,WESTMETALL_LME
2012-09-27,220075.0,8175.0,8173.0,2.0,WESTMETALL_LME
2012-09-28,219400.0,8267.5,8247.0,20.5,WESTMETALL_LME
2012-10-01,223500.0,8191.5,8190.5,1.0,WESTMETALL_LME
2012-10-02,224150.0,8340.0,8339.0,1.0,WESTMETALL_LME
2012-10-03,223450.0,8276.0,8284.5,-8.5,WESTMETALL_LME
2012-10-04,223400.0,8325.0,8330.0,-5.0,WESTMETALL_LME
2012-10-05,222675.0,8299.0,8295.5,3.5,WESTMETALL_LME
2012-10-08,222500.0,8133.0,8135.5,-2.5,WESTMETALL_LME
2012-10-09,221050.0,8183.0,8189.5,-6.5,WESTMETALL_LME
2012-10-10,219425.0,8124.5,8128.0,-3.5,WESTMETALL_LME
2012-10-11,219550.0,8212.0,8212.5,-0.5,WESTMETALL_LME
2012-10-12,215900.0,8179.0,8175.5,3.5,WESTMETALL_LME
2012-10-15,212275.0,8130.0,8122.0,8.0,WESTMETALL_LME
2012-10-16,210725.0,8141.5,8146.0,-4.5,WESTMETALL_LME
2012-10-17,224450.0,8112.5,8120.5,-8.0,WESTMETALL_LME
2012-10-18,225150.0,8210.0,8217.0,-7.0,WESTMETALL_LME
2012-10-19,220900.0,8121.0,8125.0,-4.0,WESTMETALL_LME
2012-10-22,222425.0,7983.5,7990.5,-7.0,WESTMETALL_LME
2012-10-23,222600.0,7861.0,7860.0,1.0,WESTMETALL_LME
2012-10-24,222350.0,7860.5,7859.5,1.0,WESTMETALL_LME
2012-10-25,218700.0,7852.0,7847.0,5.0,WESTMETALL_LME
2012-10-26,219800.0,7765.0,7770.0,-5.0,WESTMETALL_LME
2012-10-29,240450.0,7720.0,7711.0,9.0,WESTMETALL_LME
2012-10-30,240525.0,7760.0,7760.0,0.0,WESTMETALL_LME
2012-10-31,239775.0,7819.0,7824.0,-5.0,WESTMETALL_LME
2012-11-01,239600.0,7811.0,7815.5,-4.5,WESTMETALL_LME
2012-11-02,242975.0,7765.5,7785.0,-19.5,WESTMETALL_LME
2012-11-05,241325.0,7604.0,7607.0,-3.0,WESTMETALL_LME
2012-11-06,247400.0,7661.0,7671.0,-10.0,WESTMETALL_LME
2012-11-07,245575.0,7654.5,7662.0,-7.5,WESTMETALL_LME
2012-11-08,244850.0,7605.5,7609.0,-3.5,WESTMETALL_LME
2012-11-09,246275.0,7540.5,7536.5,4.0,WESTMETALL_LME
2012-11-12,245500.0,7626.5,7640.0,-13.5,WESTMETALL_LME
2012-11-13,254350.0,7606.5,7614.0,-7.5,WESTMETALL_LME
2012-11-14,254175.0,7635.0,7643.0,-8.0,WESTMETALL_LME
2012-11-15,253475.0,7605.5,7616.0,-10.5,WESTMETALL_LME
2012-11-16,255175.0,7573.0,7583.5,-10.5,WESTMETALL_LME
2012-11-19,254050.0,7670.5,7693.5,-23.0,WESTMETALL_LME
2012-11-20,253700.0,7731.0,7751.0,-20.0,WESTMETALL_LME
2012-11-21,253875.0,7705.0,7725.0,-20.0,WESTMETALL_LME
2012-11-22,251100.0,7716.0,7736.0,-20.0,WESTMETALL_LME
2012-11-23,249825.0,7676.0,7693.0,-17.0,WESTMETALL_LME
2012-11-26,249825.0,7770.5,7790.0,-19.5,WESTMETALL_LME
2012-11-27,249550.0,7796.0,7805.5,-9.5,WESTMETALL_LME
2012-11-28,249975.0,7720.0,7744.0,-24.0,WESTMETALL_LME
2012-11-29,249125.0,7850.0,7867.0,-17.0,WESTMETALL_LME
2012-11-30,248150.0,7949.0,7955.0,-6.0,WESTMETALL_LME
2012-12-03,251050.0,7975.5,8015.0,-39.5,WESTMETALL_LME
2012-12-04,249375.0,7991.0,8010.5,-19.5,WESTMETALL_LME
2012-12-05,249025.0,8022.0,8055.0,-33.0,WESTMETALL_LME
2012-12-06,253575.0,8020.5,8047.0,-26.5,WESTMETALL_LME
2012-12-07,255200.0,7965.5,7991.5,-26.0,WESTMETALL_LME
2012-12-10,259050.0,8111.5,8138.5,-27.0,WESTMETALL_LME
2012-12-11,261725.0,8070.0,8100.5,-30.5,WESTMETALL_LME
2012-12-12,269200.0,8102.0,8130.5,-28.5,WESTMETALL_LME
2012-12-13,269875.0,8000.5,8030.5,-30.0,WESTMETALL_LME
2012-12-14,272800.0,8047.5,8065.5,-18.0,WESTMETALL_LME
2012-12-17,298625.0,8001.0,8025.5,-24.5,WESTMETALL_LME
2012-12-18,300500.0,8005.5,8038.0,-32.5,WESTMETALL_LME
2012-12-19,304900.0,7946.0,7987.0,-41.0,WESTMETALL_LME
2012-12-20,311925.0,7825.5,7852.0,-26.5,WESTMETALL_LME
2012-12-21,312400.0,7768.5,7792.0,-23.5,WESTMETALL_LME
2012-12-24,317350.0,7780.0,7801.5,-21.5,WESTMETALL_LME
2012-12-27,318000.0,7871.5,7900.0,-28.5,WESTMETALL_LME
2012-12-28,318050.0,7870.0,7875.0,-5.0,WESTMETALL_LME
2012-12-31,320050.0,7915.0,7930.0,-15.0,WESTMETALL_LME
2013-01-02,320500.0,8085.0,8112.0,-27.0,WESTMETALL_LME
2013-01-03,320000.0,8140.5,8166.0,-25.5,WESTMETALL_LME
2013-01-04,320225.0,8026.0,8060.0,-34.0,WESTMETALL_LME
2013-01-07,319400.0,7995.5,8032.5,-37.0,WESTMETALL_LME
2013-01-08,327375.0,8050.5,8085.5,-35.0,WESTMETALL_LME
2013-01-09,329050.0,8059.0,8095.0,-36.0,WESTMETALL_LME
2013-01-10,326575.0,8117.0,8150.0,-33.0,WESTMETALL_LME
2013-01-11,330450.0,8071.0,8090.0,-19.0,WESTMETALL_LME
2013-01-14,329725.0,8030.0,8070.0,-40.0,WESTMETALL_LME
2013-01-15,333275.0,7945.0,7970.5,-25.5,WESTMETALL_LME
2013-01-16,349275.0,7910.5,7940.0,-29.5,WESTMETALL_LME
2013-01-17,345925.0,7930.0,7960.0,-30.0,WESTMETALL_LME
2013-01-18,345375.0,8053.0,8085.0,-32.0,WESTMETALL_LME
2013-01-21,345525.0,8020.5,8051.5,-31.0,WESTMETALL_LME
2013-01-22,342450.0,8068.0,8105.0,-37.0,WESTMETALL_LME
2013-01-23,344925.0,8115.5,8150.0,-34.5,WESTMETALL_LME
2013-01-24,344850.0,8036.0,8076.0,-40.0,WESTMETALL_LME
2013-01-25,342900.0,8060.0,8091.0,-31.0,WESTMETALL_LME
2013-01-28,341000.0,8015.0,8050.0,-35.0,WESTMETALL_LME
2013-01-29,371750.0,8010.5,8046.0,-35.5,WESTMETALL_LME
2013-01-30,371425.0,8175.5,8215.0,-39.5,WESTMETALL_LME
2013-01-31,371750.0,8170.0,8216.0,-46.0,WESTMETALL_LME
2013-02-01,376000.0,8160.0,8190.0,-30.0,WESTMETALL_LME
2013-02-04,374200.0,8226.0,8265.0,-39.0,WESTMETALL_LME
2013-02-05,385050.0,8242.5,8286.0,-43.5,WESTMETALL_LME
2013-02-06,386500.0,8200.0,8230.5,-30.5,WESTMETALL_LME
2013-02-07,388900.0,8212.0,8253.0,-41.0,WESTMETALL_LME
2013-02-08,399825.0,8215.0,8241.0,-26.0,WESTMETALL_LME
2013-02-11,399775.0,8216.0,8258.0,-42.0,WESTMETALL_LME
2013-02-12,399850.0,8184.5,8220.0,-35.5,WESTMETALL_LME
2013-02-13,398925.0,8221.0,8260.5,-39.5,WESTMETALL_LME
2013-02-14,399125.0,8197.0,8235.0,-38.0,WESTMETALL_LME
2013-02-15,401675.0,8198.5,8235.5,-37.0,WESTMETALL_LME
2013-02-18,404300.0,8075.5,8113.0,-37.5,WESTMETALL_LME
2013-02-19,411250.0,8070.0,8107.0,-37.0,WESTMETALL_LME
2013-02-20,412950.0,8009.5,8039.0,-29.5,WESTMETALL_LME
2013-02-21,420250.0,7847.5,7875.0,-27.5,WESTMETALL_LME
2013-02-22,424350.0,7825.0,7849.0,-24.0,WESTMETALL_LME
2013-02-25,430725.0,7865.5,7890.0,-24.5,WESTMETALL_LME
2013-02-26,438375.0,7785.0,7795.0,-10.0,WESTMETALL_LME
2013-02-27,444350.0,7831.0,7864.0,-33.0,WESTMETALL_LME
2013-02-28,446700.0,7828.0,7855.0,-27.0,WESTMETALL_LME
2013-03-01,458775.0,7620.5,7665.0,-44.5,WESTMETALL_LME
2013-03-04,462400.0,7751.0,7742.0,9.0,WESTMETALL_LME
2013-03-05,472975.0,7720.0,7745.0,-25.0,WESTMETALL_LME
2013-03-06,473750.0,7699.5,7733.5,-34.0,WESTMETALL_LME
2013-03-07,481225.0,7671.0,7710.5,-39.5,WESTMETALL_LME
2013-03-08,509425.0,7730.0,7745.0,-15.0,WESTMETALL_LME
2013-03-11,513550.0,7677.0,7701.5,-24.5,WESTMETALL_LME
2013-03-12,517900.0,7815.0,7840.0,-25.0,WESTMETALL_LME
2013-03-13,520500.0,7777.5,7808.0,-30.5,WESTMETALL_LME
2013-03-14,522250.0,7762.0,7790.5,-28.5,WESTMETALL_LME
2013-03-15,525825.0,7782.0,7811.5,-29.5,WESTMETALL_LME
2013-03-18,543925.0,7555.5,7590.0,-34.5,WESTMETALL_LME
2013-03-19,547025.0,7539.0,7569.0,-30.0,WESTMETALL_LME
2013-03-20,550825.0,7574.5,7605.0,-30.5,WESTMETALL_LME
2013-03-21,557450.0,7580.0,7626.5,-46.5,WESTMETALL_LME
2013-03-22,562475.0,7618.0,7656.0,-38.0,WESTMETALL_LME
2013-03-25,565350.0,7602.0,7640.0,-38.0,WESTMETALL_LME
2013-03-26,566325.0,7631.0,7661.0,-30.0,WESTMETALL_LME
2013-03-27,567900.0,7570.0,7605.0,-35.0,WESTMETALL_LME
2013-03-28,569775.0,7582.5,7613.5,-31.0,WESTMETALL_LME
2013-04-02,571125.0,7434.5,7469.0,-34.5,WESTMETALL_LME
2013-04-03,572325.0,7405.5,7436.5,-31.0,WESTMETALL_LME
2013-04-04,579175.0,7336.5,7375.0,-38.5,WESTMETALL_LME
2013-04-05,579600.0,7376.0,7415.0,-39.0,WESTMETALL_LME
2013-04-08,579400.0,7457.5,7491.0,-33.5,WESTMETALL_LME
2013-04-09,587550.0,7485.5,7516.0,-30.5,WESTMETALL_LME
2013-04-10,587925.0,7547.0,7575.5,-28.5,WESTMETALL_LME
2013-04-11,590175.0,7510.0,7545.0,-35.0,WESTMETALL_LME
2013-04-12,593650.0,7510.0,7545.5,-35.5,WESTMETALL_LME
2013-04-15,611175.0,7120.5,7155.5,-35.0,WESTMETALL_LME
2013-04-16,611925.0,7219.0,7250.5,-31.5,WESTMETALL_LME
2013-04-17,608525.0,7067.0,7091.0,-24.0,WESTMETALL_LME
2013-04-18,612350.0,6962.5,6997.0,-34.5,WESTMETALL_LME
2013-04-19,614350.0,6975.0,7010.0,-35.0,WESTMETALL_LME
2013-04-22,613075.0,6875.5,6916.0,-40.5,WESTMETALL_LME
2013-04-23,621600.0,6811.0,6842.0,-31.0,WESTMETALL_LME
2013-04-24,620375.0,6935.5,6974.0,-38.5,WESTMETALL_LME
2013-04-25,618475.0,7035.0,7055.5,-20.5,WESTMETALL_LME
2013-04-26,619600.0,7054.5,7100.0,-45.5,WESTMETALL_LME
2013-04-29,617650.0,7079.0,7117.0,-38.0,WESTMETALL_LME
2013-04-30,618600.0,7073.5,7105.5,-32.0,WESTMETALL_LME
2013-05-01,618175.0,6875.0,6906.5,-31.5,WESTMETALL_LME
2013-05-02,616125.0,6870.5,6900.0,-29.5,WESTMETALL_LME
2013-05-03,608700.0,7122.0,7151.0,-29.0,WESTMETALL_LME
2013-05-07,604600.0,7240.5,7270.5,-30.0,WESTMETALL_LME
2013-05-08,605825.0,7326.0,7355.0,-29.0,WESTMETALL_LME
2013-05-09,605750.0,7311.0,7336.0,-25.0,WESTMETALL_LME
2013-05-10,604250.0,7390.5,7377.0,13.5,WESTMETALL_LME
2013-05-13,606700.0,7350.5,7380.0,-29.5,WESTMETALL_LME
2013-05-14,618700.0,7195.5,7225.5,-30.0,WESTMETALL_LME
2013-05-15,627525.0,7095.5,7145.0,-49.5,WESTMETALL_LME
2013-05-16,624400.0,7095.5,7125.5,-30.0,WESTMETALL_LME
2013-05-17,629950.0,7329.5,7350.0,-20.5,WESTMETALL_LME
2013-05-20,628025.0,7276.0,7297.0,-21.0,WESTMETALL_LME
2013-05-21,624525.0,7384.0,7410.0,-26.0,WESTMETALL_LME
2013-05-22,627275.0,7480.0,7510.0,-30.0,WESTMETALL_LME
2013-05-23,623875.0,7285.5,7320.0,-34.5,WESTMETALL_LME
2013-05-24,621175.0,7240.0,7277.0,-37.0,WESTMETALL_LME
2013-05-28,619650.0,7257.0,7299.5,-42.5,WESTMETALL_LME
2013-05-29,613725.0,7201.5,7235.5,-34.0,WESTMETALL_LME
2013-05-30,611125.0,7245.5,7285.5,-40.0,WESTMETALL_LME
2013-05-31,608450.0,7241.0,7270.5,-29.5,WESTMETALL_LME
2013-06-03,617225.0,7330.5,7365.5,-35.0,WESTMETALL_LME
2013-06-04,614075.0,7337.5,7370.5,-33.0,WESTMETALL_LME
2013-06-05,612300.0,7421.5,7460.5,-39.0,WESTMETALL_LME
2013-06-06,610375.0,7311.0,7346.5,-35.5,WESTMETALL_LME
2013-06-07,609875.0,7282.0,7316.0,-34.0,WESTMETALL_LME
2013-06-10,609000.0,7120.0,7155.0,-35.0,WESTMETALL_LME
2013-06-11,609250.0,7036.0,7070.5,-34.5,WESTMETALL_LME
2013-06-12,609550.0,7086.0,7121.0,-35.0,WESTMETALL_LME
2013-06-13,608300.0,7057.5,7093.5,-36.0,WESTMETALL_LME
2013-06-14,618075.0,7045.0,7085.5,-40.5,WESTMETALL_LME
2013-06-17,629475.0,7020.5,7067.0,-46.5,WESTMETALL_LME
2013-06-18,632150.0,6970.5,7010.5,-40.0,WESTMETALL_LME
2013-06-19,638325.0,6972.5,7005.0,-32.5,WESTMETALL_LME
2013-06-20,643125.0,6808.0,6835.5,-27.5,WESTMETALL_LME
2013-06-21,664850.0,6777.0,6806.0,-29.0,WESTMETALL_LME
2013-06-24,678225.0,6637.5,6676.0,-38.5,WESTMETALL_LME
2013-06-25,674850.0,6726.5,6765.5,-39.0,WESTMETALL_LME
2013-06-26,671100.0,6685.5,6715.5,-30.0,WESTMETALL_LME
2013-06-27,667425.0,6705.5,6732.0,-26.5,WESTMETALL_LME
2013-06-28,665775.0,6750.5,6775.5,-25.0,WESTMETALL_LME
2013-07-01,662275.0,6917.0,6919.0,-2.0,WESTMETALL_LME
2013-07-02,659200.0,6980.0,6950.0,30.0,WESTMETALL_LME
2013-07-03,660725.0,6922.0,6920.5,1.5,WESTMETALL_LME
2013-07-04,663175.0,6920.5,6926.0,-5.5,WESTMETALL_LME
2013-07-05,660000.0,6821.0,6842.5,-21.5,WESTMETALL_LME
2013-07-08,656600.0,6765.0,6779.0,-14.0,WESTMETALL_LME
2013-07-09,650125.0,6719.0,6728.0,-9.0,WESTMETALL_LME
2013-07-10,646000.0,6780.0,6785.0,-5.0,WESTMETALL_LME
2013-07-11,645175.0,6995.5,7020.0,-24.5,WESTMETALL_LME
2013-07-12,640775.0,6923.0,6940.5,-17.5,WESTMETALL_LME
2013-07-15,637850.0,6891.5,6920.0,-28.5,WESTMETALL_LME
2013-07-16,641825.0,6936.5,6965.0,-28.5,WESTMETALL_LME
2013-07-17,641225.0,6924.0,6940.0,-16.0,WESTMETALL_LME
2013-07-18,640600.0,6855.5,6887.0,-31.5,WESTMETALL_LME
2013-07-19,638325.0,6920.0,6925.0,-5.0,WESTMETALL_LME
2013-07-22,634650.0,6980.0,6990.5,-10.5,WESTMETALL_LME
2013-07-23,632050.0,6961.0,6990.5,-29.5,WESTMETALL_LME
2013-07-24,627675.0,7076.5,7098.0,-21.5,WESTMETALL_LME
2013-07-25,622950.0,6927.5,6950.0,-22.5,WESTMETALL_LME
2013-07-26,621175.0,6905.5,6925.0,-19.5,WESTMETALL_LME
2013-07-29,618775.0,6860.5,6883.0,-22.5,WESTMETALL_LME
2013-07-30,613550.0,6752.0,6775.0,-23.0,WESTMETALL_LME
2013-07-31,612800.0,6805.0,6810.0,-5.0,WESTMETALL_LME
2013-08-01,610725.0,6999.0,7010.0,-11.0,WESTMETALL_LME
2013-08-02,608675.0,7019.0,7031.0,-12.0,WESTMETALL_LME
2013-08-05,606900.0,6950.5,6966.0,-15.5,WESTMETALL_LME
2013-08-06,605125.0,7026.5,7045.0,-18.5,WESTMETALL_LME
2013-08-07,601600.0,6892.0,6920.0,-28.0,WESTMETALL_LME
2013-08-08,597575.0,7121.5,7157.5,-36.0,WESTMETALL_LME
2013-08-09,594500.0,7186.0,7211.0,-25.0,WESTMETALL_LME
2013-08-12,592950.0,7246.0,7275.0,-29.0,WESTMETALL_LME
2013-08-13,589725.0,7281.0,7317.0,-36.0,WESTMETALL_LME
2013-08-14,588450.0,7272.5,7300.0,-27.5,WESTMETALL_LME
2013-08-15,584200.0,7228.0,7248.0,-20.0,WESTMETALL_LME
2013-08-16,584075.0,7335.5,7374.5,-39.0,WESTMETALL_LME
2013-08-19,577450.0,7285.5,7305.5,-20.0,WESTMETALL_LME
2013-08-20,572525.0,7265.5,7300.0,-34.5,WESTMETALL_LME
2013-08-21,566925.0,7236.0,7271.0,-35.0,WESTMETALL_LME
2013-08-22,565500.0,7340.5,7368.0,-27.5,WESTMETALL_LME
2013-08-23,564225.0,7300.5,7331.5,-31.0,WESTMETALL_LME
2013-08-27,576350.0,7300.5,7317.0,-16.5,WESTMETALL_LME
2013-08-28,574825.0,7236.0,7277.0,-41.0,WESTMETALL_LME
2013-08-29,577675.0,7210.5,7241.0,-30.5,WESTMETALL_LME
2013-08-30,588000.0,7095.0,7122.5,-27.5,WESTMETALL_LME
2013-09-02,589750.0,7175.5,7200.0,-24.5,WESTMETALL_LME
2013-09-03,602850.0,7183.5,7215.0,-31.5,WESTMETALL_LME
2013-09-04,603900.0,7125.5,7160.0,-34.5,WESTMETALL_LME
2013-09-05,603275.0,7103.0,7132.0,-29.0,WESTMETALL_LME
2013-09-06,600275.0,7170.5,7200.0,-29.5,WESTMETALL_LME
2013-09-09,594625.0,7191.5,7226.0,-34.5,WESTMETALL_LME
2013-09-10,588475.0,7172.0,7207.0,-35.0,WESTMETALL_LME
2013-09-11,585275.0,7163.0,7192.0,-29.0,WESTMETALL_LME
2013-09-12,579750.0,7043.5,7076.5,-33.0,WESTMETALL_LME
2013-09-13,577525.0,7028.5,7060.0,-31.5,WESTMETALL_LME
2013-09-16,574675.0,7050.0,7085.0,-35.0,WESTMETALL_LME
2013-09-17,574600.0,7056.5,7087.0,-30.5,WESTMETALL_LME
2013-09-18,571950.0,7090.5,7118.0,-27.5,WESTMETALL_LME
2013-09-19,568575.0,7301.5,7330.5,-29.0,WESTMETALL_LME
2013-09-20,562250.0,7295.0,7329.5,-34.5,WESTMETALL_LME
2013-09-23,556875.0,7181.0,7215.5,-34.5,WESTMETALL_LME
2013-09-24,551050.0,7140.5,7173.0,-32.5,WESTMETALL_LME
2013-09-25,547550.0,7155.0,7190.0,-35.0,WESTMETALL_LME
2013-09-26,545625.0,7220.5,7245.0,-24.5,WESTMETALL_LME
2013-09-27,541125.0,7252.5,7275.5,-23.0,WESTMETALL_LME
2013-09-30,538025.0,7290.5,7296.0,-5.5,WESTMETALL_LME
2013-10-01,533325.0,7219.0,7236.0,-17.0,WESTMETALL_LME
2013-10-02,531875.0,7156.0,7182.0,-26.0,WESTMETALL_LME
2013-10-03,529950.0,7215.5,7245.5,-30.0,WESTMETALL_LME
2013-10-04,525925.0,7148.0,7182.0,-34.0,WESTMETALL_LME
2013-10-07,523425.0,7171.0,7204.5,-33.5,WESTMETALL_LME
2013-10-08,517100.0,7231.5,7268.0,-36.5,WESTMETALL_LME
2013-10-09,515575.0,7141.0,7178.5,-37.5,WESTMETALL_LME
2013-10-10,512450.0,7112.5,7142.0,-29.5,WESTMETALL_LME
2013-10-11,509325.0,7125.0,7156.5,-31.5,WESTMETALL_LME
2013-10-14,508575.0,7205.5,7225.5,-20.0,WESTMETALL_LME
2013-10-15,503425.0,7186.0,7215.5,-29.5,WESTMETALL_LME
2013-10-16,502750.0,7158.5,7182.0,-23.5,WESTMETALL_LME
2013-10-17,500325.0,7172.0,7205.0,-33.0,WESTMETALL_LME
2013-10-18,497500.0,7241.5,7270.0,-28.5,WESTMETALL_LME
2013-10-21,494850.0,7225.5,7250.0,-24.5,WESTMETALL_LME
2013-10-22,492350.0,7260.0,7274.0,-14.0,WESTMETALL_LME
2013-10-23,489400.0,7200.5,7215.5,-15.0,WESTMETALL_LME
2013-10-24,485050.0,7160.0,7171.0,-11.0,WESTMETALL_LME
2013-10-25,480875.0,7126.0,7134.5,-8.5,WESTMETALL_LME
2013-10-28,478200.0,7161.0,7177.0,-16.0,WESTMETALL_LME
2013-10-29,476675.0,7215.5,7224.0,-8.5,WESTMETALL_LME
2013-10-30,476025.0,7275.5,7278.0,-2.5,WESTMETALL_LME
2013-10-31,476150.0,7234.0,7241.0,-7.0,WESTMETALL_LME
2013-11-01,476400.0,7255.5,7264.0,-8.5,WESTMETALL_LME
2013-11-04,474675.0,7180.0,7190.5,-10.5,WESTMETALL_LME
2013-11-05,469975.0,7138.5,7155.0,-16.5,WESTMETALL_LME
2013-11-06,468925.0,7200.0,7198.0,2.0,WESTMETALL_LME
2013-11-07,467025.0,7119.0,7118.0,1.0,WESTMETALL_LME
2013-11-08,465650.0,7125.5,7127.0,-1.5,WESTMETALL_LME
2013-11-11,462875.0,7135.0,7131.0,4.0,WESTMETALL_LME
2013-11-12,459425.0,7124.0,7128.5,-4.5,WESTMETALL_LME
2013-11-13,457475.0,7021.5,7030.0,-8.5,WESTMETALL_LME
2013-11-14,455725.0,6939.0,6949.0,-10.0,WESTMETALL_LME
2013-11-15,451650.0,6967.5,6975.5,-8.0,WESTMETALL_LME
2013-11-18,448950.0,6999.5,6996.0,3.5,WESTMETALL_LME
2013-11-19,447650.0,6947.0,6957.0,-10.0,WESTMETALL_LME
2013-11-20,445700.0,6980.0,6985.0,-5.0,WESTMETALL_LME
2013-11-21,442125.0,6992.0,6994.0,-2.0,WESTMETALL_LME
2013-11-22,439100.0,7065.5,7065.0,0.5,WESTMETALL_LME
2013-11-25,437500.0,7067.5,7070.0,-2.5,WESTMETALL_LME
2013-11-26,434850.0,7071.0,7075.0,-4.0,WESTMETALL_LME
2013-11-27,431900.0,7051.5,7070.0,-18.5,WESTMETALL_LME
2013-11-28,429200.0,6988.0,6996.0,-8.0,WESTMETALL_LME
2013-11-29,423825.0,7027.0,7030.0,-3.0,WESTMETALL_LME
2013-12-02,420400.0,7008.5,7014.0,-5.5,WESTMETALL_LME
2013-12-03,418750.0,6945.0,6948.5,-3.5,WESTMETALL_LME
2013-12-04,415425.0,6975.0,6975.0,0.0,WESTMETALL_LME
2013-12-05,411400.0,7081.0,7086.0,-5.0,WESTMETALL_LME
2013-12-06,408100.0,7113.0,7112.0,1.0,WESTMETALL_LME
2013-12-09,405275.0,7141.0,7145.0,-4.0,WESTMETALL_LME
2013-12-10,402050.0,7165.5,7161.0,4.5,WESTMETALL_LME
2013-12-11,399875.0,7169.5,7162.0,7.5,WESTMETALL_LME
2013-12-12,396075.0,7230.0,7214.5,15.5,WESTMETALL_LME
2013-12-13,393000.0,7218.5,7219.0,-0.5,WESTMETALL_LME
2013-12-16,389175.0,7325.5,7310.0,15.5,WESTMETALL_LME
2013-12-17,386550.0,7286.0,7272.0,14.0,WESTMETALL_LME
2013-12-18,384950.0,7230.0,7227.0,3.0,WESTMETALL_LME
2013-12-19,383925.0,7218.5,7217.0,1.5,WESTMETALL_LME
2013-12-20,382550.0,7264.5,7245.0,19.5,WESTMETALL_LME
2013-12-23,379100.0,7251.0,7238.5,12.5,WESTMETALL_LME
2013-12-24,371975.0,7280.0,7272.0,8.0,WESTMETALL_LME
2013-12-27,370950.0,7375.0,7365.5,9.5,WESTMETALL_LME
2013-12-30,367450.0,7387.0,7380.0,7.0,WESTMETALL_LME
2013-12-31,365700.0,7394.5,7371.0,23.5,WESTMETALL_LME
2014-01-02,365700.0,7439.5,7422.0,17.5,WESTMETALL_LME
2014-01-03,359075.0,7335.5,7323.0,12.5,WESTMETALL_LME
2014-01-06,356125.0,7313.5,7290.5,23.0,WESTMETALL_LME
2014-01-07,353075.0,7354.0,7335.0,19.0,WESTMETALL_LME
2014-01-08,351675.0,7368.0,7357.0,11.0,WESTMETALL_LME
2014-01-09,348250.0,7282.0,7263.5,18.5,WESTMETALL_LME
2014-01-10,343875.0,7283.5,7258.0,25.5,WESTMETALL_LME
2014-01-13,340775.0,7305.5,7276.0,29.5,WESTMETALL_LME
2014-01-14,337775.0,7343.0,7320.0,23.0,WESTMETALL_LME
2014-01-15,336250.0,7309.0,7291.0,18.0,WESTMETALL_LME
2014-01-16,336825.0,7345.5,7327.5,18.0,WESTMETALL_LME
2014-01-17,335775.0,7379.5,7340.0,39.5,WESTMETALL_LME
2014-01-20,334550.0,7340.0,7310.0,30.0,WESTMETALL_LME
2014-01-21,330675.0,7332.0,7282.0,50.0,WESTMETALL_LME
2014-01-22,328375.0,7327.0,7289.5,37.5,WESTMETALL_LME
2014-01-23,327400.0,7285.0,7258.0,27.0,WESTMETALL_LME
2014-01-24,326975.0,7240.0,7207.5,32.5,WESTMETALL_LME
2014-01-27,325400.0,7235.0,7200.0,35.0,WESTMETALL_LME
2014-01-28,322575.0,7215.0,7172.0,43.0,WESTMETALL_LME
2014-01-29,318800.0,7209.0,7160.0,49.0,WESTMETALL_LME
2014-01-30,316200.0,7155.0,7116.0,39.0,WESTMETALL_LME
2014-01-31,314525.0,7091.0,7062.5,28.5,WESTMETALL_LME
2014-02-03,313875.0,7095.5,7051.0,44.5,WESTMETALL_LME
2014-02-04,313275.0,7107.0,7060.0,47.0,WESTMETALL_LME
2014-02-05,311225.0,7096.0,7060.0,36.0,WESTMETALL_LME
2014-02-06,309250.0,7109.0,7060.5,48.5,WESTMETALL_LME
2014-02-07,308025.0,7200.0,7159.0,41.0,WESTMETALL_LME
2014-02-10,306400.0,7190.5,7144.0,46.5,WESTMETALL_LME
2014-02-11,303825.0,7120.0,7099.0,21.0,WESTMETALL_LME
2014-02-12,302050.0,7174.5,7137.0,37.5,WESTMETALL_LME
2014-02-13,300675.0,7157.0,7118.5,38.5,WESTMETALL_LME
2014-02-14,299125.0,7175.5,7131.0,44.5,WESTMETALL_LME
2014-02-17,296025.0,7210.0,7174.0,36.0,WESTMETALL_LME
2014-02-18,293150.0,7205.0,7171.0,34.0,WESTMETALL_LME
2014-02-19,290625.0,7220.0,7181.0,39.0,WESTMETALL_LME
2014-02-20,289600.0,7185.0,7132.0,53.0,WESTMETALL_LME
2014-02-21,285350.0,7211.5,7151.0,60.5,WESTMETALL_LME
2014-02-24,282475.0,7130.0,7061.5,68.5,WESTMETALL_LME
2014-02-25,279150.0,7115.0,7055.0,60.0,WESTMETALL_LME
2014-02-26,276400.0,7149.0,7076.5,72.5,WESTMETALL_LME
2014-02-27,274350.0,7095.0,7024.0,71.0,WESTMETALL_LME
2014-02-28,276225.0,7097.5,7026.0,71.5,WESTMETALL_LME
2014-03-03,273725.0,7032.5,6962.0,70.5,WESTMETALL_LME
2014-03-04,275200.0,7035.0,6996.0,39.0,WESTMETALL_LME
2014-03-05,273675.0,7102.5,7055.0,47.5,WESTMETALL_LME
2014-03-06,272175.0,7054.5,7035.0,19.5,WESTMETALL_LME
2014-03-07,269000.0,6930.5,6915.5,15.0,WESTMETALL_LME
2014-03-10,265400.0,6716.0,6690.5,25.5,WESTMETALL_LME
2014-03-11,257600.0,6720.5,6689.0,31.5,WESTMETALL_LME
2014-03-12,255500.0,6498.0,6470.0,28.0,WESTMETALL_LME
2014-03-13,253275.0,6495.0,6460.5,34.5,WESTMETALL_LME
2014-03-14,251300.0,6490.0,6467.0,23.0,WESTMETALL_LME
2014-03-17,253375.0,6550.0,6545.0,5.0,WESTMETALL_LME
2014-03-18,271750.0,6471.5,6450.5,21.0,WESTMETALL_LME
2014-03-19,269725.0,6446.0,6435.5,10.5,WESTMETALL_LME
2014-03-20,267850.0,6434.5,6430.0,4.5,WESTMETALL_LME
2014-03-21,265700.0,6539.5,6526.0,13.5,WESTMETALL_LME
2014-03-24,263675.0,6510.0,6503.0,7.0,WESTMETALL_LME
2014-03-25,266825.0,6559.5,6560.0,-0.5,WESTMETALL_LME
2014-03-26,269750.0,6555.0,6551.0,4.0,WESTMETALL_LME
2014-03-27,268550.0,6581.0,6570.0,11.0,WESTMETALL_LME
2014-03-28,267200.0,6667.0,6654.0,13.0,WESTMETALL_LME
2014-03-31,265175.0,6636.0,6626.0,10.0,WESTMETALL_LME
2014-04-01,263250.0,6632.0,6629.0,3.0,WESTMETALL_LME
2014-04-02,261375.0,6713.0,6707.0,6.0,WESTMETALL_LME
2014-04-03,260100.0,6606.0,6610.5,-4.5,WESTMETALL_LME
2014-04-04,257775.0,6677.0,6681.0,-4.0,WESTMETALL_LME
2014-04-07,254575.0,6610.5,6616.0,-5.5,WESTMETALL_LME
2014-04-08,252600.0,6652.0,6650.0,2.0,WESTMETALL_LME
2014-04-09,250775.0,6630.5,6626.0,4.5,WESTMETALL_LME
2014-04-10,250025.0,6637.5,6627.0,10.5,WESTMETALL_LME
2014-04-11,248325.0,6686.0,6690.5,-4.5,WESTMETALL_LME
2014-04-14,244950.0,6645.0,6635.5,9.5,WESTMETALL_LME
2014-04-15,242775.0,6630.0,6631.0,-1.0,WESTMETALL_LME
2014-04-16,242300.0,6600.0,6604.0,-4.0,WESTMETALL_LME
2014-04-17,242300.0,6631.0,6632.5,-1.5,WESTMETALL_LME
2014-04-22,241925.0,6628.5,6625.0,3.5,WESTMETALL_LME
2014-04-23,240975.0,6645.0,6636.0,9.0,WESTMETALL_LME
2014-04-24,239950.0,6731.0,6720.0,11.0,WESTMETALL_LME
2014-04-25,238950.0,6785.5,6775.0,10.5,WESTMETALL_LME
2014-04-28,237000.0,6782.0,6750.5,31.5,WESTMETALL_LME
2014-04-29,235075.0,6770.0,6750.0,20.0,WESTMETALL_LME
2014-04-30,233325.0,6724.0,6710.5,13.5,WESTMETALL_LME
2014-05-01,231000.0,6670.5,6642.0,28.5,WESTMETALL_LME
2014-05-02,229800.0,6699.0,6666.0,33.0,WESTMETALL_LME
2014-05-06,225425.0,6740.0,6699.5,40.5,WESTMETALL_LME
2014-05-07,216950.0,6688.0,6660.0,28.0,WESTMETALL_LME
2014-05-08,213025.0,6690.5,6659.0,31.5,WESTMETALL_LME
2014-05-09,208325.0,6770.0,6724.5,45.5,WESTMETALL_LME
2014-05-12,205325.0,6930.0,6878.0,52.0,WESTMETALL_LME
2014-05-13,202975.0,6884.5,6844.0,40.5,WESTMETALL_LME
2014-05-14,197475.0,6976.5,6927.0,49.5,WESTMETALL_LME
2014-05-15,191075.0,6949.0,6886.0,63.0,WESTMETALL_LME
2014-05-16,186525.0,6950.0,6877.0,73.0,WESTMETALL_LME
2014-05-19,186525.0,,,,WESTMETALL_LME
2014-05-20,180825.0,6922.5,6884.5,38.0,WESTMETALL_LME
2014-05-21,179100.0,6841.0,6805.0,36.0,WESTMETALL_LME
2014-05-22,177350.0,6945.5,6870.0,75.5,WESTMETALL_LME
2014-05-23,175850.0,6991.0,6919.0,72.0,WESTMETALL_LME
2014-05-26,175850.0,,,,WESTMETALL_LME
2014-05-27,176550.0,7020.0,6921.0,99.0,WESTMETALL_LME
2014-05-28,169825.0,7035.0,6945.0,90.0,WESTMETALL_LME
2014-05-29,172500.0,6970.0,6876.0,94.0,WESTMETALL_LME
2014-05-30,171350.0,6995.5,6906.0,89.5,WESTMETALL_LME
2014-06-02,170825.0,7003.0,6923.0,80.0,WESTMETALL_LME
2014-06-03,168825.0,6930.0,6868.0,62.0,WESTMETALL_LME
2014-06-04,168475.0,6835.0,6779.0,56.0,WESTMETALL_LME
2014-06-05,167925.0,6800.0,6771.0,29.0,WESTMETALL_LME
2014-06-06,167775.0,6660.5,6656.0,4.5,WESTMETALL_LME
2014-06-09,167250.0,6667.5,6660.0,7.5,WESTMETALL_LME
2014-06-10,166825.0,6695.5,6670.0,25.5,WESTMETALL_LME
2014-06-11,166750.0,6689.5,6657.0,32.5,WESTMETALL_LME
2014-06-12,165725.0,6725.0,6670.0,55.0,WESTMETALL_LME
2014-06-13,163700.0,6671.5,6642.0,29.5,WESTMETALL_LME
2014-06-16,162250.0,6735.0,6700.0,35.0,WESTMETALL_LME
2014-06-17,161200.0,6711.0,6702.0,9.0,WESTMETALL_LME
2014-06-18,160675.0,6739.0,6737.0,2.0,WESTMETALL_LME
2014-06-19,160000.0,6730.5,6725.0,5.5,WESTMETALL_LME
2014-06-20,159425.0,6777.5,6766.0,11.5,WESTMETALL_LME
2014-06-23,158575.0,6901.0,6880.0,21.0,WESTMETALL_LME
2014-06-24,157725.0,6898.5,6875.5,23.0,WESTMETALL_LME
2014-06-25,156825.0,6890.5,6871.0,19.5,WESTMETALL_LME
2014-06-26,156000.0,6936.5,6911.5,25.0,WESTMETALL_LME
2014-06-27,155150.0,6976.0,6938.5,37.5,WESTMETALL_LME
2014-06-30,154675.0,6955.0,6935.0,20.0,WESTMETALL_LME
2014-07-01,154700.0,7015.0,6995.5,19.5,WESTMETALL_LME
2014-07-02,156775.0,7050.0,7035.0,15.0,WESTMETALL_LME
2014-07-03,157050.0,7121.0,7118.0,3.0,WESTMETALL_LME
2014-07-04,156500.0,7159.0,7151.0,8.0,WESTMETALL_LME
2014-07-07,159350.0,7120.5,7115.5,5.0,WESTMETALL_LME
2014-07-08,158050.0,7155.0,7153.0,2.0,WESTMETALL_LME
2014-07-09,159075.0,7173.0,7156.0,17.0,WESTMETALL_LME
2014-07-10,158100.0,7110.0,7090.5,19.5,WESTMETALL_LME
2014-07-11,158475.0,7151.0,7140.0,11.0,WESTMETALL_LME
2014-07-14,159400.0,7154.5,7140.5,14.0,WESTMETALL_LME
2014-07-15,159375.0,7102.5,7105.0,-2.5,WESTMETALL_LME
2014-07-16,159175.0,7112.0,7123.0,-11.0,WESTMETALL_LME
2014-07-17,158575.0,7030.5,7041.0,-10.5,WESTMETALL_LME
2014-07-18,157700.0,7026.5,7026.0,0.5,WESTMETALL_LME
2014-07-21,158000.0,6989.5,6989.0,0.5,WESTMETALL_LME
2014-07-22,157125.0,7060.5,7065.0,-4.5,WESTMETALL_LME
2014-07-23,156300.0,7065.0,7070.5,-5.5,WESTMETALL_LME
2014-07-24,154350.0,7151.0,7145.0,6.0,WESTMETALL_LME
2014-07-25,152600.0,7183.5,7180.5,3.0,WESTMETALL_LME
2014-07-28,150900.0,7132.0,7120.5,11.5,WESTMETALL_LME
2014-07-29,149475.0,7116.0,7102.5,13.5,WESTMETALL_LME
2014-07-30,147925.0,7090.0,7065.0,25.0,WESTMETALL_LME
2014-07-31,146750.0,7135.5,7120.0,15.5,WESTMETALL_LME
2014-08-01,146200.0,7078.0,7060.0,18.0,WESTMETALL_LME
2014-08-04,146175.0,7104.0,7096.0,8.0,WESTMETALL_LME
2014-08-05,145575.0,7100.5,7103.5,-3.0,WESTMETALL_LME
2014-08-06,144350.0,6995.0,6977.0,18.0,WESTMETALL_LME
2014-08-07,143700.0,6980.5,6971.0,9.5,WESTMETALL_LME
2014-08-08,142275.0,7020.0,7005.0,15.0,WESTMETALL_LME
2014-08-11,141375.0,7010.5,7003.0,7.5,WESTMETALL_LME
2014-08-12,140675.0,7025.5,7010.5,15.0,WESTMETALL_LME
2014-08-13,141350.0,6925.5,6917.0,8.5,WESTMETALL_LME
2014-08-14,141350.0,6886.5,6873.0,13.5,WESTMETALL_LME
2014-08-15,141300.0,6852.5,6845.0,7.5,WESTMETALL_LME
2014-08-18,141275.0,6910.0,6887.0,23.0,WESTMETALL_LME
2014-08-19,145350.0,6934.5,6906.0,28.5,WESTMETALL_LME
2014-08-20,145200.0,6922.0,6905.0,17.0,WESTMETALL_LME
2014-08-21,146425.0,7003.0,6985.0,18.0,WESTMETALL_LME
2014-08-22,146325.0,7088.0,7077.0,11.0,WESTMETALL_LME
2014-08-26,146225.0,7096.0,7070.0,26.0,WESTMETALL_LME
2014-08-27,147375.0,7051.0,7030.0,21.0,WESTMETALL_LME
2014-08-28,148425.0,7033.0,7001.0,32.0,WESTMETALL_LME
2014-08-29,148150.0,6995.0,6971.0,24.0,WESTMETALL_LME
2014-09-01,148025.0,6966.5,6942.0,24.5,WESTMETALL_LME
2014-09-02,147825.0,6965.5,6947.0,18.5,WESTMETALL_LME
2014-09-03,154825.0,6927.0,6905.5,21.5,WESTMETALL_LME
2014-09-04,154700.0,6967.0,6950.0,17.0,WESTMETALL_LME
2014-09-05,154700.0,6973.0,6960.0,13.0,WESTMETALL_LME
2014-09-08,154600.0,7040.5,7030.0,10.5,WESTMETALL_LME
2014-09-09,154700.0,6937.0,6930.0,7.0,WESTMETALL_LME
2014-09-10,155625.0,6897.5,6871.0,26.5,WESTMETALL_LME
2014-09-11,155775.0,6829.0,6803.0,26.0,WESTMETALL_LME
2014-09-12,156475.0,6856.0,6835.5,20.5,WESTMETALL_LME
2014-09-15,156375.0,6850.0,6820.5,29.5,WESTMETALL_LME
2014-09-16,156325.0,6895.5,6857.5,38.0,WESTMETALL_LME
2014-09-17,155400.0,6958.5,6920.5,38.0,WESTMETALL_LME
2014-09-18,154775.0,6920.0,6884.0,36.0,WESTMETALL_LME
2014-09-19,154375.0,6868.5,6827.0,41.5,WESTMETALL_LME
2014-09-22,153700.0,6782.0,6735.0,47.0,WESTMETALL_LME
2014-09-23,152100.0,6797.0,6750.0,47.0,WESTMETALL_LME
2014-09-24,156100.0,6750.0,6715.0,35.0,WESTMETALL_LME
2014-09-25,155600.0,6766.0,6725.5,40.5,WESTMETALL_LME
2014-09-26,154500.0,6771.0,6721.0,50.0,WESTMETALL_LME
2014-09-29,154100.0,6735.5,6694.5,41.0,WESTMETALL_LME
2014-09-30,152550.0,6736.0,6687.0,49.0,WESTMETALL_LME
2014-10-01,152275.0,6755.0,6712.0,43.0,WESTMETALL_LME
2014-10-02,151375.0,6693.5,6652.0,41.5,WESTMETALL_LME
2014-10-03,150550.0,6665.0,6630.0,35.0,WESTMETALL_LME
2014-10-06,150050.0,6712.5,6680.0,32.5,WESTMETALL_LME
2014-10-07,150050.0,6715.0,6682.0,33.0,WESTMETALL_LME
2014-10-08,149625.0,6755.0,6706.0,49.0,WESTMETALL_LME
2014-10-09,149900.0,6767.0,6712.5,54.5,WESTMETALL_LME
2014-10-10,149650.0,6697.0,6640.0,57.0,WESTMETALL_LME
2014-10-13,151225.0,6802.0,6725.5,76.5,WESTMETALL_LME
2014-10-14,151725.0,6780.5,6729.0,51.5,WESTMETALL_LME
2014-10-15,154650.0,6781.0,6746.0,35.0,WESTMETALL_LME
2014-10-16,157675.0,6630.0,6585.0,45.0,WESTMETALL_LME
2014-10-17,157825.0,6629.0,6580.0,49.0,WESTMETALL_LME
2014-10-20,157725.0,6615.0,6570.5,44.5,WESTMETALL_LME
2014-10-21,157625.0,6660.0,6621.0,39.0,WESTMETALL_LME
2014-10-22,157525.0,6730.5,6690.0,40.5,WESTMETALL_LME
2014-10-23,157500.0,6718.5,6668.0,50.5,WESTMETALL_LME
2014-10-24,159550.0,6759.5,6696.0,63.5,WESTMETALL_LME
2014-10-27,159550.0,6800.5,6738.0,62.5,WESTMETALL_LME
2014-10-28,161050.0,6859.5,6800.0,59.5,WESTMETALL_LME
2014-10-29,162675.0,6855.0,6785.5,69.5,WESTMETALL_LME
2014-10-30,162625.0,6785.0,6706.0,79.0,WESTMETALL_LME
2014-10-31,162600.0,6835.5,6770.0,65.5,WESTMETALL_LME
2014-11-03,162100.0,6801.0,6730.0,71.0,WESTMETALL_LME
2014-11-04,162100.0,6705.5,6660.5,45.0,WESTMETALL_LME
2014-11-05,160350.0,6646.0,6584.0,62.0,WESTMETALL_LME
2014-11-06,160400.0,6681.0,6620.0,61.0,WESTMETALL_LME
2014-11-07,159775.0,6720.5,6645.0,75.5,WESTMETALL_LME
2014-11-10,161900.0,6735.5,6676.0,59.5,WESTMETALL_LME
2014-11-11,162025.0,6688.0,6625.5,62.5,WESTMETALL_LME
2014-11-12,160800.0,6752.5,6689.0,63.5,WESTMETALL_LME
2014-11-13,159950.0,6755.5,6695.5,60.0,WESTMETALL_LME
2014-11-14,159400.0,6695.0,6621.0,74.0,WESTMETALL_LME
2014-11-17,159125.0,6752.0,6676.0,76.0,WESTMETALL_LME
2014-11-18,160425.0,6684.0,6617.0,67.0,WESTMETALL_LME
2014-11-19,160825.0,6715.0,6644.0,71.0,WESTMETALL_LME
2014-11-20,161500.0,6688.0,6621.0,67.0,WESTMETALL_LME
2014-11-21,160825.0,6790.0,6725.5,64.5,WESTMETALL_LME
2014-11-24,161850.0,6731.0,6680.0,51.0,WESTMETALL_LME
2014-11-25,163200.0,6696.0,6654.0,42.0,WESTMETALL_LME
2014-11-26,162125.0,6649.0,6590.0,59.0,WESTMETALL_LME
2014-11-27,161950.0,6621.5,6562.0,59.5,WESTMETALL_LME
2014-11-28,164300.0,6515.5,6461.0,54.5,WESTMETALL_LME
2014-12-01,164800.0,6385.0,6313.0,72.0,WESTMETALL_LME
2014-12-02,166025.0,6455.0,6385.0,70.0,WESTMETALL_LME
2014-12-03,165475.0,6451.0,6391.0,60.0,WESTMETALL_LME
2014-12-04,164025.0,6491.0,6435.0,56.0,WESTMETALL_LME
2014-12-05,163475.0,6536.0,6479.0,57.0,WESTMETALL_LME
2014-12-08,164900.0,6465.5,6406.0,59.5,WESTMETALL_LME
2014-12-09,165850.0,6401.0,6355.0,46.0,WESTMETALL_LME
2014-12-10,166075.0,6476.0,6424.0,52.0,WESTMETALL_LME
2014-12-11,166450.0,6471.5,6422.0,49.5,WESTMETALL_LME
2014-12-12,166500.0,6526.5,6480.0,46.5,WESTMETALL_LME
2014-12-15,167425.0,6560.0,6500.0,60.0,WESTMETALL_LME
2014-12-16,172675.0,6390.0,6350.5,39.5,WESTMETALL_LME
2014-12-17,172200.0,6306.0,6270.0,36.0,WESTMETALL_LME
2014-12-18,170900.0,6350.5,6318.5,32.0,WESTMETALL_LME
2014-12-19,170000.0,6445.5,6397.0,48.5,WESTMETALL_LME
2014-12-22,168700.0,6426.5,6382.0,44.5,WESTMETALL_LME
2014-12-23,172225.0,6363.0,6316.5,46.5,WESTMETALL_LME
2014-12-24,171850.0,6361.0,6319.5,41.5,WESTMETALL_LME
2014-12-29,171850.0,6332.0,6254.0,78.0,WESTMETALL_LME
2014-12-30,172250.0,6330.0,6272.0,58.0,WESTMETALL_LME
2014-12-31,177025.0,6359.0,6289.5,69.5,WESTMETALL_LME
2015-01-02,177025.0,6309.0,6247.0,62.0,WESTMETALL_LME
2015-01-05,178425.0,6216.0,6150.0,66.0,WESTMETALL_LME
2015-01-06,178775.0,6191.0,6121.0,70.0,WESTMETALL_LME
2015-01-07,178675.0,6170.0,6105.0,65.0,WESTMETALL_LME
2015-01-08,179225.0,6230.5,6160.5,70.0,WESTMETALL_LME
2015-01-09,187475.0,6151.0,6081.0,70.0,WESTMETALL_LME
2015-01-12,187400.0,6131.0,6058.0,73.0,WESTMETALL_LME
2015-01-13,191325.0,5915.0,5840.0,75.0,WESTMETALL_LME
2015-01-14,194000.0,5627.0,5555.0,72.0,WESTMETALL_LME
2015-01-15,198725.0,5719.0,5667.0,52.0,WESTMETALL_LME
2015-01-16,200400.0,5660.0,5655.0,5.0,WESTMETALL_LME
2015-01-19,210600.0,5671.0,5642.5,28.5,WESTMETALL_LME
2015-01-20,216225.0,5760.5,5740.0,20.5,WESTMETALL_LME
2015-01-21,219450.0,5630.5,5600.0,30.5,WESTMETALL_LME
2015-01-22,225375.0,5742.0,5712.5,29.5,WESTMETALL_LME
2015-01-23,235150.0,5581.0,5551.0,30.0,WESTMETALL_LME
2015-01-26,236850.0,5490.0,5450.0,40.0,WESTMETALL_LME
2015-01-27,238225.0,5557.0,5521.5,35.5,WESTMETALL_LME
2015-01-28,244675.0,5485.5,5455.5,30.0,WESTMETALL_LME
2015-01-29,247450.0,5390.5,5369.0,21.5,WESTMETALL_LME
2015-01-30,248125.0,5505.0,5465.0,40.0,WESTMETALL_LME
2015-02-02,250025.0,5535.5,5506.0,29.5,WESTMETALL_LME
2015-02-03,250250.0,5695.0,5670.0,25.0,WESTMETALL_LME
2015-02-04,252100.0,5708.0,5686.0,22.0,WESTMETALL_LME
2015-02-05,284600.0,5595.0,5587.0,8.0,WESTMETALL_LME
2015-02-06,284450.0,5692.0,5666.0,26.0,WESTMETALL_LME
2015-02-09,286475.0,5666.0,5660.5,5.5,WESTMETALL_LME
2015-02-10,289200.0,5591.0,5581.0,10.0,WESTMETALL_LME
2015-02-11,288450.0,5645.5,5649.0,-3.5,WESTMETALL_LME
2015-02-12,292750.0,5695.0,5681.5,13.5,WESTMETALL_LME
2015-02-13,295300.0,5731.0,5720.0,11.0,WESTMETALL_LME
2015-02-16,295100.0,5712.0,5705.0,7.0,WESTMETALL_LME
2015-02-17,295475.0,5665.5,5665.5,0.0,WESTMETALL_LME
2015-02-18,298075.0,5690.0,5680.5,9.5,WESTMETALL_LME
2015-02-19,298650.0,5720.0,5708.0,12.0,WESTMETALL_LME
2015-02-20,298200.0,5707.0,5692.0,15.0,WESTMETALL_LME
2015-02-23,299675.0,5657.0,5651.0,6.0,WESTMETALL_LME
2015-02-24,295500.0,5715.0,5710.0,5.0,WESTMETALL_LME
2015-02-25,295050.0,5805.0,5782.0,23.0,WESTMETALL_LME
2015-02-26,295025.0,5935.5,5913.0,22.5,WESTMETALL_LME
2015-02-27,296375.0,5880.5,5841.0,39.5,WESTMETALL_LME
2015-03-02,297200.0,5896.0,5885.0,11.0,WESTMETALL_LME
2015-03-03,297400.0,5855.0,5836.0,19.0,WESTMETALL_LME
2015-03-04,308125.0,5882.0,5866.0,16.0,WESTMETALL_LME
2015-03-05,318375.0,5856.0,5829.5,26.5,WESTMETALL_LME
2015-03-06,323050.0,5826.5,5805.0,21.5,WESTMETALL_LME
2015-03-09,326050.0,5800.0,5770.5,29.5,WESTMETALL_LME
2015-03-10,328450.0,5783.5,5756.0,27.5,WESTMETALL_LME
2015-03-11,330425.0,5786.0,5767.0,19.0,WESTMETALL_LME
2015-03-12,330750.0,5865.5,5850.5,15.0,WESTMETALL_LME
2015-03-13,333575.0,5860.0,5837.5,22.5,WESTMETALL_LME
2015-03-16,337575.0,5853.0,5835.0,18.0,WESTMETALL_LME
2015-03-17,342200.0,5765.0,5746.0,19.0,WESTMETALL_LME
2015-03-18,340650.0,5692.5,5675.0,17.5,WESTMETALL_LME
2015-03-19,342600.0,5835.0,5812.0,23.0,WESTMETALL_LME
2015-03-20,341750.0,5920.0,5900.0,20.0,WESTMETALL_LME
2015-03-23,340925.0,6093.5,6061.0,32.5,WESTMETALL_LME
2015-03-24,342275.0,6128.0,6108.0,20.0,WESTMETALL_LME
2015-03-25,342625.0,6134.5,6110.0,24.5,WESTMETALL_LME
2015-03-26,339600.0,6230.0,6215.0,15.0,WESTMETALL_LME
2015-03-27,337175.0,6146.0,6125.0,21.0,WESTMETALL_LME
2015-03-30,334600.0,6110.0,6087.0,23.0,WESTMETALL_LME
2015-03-31,332300.0,6050.5,6021.0,29.5,WESTMETALL_LME
2015-04-01,332125.0,6019.5,6000.0,19.5,WESTMETALL_LME
2015-04-02,333550.0,6001.5,5983.0,18.5,WESTMETALL_LME
2015-04-07,333425.0,6041.0,6025.5,15.5,WESTMETALL_LME
2015-04-08,331000.0,6055.0,6030.0,25.0,WESTMETALL_LME
2015-04-09,330125.0,6050.0,6027.0,23.0,WESTMETALL_LME
2015-04-10,330050.0,6055.0,6040.5,14.5,WESTMETALL_LME
2015-04-13,333800.0,6011.5,5995.5,16.0,WESTMETALL_LME
2015-04-14,337500.0,5916.5,5913.0,3.5,WESTMETALL_LME
2015-04-15,337250.0,5920.5,5915.0,5.5,WESTMETALL_LME
2015-04-16,337225.0,6054.0,6062.0,-8.0,WESTMETALL_LME
2015-04-17,336600.0,6081.0,6082.0,-1.0,WESTMETALL_LME
2015-04-20,341275.0,6002.0,6010.0,-8.0,WESTMETALL_LME
2015-04-21,338300.0,5975.0,5967.5,7.5,WESTMETALL_LME
2015-04-22,337275.0,5927.0,5931.0,-4.0,WESTMETALL_LME
2015-04-23,336725.0,5935.0,5933.0,2.0,WESTMETALL_LME
2015-04-24,337675.0,6025.5,6030.0,-4.5,WESTMETALL_LME
2015-04-27,338425.0,6061.0,6060.0,1.0,WESTMETALL_LME
2015-04-28,338250.0,6090.5,6085.0,5.5,WESTMETALL_LME
2015-04-29,338125.0,6103.0,6087.0,16.0,WESTMETALL_LME
2015-04-30,337925.0,6245.0,6218.0,27.0,WESTMETALL_LME
2015-05-01,339625.0,6362.0,6355.0,7.0,WESTMETALL_LME
2015-05-05,341325.0,6410.0,6408.0,2.0,WESTMETALL_LME
2015-05-06,341000.0,6400.5,6404.0,-3.5,WESTMETALL_LME
2015-05-07,339725.0,6437.0,6435.0,2.0,WESTMETALL_LME
2015-05-08,339075.0,6396.5,6392.0,4.5,WESTMETALL_LME
2015-05-11,339475.0,6363.0,6363.0,0.0,WESTMETALL_LME
2015-05-12,338525.0,6448.0,6445.0,3.0,WESTMETALL_LME
2015-05-13,337850.0,6416.0,6413.0,3.0,WESTMETALL_LME
2015-05-14,338800.0,6399.0,6400.0,-1.0,WESTMETALL_LME
2015-05-15,338000.0,6356.0,6360.5,-4.5,WESTMETALL_LME
2015-05-18,337775.0,6383.0,6387.0,-4.0,WESTMETALL_LME
2015-05-19,337000.0,6270.0,6285.0,-15.0,WESTMETALL_LME
2015-05-20,334875.0,6208.0,6205.5,2.5,WESTMETALL_LME
2015-05-21,332225.0,6240.0,6238.0,2.0,WESTMETALL_LME
2015-05-22,330825.0,6197.5,6201.0,-3.5,WESTMETALL_LME
2015-05-26,327800.0,6134.5,6132.0,2.5,WESTMETALL_LME
2015-05-27,327500.0,6085.0,6084.0,1.0,WESTMETALL_LME
2015-05-28,325075.0,6117.0,6111.0,6.0,WESTMETALL_LME
2015-05-29,322150.0,6088.5,6095.0,-6.5,WESTMETALL_LME
2015-06-01,320950.0,5970.5,5990.0,-19.5,WESTMETALL_LME
2015-06-02,317500.0,5998.5,6010.0,-11.5,WESTMETALL_LME
2015-06-03,318625.0,5992.0,6011.0,-19.0,WESTMETALL_LME
2015-06-04,318100.0,5954.0,5960.0,-6.0,WESTMETALL_LME
2015-06-05,315125.0,5924.5,5938.0,-13.5,WESTMETALL_LME
2015-06-08,312300.0,5915.0,5930.0,-15.0,WESTMETALL_LME
2015-06-09,310825.0,5989.0,5993.0,-4.0,WESTMETALL_LME
2015-06-10,308025.0,6045.5,6050.0,-4.5,WESTMETALL_LME
2015-06-11,317475.0,5906.0,5920.0,-14.0,WESTMETALL_LME
2015-06-12,314025.0,5888.5,5904.0,-15.5,WESTMETALL_LME
2015-06-15,314400.0,5760.5,5790.0,-29.5,WESTMETALL_LME
2015-06-16,318600.0,5752.0,5786.0,-34.0,WESTMETALL_LME
2015-06-17,318100.0,5749.0,5772.0,-23.0,WESTMETALL_LME
2015-06-18,318925.0,5761.0,5779.5,-18.5,WESTMETALL_LME
2015-06-19,317700.0,5663.0,5680.0,-17.0,WESTMETALL_LME
2015-06-22,315475.0,5646.0,5670.0,-24.0,WESTMETALL_LME
2015-06-23,314250.0,5725.0,5734.0,-9.0,WESTMETALL_LME
2015-06-24,311475.0,5765.0,5779.5,-14.5,WESTMETALL_LME
2015-06-25,309275.0,5715.5,5732.0,-16.5,WESTMETALL_LME
2015-06-26,310300.0,5731.0,5744.0,-13.0,WESTMETALL_LME
2015-06-29,307650.0,5767.0,5775.0,-8.0,WESTMETALL_LME
2015-06-30,324100.0,5721.0,5734.0,-13.0,WESTMETALL_LME
2015-07-01,323450.0,5755.5,5764.0,-8.5,WESTMETALL_LME
2015-07-02,322075.0,5761.0,5781.5,-20.5,WESTMETALL_LME
2015-07-03,321975.0,5761.5,5780.0,-18.5,WESTMETALL_LME
2015-07-06,321500.0,5570.0,5590.0,-20.0,WESTMETALL_LME
2015-07-07,329175.0,5440.5,5455.0,-14.5,WESTMETALL_LME
2015-07-08,328250.0,5375.0,5385.0,-10.0,WESTMETALL_LME
2015-07-09,330050.0,5576.0,5590.0,-14.0,WESTMETALL_LME
2015-07-10,329725.0,5561.5,5580.0,-18.5,WESTMETALL_LME
2015-07-13,331450.0,5605.5,5625.0,-19.5,WESTMETALL_LME
2015-07-14,338200.0,5502.5,5526.0,-23.5,WESTMETALL_LME
2015-07-15,337525.0,5597.0,5621.0,-24.0,WESTMETALL_LME
2015-07-16,337200.0,5530.0,5546.0,-16.0,WESTMETALL_LME
2015-07-17,340325.0,5465.0,5490.0,-25.0,WESTMETALL_LME
2015-07-20,339775.0,5425.0,5446.0,-21.0,WESTMETALL_LME
2015-07-21,339475.0,5475.5,5505.0,-29.5,WESTMETALL_LME
2015-07-22,338975.0,5350.5,5369.5,-19.0,WESTMETALL_LME
2015-07-23,340675.0,5340.0,5350.5,-10.5,WESTMETALL_LME
2015-07-24,343250.0,5224.5,5240.5,-16.0,WESTMETALL_LME
2015-07-27,342925.0,5190.0,5200.0,-10.0,WESTMETALL_LME
2015-07-28,344125.0,5239.5,5255.0,-15.5,WESTMETALL_LME
2015-07-29,345050.0,5302.0,5315.5,-13.5,WESTMETALL_LME
2015-07-30,346125.0,5241.0,5255.0,-14.0,WESTMETALL_LME
2015-07-31,345475.0,5220.0,5221.0,-1.0,WESTMETALL_LME
2015-08-03,346525.0,5176.5,5187.0,-10.5,WESTMETALL_LME
2015-08-04,347500.0,5215.5,5227.0,-11.5,WESTMETALL_LME
2015-08-05,350825.0,5171.5,5179.5,-8.0,WESTMETALL_LME
2015-08-06,351600.0,5165.0,5176.0,-11.0,WESTMETALL_LME
2015-08-07,352325.0,5135.5,5145.5,-10.0,WESTMETALL_LME
2015-08-10,354125.0,5150.0,5165.0,-15.0,WESTMETALL_LME
2015-08-11,354950.0,5140.0,5160.5,-20.5,WESTMETALL_LME
2015-08-12,350000.0,5103.0,5118.5,-15.5,WESTMETALL_LME
2015-08-13,350075.0,5148.0,5156.0,-8.0,WESTMETALL_LME
2015-08-14,350325.0,5156.0,5165.0,-9.0,WESTMETALL_LME
2015-08-17,350650.0,5101.0,5107.0,-6.0,WESTMETALL_LME
2015-08-18,353600.0,5000.5,5005.0,-4.5,WESTMETALL_LME
2015-08-19,354200.0,5006.5,5007.0,-0.5,WESTMETALL_LME
2015-08-20,353625.0,5060.5,5065.0,-4.5,WESTMETALL_LME
2015-08-21,353825.0,5046.0,5040.5,5.5,WESTMETALL_LME
2015-08-24,356200.0,4888.0,4887.0,1.0,WESTMETALL_LME
2015-08-25,355550.0,5032.0,5011.0,21.0,WESTMETALL_LME
2015-08-26,369025.0,4959.0,4931.5,27.5,WESTMETALL_LME
2015-08-27,370425.0,5029.0,4999.0,30.0,WESTMETALL_LME
2015-08-28,371250.0,5095.0,5076.0,19.0,WESTMETALL_LME
2015-09-01,367650.0,5095.0,5084.0,11.0,WESTMETALL_LME
2015-09-02,362675.0,5090.5,5070.0,20.5,WESTMETALL_LME
2015-09-03,360825.0,5250.0,5223.5,26.5,WESTMETALL_LME
2015-09-04,355850.0,5155.5,5150.0,5.5,WESTMETALL_LME
2015-09-07,352325.0,5176.0,5171.0,5.0,WESTMETALL_LME
2015-09-08,346200.0,5280.0,5256.0,24.0,WESTMETALL_LME
2015-09-09,346850.0,5366.0,5354.0,12.0,WESTMETALL_LME
2015-09-10,344300.0,5400.0,5382.0,18.0,WESTMETALL_LME
2015-09-11,342000.0,5352.0,5336.0,16.0,WESTMETALL_LME
2015-09-14,340875.0,5324.0,5305.0,19.0,WESTMETALL_LME
2015-09-15,337525.0,5290.0,5278.0,12.0,WESTMETALL_LME
2015-09-16,334850.0,5350.0,5349.0,1.0,WESTMETALL_LME
2015-09-17,333050.0,5369.0,5362.0,7.0,WESTMETALL_LME
2015-09-18,335200.0,5358.0,5349.0,9.0,WESTMETALL_LME
2015-09-21,335850.0,5267.0,5255.0,12.0,WESTMETALL_LME
2015-09-22,330100.0,5131.0,5126.0,5.0,WESTMETALL_LME
2015-09-23,327175.0,5112.0,5108.0,4.0,WESTMETALL_LME
2015-09-24,322900.0,5046.0,5040.0,6.0,WESTMETALL_LME
2015-09-25,325275.0,5098.0,5071.0,27.0,WESTMETALL_LME
2015-09-28,324600.0,4965.0,4944.0,21.0,WESTMETALL_LME
2015-09-29,323975.0,5010.0,4994.5,15.5,WESTMETALL_LME
2015-09-30,323800.0,5093.0,5071.0,22.0,WESTMETALL_LME
2015-10-01,320400.0,5178.0,5168.0,10.0,WESTMETALL_LME
2015-10-02,319425.0,5081.0,5075.5,5.5,WESTMETALL_LME
2015-10-05,317600.0,5144.5,5134.5,10.0,WESTMETALL_LME
2015-10-06,312225.0,5175.0,5160.0,15.0,WESTMETALL_LME
2015-10-07,308100.0,5241.0,5240.0,1.0,WESTMETALL_LME
2015-10-08,305475.0,5160.0,5149.0,11.0,WESTMETALL_LME
2015-10-09,305225.0,5319.0,5305.0,14.0,WESTMETALL_LME
2015-10-12,303200.0,5335.0,5324.0,11.0,WESTMETALL_LME
2015-10-13,300600.0,5260.5,5252.5,8.0,WESTMETALL_LME
2015-10-14,297175.0,5278.0,5252.0,26.0,WESTMETALL_LME
2015-10-15,293650.0,5344.0,5326.0,18.0,WESTMETALL_LME
2015-10-16,292950.0,5270.0,5260.0,10.0,WESTMETALL_LME
2015-10-19,293575.0,5240.0,5231.0,9.0,WESTMETALL_LME
2015-10-20,289075.0,5189.0,5182.0,7.0,WESTMETALL_LME
2015-10-21,284050.0,5185.5,5182.0,3.5,WESTMETALL_LME
2015-10-22,280275.0,5274.0,5268.0,6.0,WESTMETALL_LME
2015-10-23,277600.0,5295.0,5285.5,9.5,WESTMETALL_LME
2015-10-26,277950.0,5233.0,5221.0,12.0,WESTMETALL_LME
2015-10-27,274075.0,5219.5,5216.0,3.5,WESTMETALL_LME
2015-10-28,273350.0,5179.0,5167.0,12.0,WESTMETALL_LME
2015-10-29,270200.0,5161.0,5155.0,6.0,WESTMETALL_LME
2015-10-30,267775.0,5135.5,5116.0,19.5,WESTMETALL_LME
2015-11-02,267850.0,5137.5,5115.0,22.5,WESTMETALL_LME
2015-11-03,266225.0,5149.0,5127.5,21.5,WESTMETALL_LME
2015-11-04,263125.0,5165.5,5157.0,8.5,WESTMETALL_LME
2015-11-05,269525.0,5053.0,5040.0,13.0,WESTMETALL_LME
2015-11-06,266100.0,5000.0,4995.0,5.0,WESTMETALL_LME
2015-11-09,261125.0,4990.0,4980.0,10.0,WESTMETALL_LME
2015-11-10,258625.0,4933.5,4925.0,8.5,WESTMETALL_LME
2015-11-11,256275.0,4931.0,4912.0,19.0,WESTMETALL_LME
2015-11-12,261025.0,4872.5,4860.0,12.5,WESTMETALL_LME
2015-11-13,258700.0,4825.0,4810.0,15.0,WESTMETALL_LME
2015-11-16,262250.0,4765.0,4765.0,0.0,WESTMETALL_LME
2015-11-17,258500.0,4700.0,4687.0,13.0,WESTMETALL_LME
2015-11-18,255275.0,4669.0,4660.0,9.0,WESTMETALL_LME
2015-11-19,255050.0,4610.0,4600.0,10.0,WESTMETALL_LME
2015-11-20,252325.0,4690.0,4655.0,35.0,WESTMETALL_LME
2015-11-23,251125.0,4515.5,4500.0,15.5,WESTMETALL_LME
2015-11-24,250675.0,4527.0,4512.0,15.0,WESTMETALL_LME
2015-11-25,247925.0,4541.0,4529.0,12.0,WESTMETALL_LME
2015-11-26,244800.0,4667.0,4650.0,17.0,WESTMETALL_LME
2015-11-27,243350.0,4636.0,4620.5,15.5,WESTMETALL_LME
2015-11-30,244375.0,4595.5,4589.0,6.5,WESTMETALL_LME
2015-12-01,243025.0,4619.0,4608.5,10.5,WESTMETALL_LME
2015-12-02,239200.0,4589.0,4582.0,7.0,WESTMETALL_LME
2015-12-03,239250.0,4525.0,4517.0,8.0,WESTMETALL_LME
2015-12-04,237625.0,4637.0,4637.0,0.0,WESTMETALL_LME
2015-12-07,235750.0,4592.5,4598.0,-5.5,WESTMETALL_LME
2015-12-08,235725.0,4567.5,4567.0,0.5,WESTMETALL_LME
2015-12-09,232700.0,4620.0,4613.0,7.0,WESTMETALL_LME
2015-12-10,231925.0,4572.0,4570.0,2.0,WESTMETALL_LME
2015-12-11,232675.0,4667.0,4669.0,-2.0,WESTMETALL_LME
2015-12-14,232200.0,4640.0,4640.0,0.0,WESTMETALL_LME
2015-12-15,232650.0,4586.0,4600.5,-14.5,WESTMETALL_LME
2015-12-16,231775.0,4583.0,4588.0,-5.0,WESTMETALL_LME
2015-12-17,231475.0,4550.0,4555.0,-5.0,WESTMETALL_LME
2015-12-18,231825.0,4650.0,4654.0,-4.0,WESTMETALL_LME
2015-12-21,232175.0,4691.0,4702.0,-11.0,WESTMETALL_LME
2015-12-22,232350.0,4672.5,4690.5,-18.0,WESTMETALL_LME
2015-12-23,233675.0,4680.0,4685.0,-5.0,WESTMETALL_LME
2015-12-24,235200.0,4665.5,4676.0,-10.5,WESTMETALL_LME
2015-12-29,237075.0,4685.0,4687.0,-2.0,WESTMETALL_LME
2015-12-30,236975.0,4715.0,4720.0,-5.0,WESTMETALL_LME
2015-12-31,236225.0,4702.0,4701.0,1.0,WESTMETALL_LME
2016-01-04,235800.0,4645.0,4640.0,5.0,WESTMETALL_LME
2016-01-05,235225.0,4647.0,4647.5,-0.5,WESTMETALL_LME
2016-01-06,235850.0,4600.0,4601.0,-1.0,WESTMETALL_LME
2016-01-07,238000.0,4514.0,4508.0,6.0,WESTMETALL_LME
2016-01-08,236650.0,4486.5,4489.0,-2.5,WESTMETALL_LME
2016-01-11,238625.0,4402.5,4406.0,-3.5,WESTMETALL_LME
2016-01-12,236725.0,4355.0,4368.0,-13.0,WESTMETALL_LME
2016-01-13,235525.0,4380.0,4377.0,3.0,WESTMETALL_LME
2016-01-14,233400.0,4365.5,4368.0,-2.5,WESTMETALL_LME
2016-01-15,234175.0,4310.5,4320.5,-10.0,WESTMETALL_LME
2016-01-18,233550.0,4360.0,4360.0,0.0,WESTMETALL_LME
2016-01-19,236125.0,4440.5,4436.0,4.5,WESTMETALL_LME
2016-01-20,235300.0,4347.0,4352.0,-5.0,WESTMETALL_LME
2016-01-21,238125.0,4376.0,4379.0,-3.0,WESTMETALL_LME
2016-01-22,237350.0,4468.0,4456.5,11.5,WESTMETALL_LME
2016-01-25,238825.0,4454.0,4455.0,-1.0,WESTMETALL_LME
2016-01-26,237375.0,4501.0,4501.0,0.0,WESTMETALL_LME
2016-01-27,240325.0,4507.5,4510.0,-2.5,WESTMETALL_LME
2016-01-28,241250.0,4553.5,4545.0,8.5,WESTMETALL_LME
2016-01-29,242375.0,4541.5,4535.5,6.0,WESTMETALL_LME
2016-02-01,239400.0,4534.0,4525.0,9.0,WESTMETALL_LME
2016-02-02,239025.0,4605.5,4601.0,4.5,WESTMETALL_LME
2016-02-03,235400.0,4578.5,4580.5,-2.0,WESTMETALL_LME
2016-02-04,232700.0,4685.0,4681.0,4.0,WESTMETALL_LME
2016-02-05,228650.0,4669.0,4668.0,1.0,WESTMETALL_LME
2016-02-08,227100.0,4572.5,4577.0,-4.5,WESTMETALL_LME
2016-02-09,228125.0,4530.5,4526.0,4.5,WESTMETALL_LME
2016-02-10,227300.0,4507.0,4504.0,3.0,WESTMETALL_LME
2016-02-11,224750.0,4474.0,4466.0,8.0,WESTMETALL_LME
2016-02-12,220225.0,4488.5,4487.0,1.5,WESTMETALL_LME
2016-02-15,218300.0,4562.0,4557.5,4.5,WESTMETALL_LME
2016-02-16,214300.0,4583.5,4580.5,3.0,WESTMETALL_LME
2016-02-17,209875.0,4562.0,4564.0,-2.0,WESTMETALL_LME
2016-02-18,209950.0,4577.0,4575.0,2.0,WESTMETALL_LME
2016-02-19,208525.0,4590.0,4590.5,-0.5,WESTMETALL_LME
2016-02-22,205500.0,4696.0,4690.0,6.0,WESTMETALL_LME
2016-02-23,203700.0,4663.5,4669.0,-5.5,WESTMETALL_LME
2016-02-24,202450.0,4585.5,4590.0,-4.5,WESTMETALL_LME
2016-02-25,199250.0,4655.0,4647.0,8.0,WESTMETALL_LME
2016-02-26,197225.0,4681.0,4681.0,0.0,WESTMETALL_LME
2016-02-29,195625.0,4705.0,4691.0,14.0,WESTMETALL_LME
2016-03-01,193475.0,4726.0,4716.5,9.5,WESTMETALL_LME
2016-03-02,190750.0,4780.0,4768.0,12.0,WESTMETALL_LME
2016-03-03,187725.0,4830.0,4825.0,5.0,WESTMETALL_LME
2016-03-04,186700.0,4918.0,4910.0,8.0,WESTMETALL_LME
2016-03-07,185225.0,5000.0,4989.5,10.5,WESTMETALL_LME
2016-03-08,184850.0,4980.5,4975.0,5.5,WESTMETALL_LME
2016-03-09,181975.0,4935.5,4921.0,14.5,WESTMETALL_LME
2016-03-10,178575.0,4920.5,4911.0,9.5,WESTMETALL_LME
2016-03-11,175975.0,4941.0,4932.0,9.0,WESTMETALL_LME
2016-03-14,174175.0,4994.0,4975.0,19.0,WESTMETALL_LME
2016-03-15,170075.0,4920.0,4903.0,17.0,WESTMETALL_LME
2016-03-16,167025.0,4945.0,4935.5,9.5,WESTMETALL_LME
2016-03-17,160925.0,5029.0,5015.5,13.5,WESTMETALL_LME
2016-03-18,158275.0,5103.0,5070.5,32.5,WESTMETALL_LME
2016-03-21,155275.0,5079.5,5058.0,21.5,WESTMETALL_LME
2016-03-22,151975.0,5070.0,5042.0,28.0,WESTMETALL_LME
2016-03-23,150675.0,5060.5,5043.0,17.5,WESTMETALL_LME
2016-03-24,151375.0,4931.0,4915.0,16.0,WESTMETALL_LME
2016-03-29,149125.0,4939.5,4915.0,24.5,WESTMETALL_LME
2016-03-30,145450.0,4940.0,4909.0,31.0,WESTMETALL_LME
2016-03-31,144750.0,4855.5,4820.5,35.0,WESTMETALL_LME
2016-04-01,143400.0,4880.0,4857.0,23.0,WESTMETALL_LME
2016-04-04,143475.0,4816.0,4805.0,11.0,WESTMETALL_LME
2016-04-05,141425.0,4776.0,4763.0,13.0,WESTMETALL_LME
2016-04-06,141075.0,4775.0,4755.5,19.5,WESTMETALL_LME
2016-04-07,145000.0,4715.0,4700.0,15.0,WESTMETALL_LME
2016-04-08,145675.0,4654.0,4635.5,18.5,WESTMETALL_LME
2016-04-11,147350.0,4645.0,4641.0,4.0,WESTMETALL_LME
2016-04-12,146450.0,4715.5,4700.0,15.5,WESTMETALL_LME
2016-04-13,146475.0,4838.0,4820.0,18.0,WESTMETALL_LME
2016-04-14,146500.0,4830.5,4815.0,15.5,WESTMETALL_LME
2016-04-15,147975.0,4813.5,4787.0,26.5,WESTMETALL_LME
2016-04-18,147275.0,4798.0,4778.0,20.0,WESTMETALL_LME
2016-04-19,144700.0,4812.0,4803.0,9.0,WESTMETALL_LME
2016-04-20,146200.0,4938.5,4930.0,8.5,WESTMETALL_LME
2016-04-21,146275.0,5025.5,5015.0,10.5,WESTMETALL_LME
2016-04-22,147800.0,5015.5,5005.5,10.0,WESTMETALL_LME
2016-04-25,152400.0,5000.5,4991.0,9.5,WESTMETALL_LME
2016-04-26,152475.0,4935.5,4927.0,8.5,WESTMETALL_LME
2016-04-27,152200.0,4932.0,4922.0,10.0,WESTMETALL_LME
2016-04-28,150725.0,4912.5,4892.5,20.0,WESTMETALL_LME
2016-04-29,149500.0,5045.0,5034.0,11.0,WESTMETALL_LME
2016-05-03,154675.0,4960.0,4954.0,6.0,WESTMETALL_LME
2016-05-04,156500.0,4892.0,4885.0,7.0,WESTMETALL_LME
2016-05-05,156725.0,4826.0,4797.0,29.0,WESTMETALL_LME
2016-05-06,159025.0,4810.0,4794.0,16.0,WESTMETALL_LME
2016-05-09,159600.0,4739.5,4727.0,12.5,WESTMETALL_LME
2016-05-10,160900.0,4710.0,4700.0,10.0,WESTMETALL_LME
2016-05-11,161625.0,4748.0,4735.5,12.5,WESTMETALL_LME
2016-05-12,160000.0,4744.0,4735.0,9.0,WESTMETALL_LME
2016-05-13,156675.0,4660.0,4654.5,5.5,WESTMETALL_LME
2016-05-16,159025.0,4640.5,4634.0,6.5,WESTMETALL_LME
2016-05-17,156750.0,4634.0,4629.0,5.0,WESTMETALL_LME
2016-05-18,156850.0,4600.5,4590.0,10.5,WESTMETALL_LME
2016-05-19,158600.0,4596.0,4583.0,13.0,WESTMETALL_LME
2016-05-20,155725.0,4630.5,4623.0,7.5,WESTMETALL_LME
2016-05-23,155000.0,4572.0,4562.0,10.0,WESTMETALL_LME
2016-05-24,157250.0,4637.0,4610.0,27.0,WESTMETALL_LME
2016-05-25,155250.0,4636.0,4620.0,16.0,WESTMETALL_LME
2016-05-26,155975.0,4705.5,4687.0,18.5,WESTMETALL_LME
2016-05-27,153750.0,4725.5,4705.0,20.5,WESTMETALL_LME
2016-05-31,151725.0,4700.0,4675.0,25.0,WESTMETALL_LME
2016-06-01,154350.0,4601.0,4586.0,15.0,WESTMETALL_LME
2016-06-02,153525.0,4600.0,4585.5,14.5,WESTMETALL_LME
2016-06-03,153675.0,4688.0,4680.0,8.0,WESTMETALL_LME
2016-06-06,174400.0,4706.0,4705.5,0.5,WESTMETALL_LME
2016-06-07,196225.0,4589.0,4595.0,-6.0,WESTMETALL_LME
2016-06-08,207300.0,4590.5,4605.0,-14.5,WESTMETALL_LME
2016-06-09,213225.0,4546.0,4563.0,-17.0,WESTMETALL_LME
2016-06-10,210675.0,4504.0,4519.0,-15.0,WESTMETALL_LME
2016-06-13,207625.0,4515.0,4528.0,-13.0,WESTMETALL_LME
2016-06-14,203275.0,4510.5,4530.0,-19.5,WESTMETALL_LME
2016-06-15,202150.0,4632.0,4644.0,-12.0,WESTMETALL_LME
2016-06-16,199025.0,4524.5,4537.0,-12.5,WESTMETALL_LME
2016-06-17,195925.0,4521.5,4535.0,-13.5,WESTMETALL_LME
2016-06-20,194025.0,4585.0,4595.0,-10.0,WESTMETALL_LME
2016-06-21,192175.0,4587.0,4597.0,-10.0,WESTMETALL_LME
2016-06-22,190700.0,4687.5,4700.0,-12.5,WESTMETALL_LME
2016-06-23,194375.0,4747.0,4752.0,-5.0,WESTMETALL_LME
2016-06-24,192375.0,4663.0,4670.5,-7.5,WESTMETALL_LME
2016-06-27,191700.0,4692.0,4705.0,-13.0,WESTMETALL_LME
2016-06-28,192950.0,4777.5,4785.0,-7.5,WESTMETALL_LME
2016-06-29,194200.0,4780.0,4785.5,-5.5,WESTMETALL_LME
2016-06-30,191525.0,4827.0,4835.0,-8.0,WESTMETALL_LME
2016-07-01,189125.0,4783.5,4800.0,-16.5,WESTMETALL_LME
2016-07-04,188400.0,4920.0,4928.0,-8.0,WESTMETALL_LME
2016-07-05,198925.0,4840.5,4862.0,-21.5,WESTMETALL_LME
2016-07-06,222550.0,4706.0,4728.0,-22.0,WESTMETALL_LME
2016-07-07,220725.0,4725.0,4742.0,-17.0,WESTMETALL_LME
2016-07-08,223225.0,4710.0,4720.0,-10.0,WESTMETALL_LME
2016-07-11,222600.0,4746.0,4762.0,-16.0,WESTMETALL_LME
2016-07-12,234750.0,4811.5,4835.0,-23.5,WESTMETALL_LME
2016-07-13,233050.0,4918.5,4940.0,-21.5,WESTMETALL_LME
2016-07-14,234925.0,4911.5,4933.5,-22.0,WESTMETALL_LME
2016-07-15,231275.0,4945.5,4966.5,-21.0,WESTMETALL_LME
2016-07-18,229425.0,4839.0,4855.0,-16.0,WESTMETALL_LME
2016-07-19,226300.0,4938.0,4959.0,-21.0,WESTMETALL_LME
2016-07-20,228000.0,4900.5,4917.0,-16.5,WESTMETALL_LME
2016-07-21,228400.0,4953.5,4967.0,-13.5,WESTMETALL_LME
2016-07-22,222725.0,4956.0,4966.0,-10.0,WESTMETALL_LME
2016-07-25,221350.0,4920.0,4932.0,-12.0,WESTMETALL_LME
2016-07-26,213725.0,4862.0,4875.0,-13.0,WESTMETALL_LME
2016-07-27,214425.0,4869.5,4882.0,-12.5,WESTMETALL_LME
2016-07-28,208725.0,4862.0,4876.0,-14.0,WESTMETALL_LME
2016-07-29,209450.0,4853.0,4865.0,-12.0,WESTMETALL_LME
2016-08-01,210075.0,4907.0,4924.0,-17.0,WESTMETALL_LME
2016-08-02,209650.0,4885.5,4898.5,-13.0,WESTMETALL_LME
2016-08-03,207350.0,4844.5,4858.0,-13.5,WESTMETALL_LME
2016-08-04,209300.0,4787.0,4808.0,-21.0,WESTMETALL_LME
2016-08-05,206650.0,4792.5,4810.5,-18.0,WESTMETALL_LME
2016-08-08,205025.0,4796.0,4810.0,-14.0,WESTMETALL_LME
2016-08-09,205350.0,4779.0,4786.5,-7.5,WESTMETALL_LME
2016-08-10,204825.0,4874.5,4879.0,-4.5,WESTMETALL_LME
2016-08-11,203925.0,4810.0,4816.0,-6.0,WESTMETALL_LME
2016-08-12,202375.0,4746.0,4761.0,-15.0,WESTMETALL_LME
2016-08-15,207150.0,4746.0,4761.5,-15.5,WESTMETALL_LME
2016-08-16,205375.0,4798.0,4808.5,-10.5,WESTMETALL_LME
2016-08-17,213300.0,4755.5,4772.0,-16.5,WESTMETALL_LME
2016-08-18,213425.0,4802.5,4818.5,-16.0,WESTMETALL_LME
2016-08-19,210625.0,4774.0,4788.0,-14.0,WESTMETALL_LME
2016-08-22,229375.0,4732.0,4747.5,-15.5,WESTMETALL_LME
2016-08-23,240075.0,4719.0,4738.0,-19.0,WESTMETALL_LME
2016-08-24,254700.0,4658.5,4674.0,-15.5,WESTMETALL_LME
2016-08-25,263875.0,4639.5,4649.0,-9.5,WESTMETALL_LME
2016-08-26,271575.0,4622.0,4640.0,-18.0,WESTMETALL_LME
2016-08-30,283225.0,4609.0,4625.5,-16.5,WESTMETALL_LME
2016-08-31,293525.0,4602.5,4620.0,-17.5,WESTMETALL_LME
2016-09-01,304775.0,4620.0,4635.0,-15.0,WESTMETALL_LME
2016-09-02,318500.0,4607.0,4615.5,-8.5,WESTMETALL_LME
2016-09-05,328525.0,4603.0,4615.0,-12.0,WESTMETALL_LME
2016-09-06,334975.0,4623.0,4639.5,-16.5,WESTMETALL_LME
2016-09-07,339600.0,4643.0,4661.0,-18.0,WESTMETALL_LME
2016-09-08,338225.0,4617.5,4636.0,-18.5,WESTMETALL_LME
2016-09-09,350600.0,4622.5,4643.0,-20.5,WESTMETALL_LME
2016-09-12,354200.0,4573.0,4595.0,-22.0,WESTMETALL_LME
2016-09-13,353375.0,4641.5,4664.0,-22.5,WESTMETALL_LME
2016-09-14,351500.0,4694.5,4713.0,-18.5,WESTMETALL_LME
2016-09-15,349225.0,4727.0,4744.0,-17.0,WESTMETALL_LME
2016-09-16,349000.0,4733.5,4752.0,-18.5,WESTMETALL_LME
2016-09-19,349625.0,4731.5,4755.0,-23.5,WESTMETALL_LME
2016-09-20,347950.0,4732.5,4759.0,-26.5,WESTMETALL_LME
2016-09-21,347800.0,4733.0,4759.0,-26.0,WESTMETALL_LME
2016-09-22,346050.0,4815.5,4832.5,-17.0,WESTMETALL_LME
2016-09-23,356875.0,4815.0,4840.0,-25.0,WESTMETALL_LME
2016-09-26,364125.0,4794.0,4818.0,-24.0,WESTMETALL_LME
2016-09-27,371475.0,4775.0,4796.0,-21.0,WESTMETALL_LME
2016-09-28,369075.0,4807.5,4822.5,-15.0,WESTMETALL_LME
2016-09-29,379175.0,4816.5,4832.0,-15.5,WESTMETALL_LME
2016-09-30,372225.0,4832.0,4847.0,-15.0,WESTMETALL_LME
2016-10-03,371775.0,4807.0,4829.0,-22.0,WESTMETALL_LME
2016-10-04,368525.0,4790.5,4810.0,-19.5,WESTMETALL_LME
2016-10-05,365050.0,4777.5,4805.0,-27.5,WESTMETALL_LME
2016-10-06,359725.0,4742.0,4763.0,-21.0,WESTMETALL_LME
2016-10-07,355300.0,4742.0,4760.5,-18.5,WESTMETALL_LME
2016-10-10,350675.0,4786.0,4810.0,-24.0,WESTMETALL_LME
2016-10-11,349350.0,4801.5,4821.5,-20.0,WESTMETALL_LME
2016-10-12,347850.0,4805.0,4830.0,-25.0,WESTMETALL_LME
2016-10-13,346150.0,4754.5,4776.0,-21.5,WESTMETALL_LME
2016-10-14,349075.0,4672.5,4692.0,-19.5,WESTMETALL_LME
2016-10-17,345800.0,4671.5,4694.0,-22.5,WESTMETALL_LME
2016-10-18,348000.0,4665.5,4685.0,-19.5,WESTMETALL_LME
2016-10-19,350625.0,4642.5,4664.0,-21.5,WESTMETALL_LME
2016-10-20,348575.0,4633.5,4653.5,-20.0,WESTMETALL_LME
2016-10-21,346775.0,4637.0,4657.0,-20.0,WESTMETALL_LME
2016-10-24,339950.0,4620.5,4640.5,-20.0,WESTMETALL_LME
2016-10-25,338800.0,4720.0,4733.0,-13.0,WESTMETALL_LME
2016-10-26,336225.0,4717.5,4726.5,-9.0,WESTMETALL_LME
2016-10-27,331450.0,4774.0,4783.0,-9.0,WESTMETALL_LME
2016-10-28,326400.0,4787.0,4798.0,-11.0,WESTMETALL_LME
2016-10-31,320825.0,4827.5,4842.0,-14.5,WESTMETALL_LME
2016-11-01,319475.0,4862.5,4878.0,-15.5,WESTMETALL_LME
2016-11-02,319000.0,4871.0,4889.0,-18.0,WESTMETALL_LME
2016-11-03,310600.0,4918.0,4927.5,-9.5,WESTMETALL_LME
2016-11-04,305000.0,4943.0,4958.0,-15.0,WESTMETALL_LME
2016-11-07,298400.0,5032.0,5042.0,-10.0,WESTMETALL_LME
2016-11-08,291625.0,5044.0,5064.5,-20.5,WESTMETALL_LME
2016-11-09,282600.0,5335.0,5352.0,-17.0,WESTMETALL_LME
2016-11-10,274950.0,5619.0,5635.0,-16.0,WESTMETALL_LME
2016-11-11,270850.0,5900.0,5910.0,-10.0,WESTMETALL_LME
2016-11-14,266150.0,5620.0,5628.0,-8.0,WESTMETALL_LME
2016-11-15,262050.0,5448.0,5441.0,7.0,WESTMETALL_LME
2016-11-16,255600.0,5459.0,5462.0,-3.0,WESTMETALL_LME
2016-11-17,257875.0,5426.0,5435.5,-9.5,WESTMETALL_LME
2016-11-18,253700.0,5446.0,5460.0,-14.0,WESTMETALL_LME
2016-11-21,247075.0,5535.5,5555.0,-19.5,WESTMETALL_LME
2016-11-22,242275.0,5618.0,5634.0,-16.0,WESTMETALL_LME
2016-11-23,239400.0,5564.0,5590.0,-26.0,WESTMETALL_LME
2016-11-24,235875.0,5834.5,5848.0,-13.5,WESTMETALL_LME
2016-11-25,237200.0,5822.5,5838.0,-15.5,WESTMETALL_LME
2016-11-28,234250.0,5935.5,5950.0,-14.5,WESTMETALL_LME
2016-11-29,235475.0,5778.0,5790.0,-12.0,WESTMETALL_LME
2016-11-30,234825.0,5740.0,5755.0,-15.0,WESTMETALL_LME
2016-12-01,236675.0,5773.0,5775.0,-2.0,WESTMETALL_LME
2016-12-02,234025.0,5736.0,5735.0,1.0,WESTMETALL_LME
2016-12-05,233025.0,5851.5,5859.0,-7.5,WESTMETALL_LME
2016-12-06,229500.0,5856.0,5867.0,-11.0,WESTMETALL_LME
2016-12-07,225925.0,5903.5,5914.0,-10.5,WESTMETALL_LME
2016-12-08,221125.0,5838.0,5836.0,2.0,WESTMETALL_LME
2016-12-09,213325.0,5824.0,5825.0,-1.0,WESTMETALL_LME
2016-12-12,241550.0,5757.0,5775.0,-18.0,WESTMETALL_LME
2016-12-13,258175.0,5765.5,5776.0,-10.5,WESTMETALL_LME
2016-12-14,278125.0,5735.0,5745.0,-10.0,WESTMETALL_LME
2016-12-15,295300.0,5682.5,5683.5,-1.0,WESTMETALL_LME
2016-12-16,307075.0,5649.0,5660.0,-11.0,WESTMETALL_LME
2016-12-19,345475.0,5561.0,5565.5,-4.5,WESTMETALL_LME
2016-12-20,344025.0,5485.5,5500.0,-14.5,WESTMETALL_LME
2016-12-21,339625.0,5498.5,5519.0,-20.5,WESTMETALL_LME
2016-12-22,335800.0,5426.0,5440.0,-14.0,WESTMETALL_LME
2016-12-23,334525.0,5482.0,5496.0,-14.0,WESTMETALL_LME
2016-12-27,334525.0,,,,WESTMETALL_LME
2016-12-28,331100.0,5486.0,5500.5,-14.5,WESTMETALL_LME
2016-12-29,328350.0,5514.0,5529.0,-15.0,WESTMETALL_LME
2016-12-30,322225.0,5501.0,5520.0,-19.0,WESTMETALL_LME
2017-01-03,311825.0,5574.0,5584.0,-10.0,WESTMETALL_LME
2017-01-04,305875.0,5500.5,5518.0,-17.5,WESTMETALL_LME
2017-01-05,301775.0,5611.0,5629.0,-18.0,WESTMETALL_LME
2017-01-06,295125.0,5546.5,5571.0,-24.5,WESTMETALL_LME
2017-01-09,294900.0,5551.5,5576.0,-24.5,WESTMETALL_LME
2017-01-10,293400.0,5642.0,5661.0,-19.0,WESTMETALL_LME
2017-01-11,288225.0,5709.5,5730.5,-21.0,WESTMETALL_LME
2017-01-12,285700.0,5752.5,5779.0,-26.5,WESTMETALL_LME
2017-01-13,281700.0,5797.0,5828.0,-31.0,WESTMETALL_LME
2017-01-16,279000.0,5857.0,5885.5,-28.5,WESTMETALL_LME
2017-01-17,277375.0,5771.5,5797.0,-25.5,WESTMETALL_LME
2017-01-18,276050.0,5721.0,5750.0,-29.0,WESTMETALL_LME
2017-01-19,274100.0,5710.0,5733.0,-23.0,WESTMETALL_LME
2017-01-20,275400.0,5706.0,5735.0,-29.0,WESTMETALL_LME
2017-01-23,274650.0,5775.0,5795.0,-20.0,WESTMETALL_LME
2017-01-24,272150.0,5879.0,5895.0,-16.0,WESTMETALL_LME
2017-01-25,271025.0,5867.0,5893.0,-26.0,WESTMETALL_LME
2017-01-26,268975.0,5890.0,5912.0,-22.0,WESTMETALL_LME
2017-01-27,263775.0,5847.0,5864.5,-17.5,WESTMETALL_LME
2017-01-30,262150.0,5857.0,5877.0,-20.0,WESTMETALL_LME
2017-01-31,261325.0,5921.0,5930.0,-9.0,WESTMETALL_LME
2017-02-01,260850.0,5931.0,5936.0,-5.0,WESTMETALL_LME
2017-02-02,259500.0,5903.0,5922.0,-19.0,WESTMETALL_LME
2017-02-03,257150.0,5836.0,5845.0,-9.0,WESTMETALL_LME
2017-02-06,253725.0,5786.0,5794.0,-8.0,WESTMETALL_LME
2017-02-07,253450.0,5802.0,5816.0,-14.0,WESTMETALL_LME
2017-02-08,254725.0,5865.0,5879.0,-14.0,WESTMETALL_LME
2017-02-09,251525.0,5863.0,5875.0,-12.0,WESTMETALL_LME
2017-02-10,248200.0,5872.0,5873.0,-1.0,WESTMETALL_LME
2017-02-13,247825.0,6111.0,6111.5,-0.5,WESTMETALL_LME
2017-02-14,243350.0,6145.0,6156.0,-11.0,WESTMETALL_LME
2017-02-15,235825.0,6016.0,6036.0,-20.0,WESTMETALL_LME
2017-02-16,236725.0,6015.0,6036.0,-21.0,WESTMETALL_LME
2017-02-17,229075.0,5939.0,5960.0,-21.0,WESTMETALL_LME
2017-02-20,224025.0,6002.0,6007.0,-5.0,WESTMETALL_LME
2017-02-21,221425.0,6034.0,6045.5,-11.5,WESTMETALL_LME
2017-02-22,219425.0,5976.0,5991.0,-15.0,WESTMETALL_LME
2017-02-23,214025.0,5991.0,6003.0,-12.0,WESTMETALL_LME
2017-02-24,210800.0,5881.0,5893.0,-12.0,WESTMETALL_LME
2017-02-27,206875.0,5927.0,5935.0,-8.0,WESTMETALL_LME
2017-02-28,203100.0,5936.0,5940.0,-4.0,WESTMETALL_LME
2017-03-01,200725.0,6040.0,6051.0,-11.0,WESTMETALL_LME
2017-03-02,200000.0,5994.0,6001.0,-7.0,WESTMETALL_LME
2017-03-03,196425.0,5910.0,5918.0,-8.0,WESTMETALL_LME
2017-03-06,235250.0,5856.0,5865.5,-9.5,WESTMETALL_LME
2017-03-07,261975.0,5807.0,5822.0,-15.0,WESTMETALL_LME
2017-03-08,288525.0,5782.0,5798.0,-16.0,WESTMETALL_LME
2017-03-09,327300.0,5655.0,5672.0,-17.0,WESTMETALL_LME
2017-03-10,325500.0,5714.5,5729.0,-14.5,WESTMETALL_LME
2017-03-13,331200.0,5794.0,5805.0,-11.0,WESTMETALL_LME
2017-03-14,332050.0,5747.0,5772.0,-25.0,WESTMETALL_LME
2017-03-15,340525.0,5850.0,5869.0,-19.0,WESTMETALL_LME
2017-03-16,339025.0,5911.0,5935.0,-24.0,WESTMETALL_LME
2017-03-17,337600.0,5889.0,5909.0,-20.0,WESTMETALL_LME
2017-03-20,332975.0,5891.0,5912.0,-21.0,WESTMETALL_LME
2017-03-21,329850.0,5765.5,5794.0,-28.5,WESTMETALL_LME
2017-03-22,323975.0,5712.0,5741.0,-29.0,WESTMETALL_LME
2017-03-23,317100.0,5790.5,5825.0,-34.5,WESTMETALL_LME
2017-03-24,312525.0,5782.5,5815.5,-33.0,WESTMETALL_LME
2017-03-27,311375.0,5673.5,5694.0,-20.5,WESTMETALL_LME
2017-03-28,309225.0,5774.5,5800.0,-25.5,WESTMETALL_LME
2017-03-29,304275.0,5847.0,5866.0,-19.0,WESTMETALL_LME
2017-03-30,297550.0,5860.0,5881.0,-21.0,WESTMETALL_LME
2017-03-31,291175.0,5849.0,5865.5,-16.5,WESTMETALL_LME
2017-04-03,283900.0,5817.0,5847.0,-30.0,WESTMETALL_LME
2017-04-04,279875.0,5724.5,5750.0,-25.5,WESTMETALL_LME
2017-04-05,273750.0,5808.5,5840.0,-31.5,WESTMETALL_LME
2017-04-06,270550.0,5870.5,5900.5,-30.0,WESTMETALL_LME
2017-04-07,265325.0,5770.0,5810.0,-40.0,WESTMETALL_LME
2017-04-10,266575.0,5731.0,5766.0,-35.0,WESTMETALL_LME
2017-04-11,259675.0,5746.0,5772.0,-26.0,WESTMETALL_LME
2017-04-12,258825.0,5685.0,5711.0,-26.0,WESTMETALL_LME
2017-04-13,257200.0,5655.0,5686.0,-31.0,WESTMETALL_LME
2017-04-18,255425.0,5620.5,5650.0,-29.5,WESTMETALL_LME
2017-04-19,267475.0,5600.5,5630.5,-30.0,WESTMETALL_LME
2017-04-20,268450.0,5611.5,5645.0,-33.5,WESTMETALL_LME
2017-04-21,268400.0,5601.0,5633.0,-32.0,WESTMETALL_LME
2017-04-24,264850.0,5612.0,5644.0,-32.0,WESTMETALL_LME
2017-04-25,262250.0,5652.5,5688.0,-35.5,WESTMETALL_LME
2017-04-26,261475.0,5677.5,5705.0,-27.5,WESTMETALL_LME
2017-04-27,260575.0,5686.5,5712.0,-25.5,WESTMETALL_LME
2017-04-28,259725.0,5688.5,5714.0,-25.5,WESTMETALL_LME
2017-05-02,253675.0,5746.5,5780.0,-33.5,WESTMETALL_LME
2017-05-03,284925.0,5636.5,5665.0,-28.5,WESTMETALL_LME
2017-05-04,317850.0,5543.0,5570.0,-27.0,WESTMETALL_LME
2017-05-05,354650.0,5530.5,5560.0,-29.5,WESTMETALL_LME
2017-05-08,351550.0,5466.0,5491.0,-25.0,WESTMETALL_LME
2017-05-09,342825.0,5496.0,5520.0,-24.0,WESTMETALL_LME
2017-05-10,339200.0,5512.0,5537.5,-25.5,WESTMETALL_LME
2017-05-11,336725.0,5580.5,5603.0,-22.5,WESTMETALL_LME
2017-05-12,329375.0,5520.0,5541.0,-21.0,WESTMETALL_LME
2017-05-15,325150.0,5586.0,5612.0,-26.0,WESTMETALL_LME
2017-05-16,322500.0,5584.0,5594.0,-10.0,WESTMETALL_LME
2017-05-17,339600.0,5575.0,5597.0,-22.0,WESTMETALL_LME
2017-05-18,340350.0,5490.0,5508.0,-18.0,WESTMETALL_LME
2017-05-19,336650.0,5596.0,5617.5,-21.5,WESTMETALL_LME
2017-05-22,332300.0,5677.0,5695.5,-18.5,WESTMETALL_LME
2017-05-23,329875.0,5660.5,5684.0,-23.5,WESTMETALL_LME
2017-05-24,325675.0,5662.5,5680.0,-17.5,WESTMETALL_LME
2017-05-25,,5665.0,5687.5,-22.5,WESTMETALL_LME
2017-05-26,318650.0,5671.0,5689.0,-18.0,WESTMETALL_LME
2017-05-30,315200.0,5608.0,5630.0,-22.0,WESTMETALL_LME
2017-05-31,311150.0,5615.5,5640.0,-24.5,WESTMETALL_LME
2017-06-01,308000.0,5636.5,5662.0,-25.5,WESTMETALL_LME
2017-06-02,305550.0,5559.5,5584.0,-24.5,WESTMETALL_LME
2017-06-05,302625.0,5586.5,5616.0,-29.5,WESTMETALL_LME
2017-06-06,299575.0,5540.5,5570.0,-29.5,WESTMETALL_LME
2017-06-07,294225.0,5575.5,5606.0,-30.5,WESTMETALL_LME
2017-06-08,286350.0,5647.5,5675.5,-28.0,WESTMETALL_LME
2017-06-09,276875.0,5739.0,5764.0,-25.0,WESTMETALL_LME
2017-06-12,279575.0,5752.0,5783.0,-31.0,WESTMETALL_LME
2017-06-13,275850.0,5659.0,5693.0,-34.0,WESTMETALL_LME
2017-06-14,272625.0,5684.5,5717.0,-32.5,WESTMETALL_LME
2017-06-15,268500.0,5637.0,5667.0,-30.0,WESTMETALL_LME
2017-06-16,268450.0,5655.5,5679.0,-23.5,WESTMETALL_LME
2017-06-19,265175.0,5687.0,5710.0,-23.0,WESTMETALL_LME
2017-06-20,262075.0,5673.5,5699.0,-25.5,WESTMETALL_LME
2017-06-21,259300.0,5650.0,5677.0,-27.0,WESTMETALL_LME
2017-06-22,256700.0,5736.0,5762.0,-26.0,WESTMETALL_LME
2017-06-23,258700.0,5774.0,5797.0,-23.0,WESTMETALL_LME
2017-06-26,254675.0,5771.0,5795.0,-24.0,WESTMETALL_LME
2017-06-27,250550.0,5789.0,5812.0,-23.0,WESTMETALL_LME
2017-06-28,248675.0,5822.0,5840.0,-18.0,WESTMETALL_LME
2017-06-29,243300.0,5905.5,5925.0,-19.5,WESTMETALL_LME
2017-06-30,249700.0,5907.5,5918.0,-10.5,WESTMETALL_LME
2017-07-03,278275.0,5894.0,5917.0,-23.0,WESTMETALL_LME
2017-07-04,275600.0,5847.0,5875.0,-28.0,WESTMETALL_LME
2017-07-05,315925.0,5818.0,5848.5,-30.5,WESTMETALL_LME
2017-07-06,314775.0,5828.5,5861.0,-32.5,WESTMETALL_LME
2017-07-07,315075.0,5809.0,5829.0,-20.0,WESTMETALL_LME
2017-07-10,319975.0,5780.0,5815.0,-35.0,WESTMETALL_LME
2017-07-11,319750.0,5795.0,5824.5,-29.5,WESTMETALL_LME
2017-07-12,318550.0,5882.5,5914.0,-31.5,WESTMETALL_LME
2017-07-13,318225.0,5902.0,5920.0,-18.0,WESTMETALL_LME
2017-07-14,313300.0,5858.0,5880.5,-22.5,WESTMETALL_LME
2017-07-17,309125.0,5965.5,5985.0,-19.5,WESTMETALL_LME
2017-07-18,307275.0,5940.5,5973.0,-32.5,WESTMETALL_LME
2017-07-19,309250.0,5956.0,5994.0,-38.0,WESTMETALL_LME
2017-07-20,308050.0,5930.0,5968.0,-38.0,WESTMETALL_LME
2017-07-21,306625.0,6001.5,6035.0,-33.5,WESTMETALL_LME
2017-07-24,305875.0,6000.0,6030.0,-30.0,WESTMETALL_LME
2017-07-25,304850.0,6150.0,6180.5,-30.5,WESTMETALL_LME
2017-07-26,303250.0,6238.0,6270.5,-32.5,WESTMETALL_LME
2017-07-27,302125.0,6325.0,6356.0,-31.0,WESTMETALL_LME
2017-07-28,300575.0,6283.0,6315.0,-32.0,WESTMETALL_LME
2017-07-31,296975.0,6347.0,6383.0,-36.0,WESTMETALL_LME
2017-08-01,295525.0,6300.5,6336.0,-35.5,WESTMETALL_LME
2017-08-02,301100.0,6300.0,6321.5,-21.5,WESTMETALL_LME
2017-08-03,299425.0,6290.0,6318.0,-28.0,WESTMETALL_LME
2017-08-04,298225.0,6330.0,6357.0,-27.0,WESTMETALL_LME
2017-08-07,296700.0,6333.0,6365.5,-32.5,WESTMETALL_LME
2017-08-08,293950.0,6364.0,6394.0,-30.0,WESTMETALL_LME
2017-08-09,288925.0,6465.0,6495.0,-30.0,WESTMETALL_LME
2017-08-10,288050.0,6416.5,6444.5,-28.0,WESTMETALL_LME
2017-08-11,283675.0,6353.5,6379.0,-25.5,WESTMETALL_LME
2017-08-14,283325.0,6351.0,6383.0,-32.0,WESTMETALL_LME
2017-08-15,280975.0,6382.0,6415.0,-33.0,WESTMETALL_LME
2017-08-16,279000.0,6433.0,6468.5,-35.5,WESTMETALL_LME
2017-08-17,275800.0,6460.0,6496.0,-36.0,WESTMETALL_LME
2017-08-18,271350.0,6453.0,6490.0,-37.0,WESTMETALL_LME
2017-08-21,261700.0,6514.5,6550.0,-35.5,WESTMETALL_LME
2017-08-22,255700.0,6584.0,6621.0,-37.0,WESTMETALL_LME
2017-08-23,249525.0,6555.0,6587.0,-32.0,WESTMETALL_LME
2017-08-24,245050.0,6577.0,6605.0,-28.0,WESTMETALL_LME
2017-08-25,240825.0,6714.0,6726.0,-12.0,WESTMETALL_LME
2017-08-29,233025.0,6797.0,6813.0,-16.0,WESTMETALL_LME
2017-08-30,223050.0,6755.0,6785.0,-30.0,WESTMETALL_LME
2017-08-31,228450.0,6792.0,6819.0,-27.0,WESTMETALL_LME
2017-09-01,223500.0,6776.0,6812.0,-36.0,WESTMETALL_LME
2017-09-04,220875.0,6873.0,6905.0,-32.0,WESTMETALL_LME
2017-09-05,217550.0,6904.0,6937.0,-33.0,WESTMETALL_LME
2017-09-06,214775.0,6864.0,6891.0,-27.0,WESTMETALL_LME
2017-09-07,210725.0,6842.5,6870.0,-27.5,WESTMETALL_LME
2017-09-08,213175.0,6780.0,6805.0,-25.0,WESTMETALL_LME
2017-09-11,208425.0,6737.0,6759.0,-22.0,WESTMETALL_LME
2017-09-12,218725.0,6601.5,6644.0,-42.5,WESTMETALL_LME
2017-09-13,246575.0,6527.0,6572.0,-45.0,WESTMETALL_LME
2017-09-14,276025.0,6418.5,6459.0,-40.5,WESTMETALL_LME
2017-09-15,304350.0,6457.0,6500.0,-43.0,WESTMETALL_LME
2017-09-18,302925.0,6487.0,6534.5,-47.5,WESTMETALL_LME
2017-09-19,300625.0,6492.0,6540.0,-48.0,WESTMETALL_LME
2017-09-20,313850.0,6520.0,6565.0,-45.0,WESTMETALL_LME
2017-09-21,311250.0,6407.5,6453.0,-45.5,WESTMETALL_LME
2017-09-22,309050.0,6405.0,6450.0,-45.0,WESTMETALL_LME
2017-09-25,305250.0,6416.0,6460.0,-44.0,WESTMETALL_LME
2017-09-26,305150.0,6423.0,6480.0,-57.0,WESTMETALL_LME
2017-09-27,301950.0,6426.0,6475.0,-49.0,WESTMETALL_LME
2017-09-28,298425.0,6405.0,6452.0,-47.0,WESTMETALL_LME
2017-09-29,297250.0,6485.0,6531.0,-46.0,WESTMETALL_LME
2017-10-02,295500.0,6455.0,6504.0,-49.0,WESTMETALL_LME
2017-10-03,302050.0,6447.0,6504.0,-57.0,WESTMETALL_LME
2017-10-04,298525.0,6453.0,6505.0,-52.0,WESTMETALL_LME
2017-10-05,296075.0,6511.0,6554.0,-43.0,WESTMETALL_LME
2017-10-06,293450.0,6639.0,6690.0,-51.0,WESTMETALL_LME
2017-10-09,291000.0,6607.0,6660.0,-53.0,WESTMETALL_LME
2017-10-10,289875.0,6641.0,6695.0,-54.0,WESTMETALL_LME
2017-10-11,286925.0,6685.0,6740.0,-55.0,WESTMETALL_LME
2017-10-12,285900.0,6813.0,6852.0,-39.0,WESTMETALL_LME
2017-10-13,283800.0,6858.0,6886.5,-28.5,WESTMETALL_LME
2017-10-16,285025.0,7063.0,7082.0,-19.0,WESTMETALL_LME
2017-10-17,291325.0,7046.0,7065.0,-19.0,WESTMETALL_LME
2017-10-18,292225.0,6971.5,7012.0,-40.5,WESTMETALL_LME
2017-10-19,291250.0,6920.0,6965.0,-45.0,WESTMETALL_LME
2017-10-20,287625.0,7008.5,7035.0,-26.5,WESTMETALL_LME
2017-10-23,283450.0,6959.0,6990.0,-31.0,WESTMETALL_LME
2017-10-24,281550.0,7073.5,7096.0,-22.5,WESTMETALL_LME
2017-10-25,279400.0,6970.5,6991.0,-20.5,WESTMETALL_LME
2017-10-26,275575.0,6965.0,6990.5,-25.5,WESTMETALL_LME
2017-10-27,272625.0,6831.5,6851.0,-19.5,WESTMETALL_LME
2017-10-30,273625.0,6823.0,6850.0,-27.0,WESTMETALL_LME
2017-10-31,274625.0,6802.0,6831.0,-29.0,WESTMETALL_LME
2017-11-01,273675.0,6918.0,6936.5,-18.5,WESTMETALL_LME
2017-11-02,273850.0,6855.0,6883.0,-28.0,WESTMETALL_LME
2017-11-03,270400.0,6914.5,6945.0,-30.5,WESTMETALL_LME
2017-11-06,268450.0,6902.5,6937.5,-35.0,WESTMETALL_LME
2017-11-07,267650.0,6863.0,6900.0,-37.0,WESTMETALL_LME
2017-11-08,263425.0,6812.0,6838.0,-26.0,WESTMETALL_LME
2017-11-09,259725.0,6777.0,6801.5,-24.5,WESTMETALL_LME
2017-11-10,260150.0,6797.0,6834.5,-37.5,WESTMETALL_LME
2017-11-13,258275.0,6768.0,6802.0,-34.0,WESTMETALL_LME
2017-11-14,258800.0,6822.5,6863.0,-40.5,WESTMETALL_LME
2017-11-15,255450.0,6715.5,6752.0,-36.5,WESTMETALL_LME
2017-11-16,251550.0,6764.0,6798.0,-34.0,WESTMETALL_LME
2017-11-17,247700.0,6728.5,6770.0,-41.5,WESTMETALL_LME
2017-11-20,241400.0,6752.0,6785.0,-33.0,WESTMETALL_LME
2017-11-21,234375.0,6828.0,6861.0,-33.0,WESTMETALL_LME
2017-11-22,226275.0,6872.5,6910.5,-38.0,WESTMETALL_LME
2017-11-23,219075.0,6895.5,6928.0,-32.5,WESTMETALL_LME
2017-11-24,213600.0,6967.5,7000.0,-32.5,WESTMETALL_LME
2017-11-27,204200.0,6892.0,6920.0,-28.0,WESTMETALL_LME
2017-11-28,196675.0,6800.0,6827.0,-27.0,WESTMETALL_LME
2017-11-29,191725.0,6756.5,6780.5,-24.0,WESTMETALL_LME
2017-11-30,188525.0,6761.0,6793.0,-32.0,WESTMETALL_LME
2017-12-01,183525.0,6734.0,6770.0,-36.0,WESTMETALL_LME
2017-12-04,182425.0,6807.0,6835.0,-28.0,WESTMETALL_LME
2017-12-05,192550.0,6645.0,6675.5,-30.5,WESTMETALL_LME
2017-12-06,193675.0,6539.0,6572.0,-33.0,WESTMETALL_LME
2017-12-07,193975.0,6530.5,6566.0,-35.5,WESTMETALL_LME
2017-12-08,195150.0,6538.5,6575.0,-36.5,WESTMETALL_LME
2017-12-11,194600.0,6547.5,6588.0,-40.5,WESTMETALL_LME
2017-12-12,193475.0,6614.0,6653.0,-39.0,WESTMETALL_LME
2017-12-13,191600.0,6685.0,6727.0,-42.0,WESTMETALL_LME
2017-12-14,191550.0,6723.0,6760.5,-37.5,WESTMETALL_LME
2017-12-15,195200.0,6735.5,6777.0,-41.5,WESTMETALL_LME
2017-12-18,196725.0,6844.0,6879.0,-35.0,WESTMETALL_LME
2017-12-19,201725.0,6845.0,6883.0,-38.0,WESTMETALL_LME
2017-12-20,201150.0,6925.0,6975.0,-50.0,WESTMETALL_LME
2017-12-21,201650.0,6977.0,7020.0,-43.0,WESTMETALL_LME
2017-12-22,201600.0,7019.0,7060.0,-41.0,WESTMETALL_LME
2017-12-27,202100.0,7140.0,7182.0,-42.0,WESTMETALL_LME
2017-12-28,202850.0,7216.0,7251.5,-35.5,WESTMETALL_LME
2017-12-29,201725.0,7157.0,7192.0,-35.0,WESTMETALL_LME
2018-01-02,200650.0,7181.0,7228.0,-47.0,WESTMETALL_LME
2018-01-03,200225.0,7115.5,7160.0,-44.5,WESTMETALL_LME
2018-01-04,200150.0,7202.5,7251.0,-48.5,WESTMETALL_LME
2018-01-05,203850.0,7097.0,7142.0,-45.0,WESTMETALL_LME
2018-01-08,203850.0,7084.5,7127.0,-42.5,WESTMETALL_LME
2018-01-09,203675.0,7092.0,7137.0,-45.0,WESTMETALL_LME
2018-01-10,203750.0,7140.5,7185.0,-44.5,WESTMETALL_LME
2018-01-11,201650.0,7123.0,7162.0,-39.0,WESTMETALL_LME
2018-01-12,204125.0,7070.5,7111.0,-40.5,WESTMETALL_LME
2018-01-15,202850.0,7180.0,7218.0,-38.0,WESTMETALL_LME
2018-01-16,204650.0,7023.0,7064.0,-41.0,WESTMETALL_LME
2018-01-17,204675.0,7047.0,7079.0,-32.0,WESTMETALL_LME
2018-01-18,205475.0,7047.0,7093.0,-46.0,WESTMETALL_LME
2018-01-19,211650.0,7079.0,7120.0,-41.0,WESTMETALL_LME
2018-01-22,211775.0,7049.0,7090.0,-41.0,WESTMETALL_LME
2018-01-23,248075.0,6905.0,6949.0,-44.0,WESTMETALL_LME
2018-01-24,276675.0,6943.0,6987.0,-44.0,WESTMETALL_LME
2018-01-25,299600.0,7112.0,7148.0,-36.0,WESTMETALL_LME
2018-01-26,309125.0,7063.5,7110.0,-46.5,WESTMETALL_LME
2018-01-29,308650.0,7062.0,7107.0,-45.0,WESTMETALL_LME
2018-01-30,306950.0,7049.0,7093.0,-44.0,WESTMETALL_LME
2018-01-31,305575.0,7100.5,7140.0,-39.5,WESTMETALL_LME
2018-02-01,304675.0,7027.0,7067.5,-40.5,WESTMETALL_LME
2018-02-02,304325.0,7066.0,7110.0,-44.0,WESTMETALL_LME
2018-02-05,304000.0,7050.0,7095.0,-45.0,WESTMETALL_LME
2018-02-06,297825.0,7060.0,7100.0,-40.0,WESTMETALL_LME
2018-02-07,294975.0,7006.0,7050.0,-44.0,WESTMETALL_LME
2018-02-08,316100.0,6838.0,6879.0,-41.0,WESTMETALL_LME
2018-02-09,336225.0,6755.0,6805.0,-50.0,WESTMETALL_LME
2018-02-12,333850.0,6786.5,6835.0,-48.5,WESTMETALL_LME
2018-02-13,333025.0,6908.0,6956.0,-48.0,WESTMETALL_LME
2018-02-14,333625.0,6962.0,7012.0,-50.0,WESTMETALL_LME
2018-02-15,333525.0,7098.0,7134.0,-36.0,WESTMETALL_LME
2018-02-16,332775.0,7159.0,7204.0,-45.0,WESTMETALL_LME
2018-02-19,338275.0,7093.0,7138.0,-45.0,WESTMETALL_LME
2018-02-20,337850.0,7027.0,7072.0,-45.0,WESTMETALL_LME
2018-02-21,337175.0,7003.0,7049.0,-46.0,WESTMETALL_LME
2018-02-22,334675.0,7032.0,7070.0,-38.0,WESTMETALL_LME
2018-02-23,332450.0,7073.5,7113.0,-39.5,WESTMETALL_LME
2018-02-26,331575.0,7111.0,7142.5,-31.5,WESTMETALL_LME
2018-02-27,330425.0,7028.0,7068.0,-40.0,WESTMETALL_LME
2018-02-28,330800.0,6953.0,6989.0,-36.0,WESTMETALL_LME
2018-03-01,328000.0,6852.0,6890.0,-38.0,WESTMETALL_LME
2018-03-02,324900.0,6883.0,6919.0,-36.0,WESTMETALL_LME
2018-03-05,322175.0,6850.0,6886.0,-36.0,WESTMETALL_LME
2018-03-06,319650.0,6968.5,7004.0,-35.5,WESTMETALL_LME
2018-03-07,316375.0,6873.0,6916.0,-43.0,WESTMETALL_LME
2018-03-08,314875.0,6830.0,6860.0,-30.0,WESTMETALL_LME
2018-03-09,311125.0,6808.0,6839.0,-31.0,WESTMETALL_LME
2018-03-12,321125.0,6857.0,6900.0,-43.0,WESTMETALL_LME
2018-03-13,321475.0,6883.0,6925.0,-42.0,WESTMETALL_LME
2018-03-14,319825.0,7015.0,7051.0,-36.0,WESTMETALL_LME
2018-03-15,319325.0,6885.5,6922.0,-36.5,WESTMETALL_LME
2018-03-16,321450.0,6923.0,6951.0,-28.0,WESTMETALL_LME
2018-03-19,319275.0,6791.5,6820.0,-28.5,WESTMETALL_LME
2018-03-20,322475.0,6784.0,6818.5,-34.5,WESTMETALL_LME
2018-03-21,321900.0,6675.0,6712.5,-37.5,WESTMETALL_LME
2018-03-22,319500.0,6746.5,6792.0,-45.5,WESTMETALL_LME
2018-03-23,317750.0,6658.0,6699.0,-41.0,WESTMETALL_LME
2018-03-26,352750.0,6500.0,6550.0,-50.0,WESTMETALL_LME
2018-03-27,383975.0,6641.5,6689.0,-47.5,WESTMETALL_LME
2018-03-28,388175.0,6601.5,6641.0,-39.5,WESTMETALL_LME
2018-03-29,383075.0,6685.0,6720.0,-35.0,WESTMETALL_LME
2018-04-03,383025.0,6756.0,6795.0,-39.0,WESTMETALL_LME
2018-04-04,378075.0,6625.0,6661.0,-36.0,WESTMETALL_LME
2018-04-05,372850.0,6767.0,6800.0,-33.0,WESTMETALL_LME
2018-04-06,370750.0,6703.0,6743.0,-40.0,WESTMETALL_LME
2018-04-09,372175.0,6767.0,6810.0,-43.0,WESTMETALL_LME
2018-04-10,369525.0,6888.0,6930.0,-42.0,WESTMETALL_LME
2018-04-11,366725.0,6930.5,6969.0,-38.5,WESTMETALL_LME
2018-04-12,362700.0,6756.0,6788.0,-32.0,WESTMETALL_LME
2018-04-13,357025.0,6830.0,6862.0,-32.0,WESTMETALL_LME
2018-04-16,352000.0,6811.5,6853.0,-41.5,WESTMETALL_LME
2018-04-17,358025.0,6784.0,6832.0,-48.0,WESTMETALL_LME
2018-04-18,359275.0,6936.0,6982.0,-46.0,WESTMETALL_LME
2018-04-19,355150.0,6942.0,6985.0,-43.0,WESTMETALL_LME
2018-04-20,353375.0,6939.0,6985.0,-46.0,WESTMETALL_LME
2018-04-23,351825.0,6923.0,6965.0,-42.0,WESTMETALL_LME
2018-04-24,348725.0,6987.0,7030.0,-43.0,WESTMETALL_LME
2018-04-25,346300.0,6960.5,7000.0,-39.5,WESTMETALL_LME
2018-04-26,342250.0,6885.5,6930.0,-44.5,WESTMETALL_LME
2018-04-27,337700.0,6797.0,6840.0,-43.0,WESTMETALL_LME
2018-04-30,334650.0,6783.0,6820.5,-37.5,WESTMETALL_LME
2018-05-01,325525.0,6777.5,6822.0,-44.5,WESTMETALL_LME
2018-05-02,324225.0,6785.0,6820.0,-35.0,WESTMETALL_LME
2018-05-03,316400.0,6837.0,6874.0,-37.0,WESTMETALL_LME
2018-05-04,311375.0,6783.0,6819.0,-36.0,WESTMETALL_LME
2018-05-08,302625.0,6722.0,6759.0,-37.0,WESTMETALL_LME
2018-05-09,293025.0,6786.0,6822.0,-36.0,WESTMETALL_LME
2018-05-10,285075.0,6862.0,6890.5,-28.5,WESTMETALL_LME
2018-05-11,281075.0,6869.0,6907.0,-38.0,WESTMETALL_LME
2018-05-14,289975.0,6828.0,6862.0,-34.0,WESTMETALL_LME
2018-05-15,291350.0,6822.5,6863.0,-40.5,WESTMETALL_LME
2018-05-16,290825.0,6773.5,6808.0,-34.5,WESTMETALL_LME
2018-05-17,300200.0,6838.0,6867.0,-29.0,WESTMETALL_LME
2018-05-18,301475.0,6783.5,6817.0,-33.5,WESTMETALL_LME
2018-05-21,302900.0,6861.0,6896.0,-35.0,WESTMETALL_LME
2018-05-22,300175.0,6931.5,6961.0,-29.5,WESTMETALL_LME
2018-05-23,298000.0,6800.0,6829.0,-29.0,WESTMETALL_LME
2018-05-24,300125.0,6835.0,6860.0,-25.0,WESTMETALL_LME
2018-05-25,293450.0,6886.0,6903.0,-17.0,WESTMETALL_LME
2018-05-29,294750.0,6841.5,6865.0,-23.5,WESTMETALL_LME
2018-05-30,283375.0,6810.0,6820.0,-10.0,WESTMETALL_LME
2018-05-31,311525.0,6825.0,6834.0,-9.0,WESTMETALL_LME
2018-06-01,317950.0,6814.0,6825.0,-11.0,WESTMETALL_LME
2018-06-04,315350.0,6935.0,6940.0,-5.0,WESTMETALL_LME
2018-06-05,309300.0,6971.0,6985.0,-14.0,WESTMETALL_LME
2018-06-06,306750.0,7147.0,7153.0,-6.0,WESTMETALL_LME
2018-06-07,310200.0,7245.5,7259.0,-13.5,WESTMETALL_LME
2018-06-08,307075.0,7262.5,7268.0,-5.5,WESTMETALL_LME
2018-06-11,299500.0,7223.5,7222.0,1.5,WESTMETALL_LME
2018-06-12,295725.0,7200.5,7220.0,-19.5,WESTMETALL_LME
2018-06-13,293450.0,7201.5,7211.0,-9.5,WESTMETALL_LME
2018-06-14,293550.0,7197.0,7201.0,-4.0,WESTMETALL_LME
2018-06-15,294700.0,7136.0,7143.0,-7.0,WESTMETALL_LME
2018-06-18,294275.0,6987.0,6988.0,-1.0,WESTMETALL_LME
2018-06-19,294550.0,6820.0,6837.0,-17.0,WESTMETALL_LME
2018-06-20,308975.0,6819.0,6828.0,-9.0,WESTMETALL_LME
2018-06-21,307675.0,6801.0,6801.0,0.0,WESTMETALL_LME
2018-06-22,305975.0,6811.0,6810.0,1.0,WESTMETALL_LME
2018-06-25,305525.0,6783.0,6785.5,-2.5,WESTMETALL_LME
2018-06-26,303100.0,6712.0,6720.0,-8.0,WESTMETALL_LME
2018-06-27,298775.0,6688.0,6690.0,-2.0,WESTMETALL_LME
2018-06-28,298250.0,6650.0,6647.0,3.0,WESTMETALL_LME
2018-06-29,294525.0,6646.0,6645.0,1.0,WESTMETALL_LME
2018-07-02,289875.0,6595.0,6590.0,5.0,WESTMETALL_LME
2018-07-03,286525.0,6584.5,6581.0,3.5,WESTMETALL_LME
2018-07-04,282225.0,6459.0,6464.0,-5.0,WESTMETALL_LME
2018-07-05,279000.0,6399.5,6395.0,4.5,WESTMETALL_LME
2018-07-06,275475.0,6326.0,6330.0,-4.0,WESTMETALL_LME
2018-07-09,270550.0,6383.0,6385.0,-2.0,WESTMETALL_LME
2018-07-10,270625.0,6308.0,6315.0,-7.0,WESTMETALL_LME
2018-07-11,265475.0,6182.0,6195.0,-13.0,WESTMETALL_LME
2018-07-12,262750.0,6173.0,6192.0,-19.0,WESTMETALL_LME
2018-07-13,258725.0,6166.0,6181.0,-15.0,WESTMETALL_LME
2018-07-16,257200.0,6143.0,6175.0,-32.0,WESTMETALL_LME
2018-07-17,259725.0,6141.5,6175.5,-34.0,WESTMETALL_LME
2018-07-18,257350.0,6068.0,6097.0,-29.0,WESTMETALL_LME
2018-07-19,256475.0,5982.0,6006.0,-24.0,WESTMETALL_LME
2018-07-20,255325.0,6073.0,6099.0,-26.0,WESTMETALL_LME
2018-07-23,254700.0,6153.0,6181.0,-28.0,WESTMETALL_LME
2018-07-24,254425.0,6167.0,6200.0,-33.0,WESTMETALL_LME
2018-07-25,252400.0,6252.0,6285.0,-33.0,WESTMETALL_LME
2018-07-26,251950.0,6255.0,6290.0,-35.0,WESTMETALL_LME
2018-07-27,253525.0,6251.5,6280.5,-29.0,WESTMETALL_LME
2018-07-30,256275.0,6185.0,6208.0,-23.0,WESTMETALL_LME
2018-07-31,254425.0,6213.0,6236.5,-23.5,WESTMETALL_LME
2018-08-01,251950.0,6137.0,6162.0,-25.0,WESTMETALL_LME
2018-08-02,251450.0,6063.0,6091.0,-28.0,WESTMETALL_LME
2018-08-03,250625.0,6167.0,6198.0,-31.0,WESTMETALL_LME
2018-08-06,249900.0,6040.0,6075.0,-35.0,WESTMETALL_LME
2018-08-07,248050.0,6132.0,6166.0,-34.0,WESTMETALL_LME
2018-08-08,249150.0,6113.0,6143.0,-30.0,WESTMETALL_LME
2018-08-09,252625.0,6247.0,6270.5,-23.5,WESTMETALL_LME
2018-08-10,253525.0,6120.0,6162.0,-42.0,WESTMETALL_LME
2018-08-13,254400.0,6081.0,6110.0,-29.0,WESTMETALL_LME
2018-08-14,254875.0,6059.0,6090.5,-31.5,WESTMETALL_LME
2018-08-15,257625.0,5843.0,5885.0,-42.0,WESTMETALL_LME
2018-08-16,257400.0,5860.0,5900.0,-40.0,WESTMETALL_LME
2018-08-17,258850.0,5844.0,5878.0,-34.0,WESTMETALL_LME
2018-08-20,259250.0,5963.0,6002.0,-39.0,WESTMETALL_LME
2018-08-21,261250.0,6025.5,6053.0,-27.5,WESTMETALL_LME
2018-08-22,262850.0,6000.0,6027.0,-27.0,WESTMETALL_LME
2018-08-23,266950.0,5910.5,5940.0,-29.5,WESTMETALL_LME
2018-08-24,267075.0,6001.0,6025.0,-24.0,WESTMETALL_LME
2018-08-28,268175.0,6118.0,6125.0,-7.0,WESTMETALL_LME
2018-08-29,267850.0,6065.0,6079.0,-14.0,WESTMETALL_LME
2018-08-30,266450.0,6066.5,6071.0,-4.5,WESTMETALL_LME
2018-08-31,264925.0,6019.0,6020.0,-1.0,WESTMETALL_LME
2018-09-03,262475.0,5951.0,5965.0,-14.0,WESTMETALL_LME
2018-09-04,262900.0,5823.0,5849.0,-26.0,WESTMETALL_LME
2018-09-05,262100.0,5850.0,5870.0,-20.0,WESTMETALL_LME
2018-09-06,254350.0,5940.0,5955.0,-15.0,WESTMETALL_LME
2018-09-07,246175.0,5883.0,5905.0,-22.0,WESTMETALL_LME
2018-09-10,238750.0,5840.5,5864.0,-23.5,WESTMETALL_LME
2018-09-11,234300.0,5849.0,5869.0,-20.0,WESTMETALL_LME
2018-09-12,233025.0,5891.0,5907.0,-16.0,WESTMETALL_LME
2018-09-13,225125.0,5991.0,6014.0,-23.0,WESTMETALL_LME
2018-09-14,225900.0,5946.5,5965.0,-18.5,WESTMETALL_LME
2018-09-17,221925.0,5860.0,5881.0,-21.0,WESTMETALL_LME
2018-09-18,214150.0,6003.0,6026.0,-23.0,WESTMETALL_LME
2018-09-19,217600.0,6057.0,6085.0,-28.0,WESTMETALL_LME
2018-09-20,215000.0,6057.0,6080.0,-23.0,WESTMETALL_LME
2018-09-21,216600.0,6203.0,6202.0,1.0,WESTMETALL_LME
2018-09-24,214350.0,6320.0,6320.5,-0.5,WESTMETALL_LME
2018-09-25,212925.0,6276.0,6282.0,-6.0,WESTMETALL_LME
2018-09-26,210900.0,6257.5,6272.0,-14.5,WESTMETALL_LME
2018-09-27,209900.0,6222.0,6225.0,-3.0,WESTMETALL_LME
2018-09-28,202400.0,6180.0,6180.0,0.0,WESTMETALL_LME
2018-10-01,199125.0,6172.0,6162.5,9.5,WESTMETALL_LME
2018-10-02,196600.0,6274.0,6263.0,11.0,WESTMETALL_LME
2018-10-03,194175.0,6275.0,6278.0,-3.0,WESTMETALL_LME
2018-10-04,188950.0,6310.0,6312.0,-2.0,WESTMETALL_LME
2018-10-05,186800.0,6182.5,6188.0,-5.5,WESTMETALL_LME
2018-10-08,181975.0,6169.0,6175.0,-6.0,WESTMETALL_LME
2018-10-09,177850.0,6219.0,6219.0,0.0,WESTMETALL_LME
2018-10-10,173500.0,6294.0,6283.0,11.0,WESTMETALL_LME
2018-10-11,170100.0,6155.0,6140.5,14.5,WESTMETALL_LME
2018-10-12,166600.0,6325.0,6304.0,21.0,WESTMETALL_LME
2018-10-15,161700.0,6296.0,6285.0,11.0,WESTMETALL_LME
2018-10-16,164175.0,6202.0,6213.0,-11.0,WESTMETALL_LME
2018-10-17,160900.0,6249.0,6247.0,2.0,WESTMETALL_LME
2018-10-18,158300.0,6147.0,6147.0,0.0,WESTMETALL_LME
2018-10-19,153950.0,6191.5,6190.5,1.0,WESTMETALL_LME
2018-10-22,154225.0,6284.0,6280.0,4.0,WESTMETALL_LME
2018-10-23,151100.0,6167.5,6174.0,-6.5,WESTMETALL_LME
2018-10-24,152225.0,6215.0,6212.0,3.0,WESTMETALL_LME
2018-10-25,149575.0,6210.0,6200.0,10.0,WESTMETALL_LME
2018-10-26,146350.0,6159.0,6130.0,29.0,WESTMETALL_LME
2018-10-29,143125.0,6260.0,6224.0,36.0,WESTMETALL_LME
2018-10-30,139250.0,6136.0,6115.0,21.0,WESTMETALL_LME
2018-10-31,137625.0,6073.0,6017.0,56.0,WESTMETALL_LME
2018-11-01,136675.0,6070.0,6048.0,22.0,WESTMETALL_LME
2018-11-02,180375.0,6255.0,6232.5,22.5,WESTMETALL_LME
2018-11-05,177950.0,6239.0,6219.0,20.0,WESTMETALL_LME
2018-11-06,175400.0,6205.0,6189.0,16.0,WESTMETALL_LME
2018-11-07,174200.0,6210.0,6194.0,16.0,WESTMETALL_LME
2018-11-08,172325.0,6137.0,6116.0,21.0,WESTMETALL_LME
2018-11-09,171050.0,6088.0,6070.0,18.0,WESTMETALL_LME
2018-11-12,169325.0,6083.5,6063.0,20.5,WESTMETALL_LME
2018-11-13,168325.0,6130.0,6106.0,24.0,WESTMETALL_LME
2018-11-14,167075.0,6106.0,6085.5,20.5,WESTMETALL_LME
2018-11-15,166450.0,6188.0,6175.0,13.0,WESTMETALL_LME
2018-11-16,161025.0,6181.0,6167.0,14.0,WESTMETALL_LME
2018-11-19,151625.0,6260.0,6245.0,15.0,WESTMETALL_LME
2018-11-20,145250.0,6262.0,6240.0,22.0,WESTMETALL_LME
2018-11-21,143275.0,6242.0,6218.0,24.0,WESTMETALL_LME
2018-11-22,143325.0,6246.0,6224.0,22.0,WESTMETALL_LME
2018-11-23,139550.0,6210.0,6188.0,22.0,WESTMETALL_LME
2018-11-26,137100.0,6246.0,6219.0,27.0,WESTMETALL_LME
2018-11-27,137850.0,6169.5,6136.5,33.0,WESTMETALL_LME
2018-11-28,137325.0,6198.0,6157.0,41.0,WESTMETALL_LME
2018-11-29,136250.0,6282.0,6241.0,41.0,WESTMETALL_LME
2018-11-30,136175.0,6238.0,6202.0,36.0,WESTMETALL_LME
2018-12-03,134200.0,6307.0,6287.0,20.0,WESTMETALL_LME
2018-12-04,130175.0,6278.0,6278.0,0.0,WESTMETALL_LME
2018-12-05,128200.0,6162.0,6169.0,-7.0,WESTMETALL_LME
2018-12-06,124950.0,6112.0,6102.0,10.0,WESTMETALL_LME
2018-12-07,124450.0,6173.0,6162.5,10.5,WESTMETALL_LME
2018-12-10,122500.0,6112.0,6110.0,2.0,WESTMETALL_LME
2018-12-11,121300.0,6163.0,6156.0,7.0,WESTMETALL_LME
2018-12-12,119900.0,6151.0,6144.0,7.0,WESTMETALL_LME
2018-12-13,119975.0,6196.0,6185.0,11.0,WESTMETALL_LME
2018-12-14,121225.0,6104.0,6101.0,3.0,WESTMETALL_LME
2018-12-17,121800.0,6095.5,6110.0,-14.5,WESTMETALL_LME
2018-12-18,122000.0,6043.0,6070.0,-27.0,WESTMETALL_LME
2018-12-19,128350.0,5987.0,6013.0,-26.0,WESTMETALL_LME
2018-12-20,128225.0,6015.0,6035.0,-20.0,WESTMETALL_LME
2018-12-21,129725.0,5987.0,6005.0,-18.0,WESTMETALL_LME
2018-12-24,129725.0,5931.5,5960.5,-29.0,WESTMETALL_LME
2018-12-27,130325.0,5990.0,6010.0,-20.0,WESTMETALL_LME
2018-12-28,130025.0,6018.0,6025.5,-7.5,WESTMETALL_LME
2018-12-31,132175.0,5965.0,5981.0,-16.0,WESTMETALL_LME
2019-01-02,132175.0,5839.0,5862.0,-23.0,WESTMETALL_LME
2019-01-03,132400.0,5811.0,5837.0,-26.0,WESTMETALL_LME
2019-01-04,132400.0,5840.0,5860.0,-20.0,WESTMETALL_LME
2019-01-07,132350.0,5889.5,5914.0,-24.5,WESTMETALL_LME
2019-01-08,132350.0,5904.5,5922.0,-17.5,WESTMETALL_LME
2019-01-09,132675.0,5964.0,5982.0,-18.0,WESTMETALL_LME
2019-01-10,133600.0,5908.5,5932.0,-23.5,WESTMETALL_LME
2019-01-11,133700.0,5926.5,5950.0,-23.5,WESTMETALL_LME
2019-01-14,133700.0,5861.0,5893.0,-32.0,WESTMETALL_LME
2019-01-15,133600.0,5882.0,5916.0,-34.0,WESTMETALL_LME
2019-01-16,135025.0,5911.0,5948.0,-37.0,WESTMETALL_LME
2019-01-17,134975.0,5933.0,5965.0,-32.0,WESTMETALL_LME
2019-01-18,135100.0,6022.0,6045.0,-23.0,WESTMETALL_LME
2019-01-21,145025.0,5951.5,5985.0,-33.5,WESTMETALL_LME
2019-01-22,145025.0,5926.5,5962.0,-35.5,WESTMETALL_LME
2019-01-23,145575.0,5920.5,5956.0,-35.5,WESTMETALL_LME
2019-01-24,145675.0,5885.0,5922.0,-37.0,WESTMETALL_LME
2019-01-25,146275.0,5901.0,5925.5,-24.5,WESTMETALL_LME
2019-01-28,146475.0,5996.0,6027.0,-31.0,WESTMETALL_LME
2019-01-29,147600.0,6007.0,6029.0,-22.0,WESTMETALL_LME
2019-01-30,149100.0,6077.0,6096.0,-19.0,WESTMETALL_LME
2019-01-31,149200.0,6148.0,6167.5,-19.5,WESTMETALL_LME
2019-02-01,149950.0,6097.5,6125.0,-27.5,WESTMETALL_LME
2019-02-04,149900.0,6076.5,6105.0,-28.5,WESTMETALL_LME
2019-02-05,149800.0,6174.0,6191.0,-17.0,WESTMETALL_LME
2019-02-06,149550.0,6210.0,6230.5,-20.5,WESTMETALL_LME
2019-02-07,149400.0,6227.0,6246.5,-19.5,WESTMETALL_LME
2019-02-08,149200.0,6207.0,6228.0,-21.0,WESTMETALL_LME
2019-02-11,148550.0,6148.0,6165.0,-17.0,WESTMETALL_LME
2019-02-12,148250.0,6102.0,6118.5,-16.5,WESTMETALL_LME
2019-02-13,147900.0,6120.0,6130.0,-10.0,WESTMETALL_LME
2019-02-14,145525.0,6178.5,6179.0,-0.5,WESTMETALL_LME
2019-02-15,143175.0,6190.0,6183.5,6.5,WESTMETALL_LME
2019-02-18,140175.0,6269.5,6240.0,29.5,WESTMETALL_LME
2019-02-19,139400.0,6246.5,6236.0,10.5,WESTMETALL_LME
2019-02-20,139500.0,6351.5,6337.0,14.5,WESTMETALL_LME
2019-02-21,137700.0,6391.0,6372.5,18.5,WESTMETALL_LME
2019-02-22,133825.0,6489.0,6458.5,30.5,WESTMETALL_LME
2019-02-25,132450.0,6546.0,6495.5,50.5,WESTMETALL_LME
2019-02-26,133075.0,6471.0,6465.0,6.0,WESTMETALL_LME
2019-02-27,130925.0,6533.0,6494.0,39.0,WESTMETALL_LME
2019-02-28,128475.0,6536.0,6494.0,42.0,WESTMETALL_LME
2019-03-01,126100.0,6572.0,6524.0,48.0,WESTMETALL_LME
2019-03-04,123425.0,6420.0,6398.0,22.0,WESTMETALL_LME
2019-03-05,118600.0,6553.5,6488.0,65.5,WESTMETALL_LME
2019-03-06,116875.0,6505.0,6454.0,51.0,WESTMETALL_LME
2019-03-07,120075.0,6458.0,6420.5,37.5,WESTMETALL_LME
2019-03-08,116725.0,6398.5,6368.0,30.5,WESTMETALL_LME
2019-03-11,113525.0,6435.0,6402.0,33.0,WESTMETALL_LME
2019-03-12,112725.0,6510.0,6483.0,27.0,WESTMETALL_LME
2019-03-13,111775.0,6529.0,6486.0,43.0,WESTMETALL_LME
2019-03-14,144625.0,6409.0,6390.5,18.5,WESTMETALL_LME
2019-03-15,186425.0,6410.0,6400.5,9.5,WESTMETALL_LME
2019-03-18,183825.0,6492.0,6458.0,34.0,WESTMETALL_LME
2019-03-19,181200.0,6500.0,6484.0,16.0,WESTMETALL_LME
2019-03-20,179275.0,6487.0,6469.0,18.0,WESTMETALL_LME
2019-03-21,176450.0,6520.0,6501.0,19.0,WESTMETALL_LME
2019-03-22,175325.0,6375.0,6369.0,6.0,WESTMETALL_LME
2019-03-25,173800.0,6328.0,6324.0,4.0,WESTMETALL_LME
2019-03-26,172275.0,6361.0,6340.0,21.0,WESTMETALL_LME
2019-03-27,170725.0,6338.5,6340.0,-1.5,WESTMETALL_LME
2019-03-28,169950.0,6385.0,6372.5,12.5,WESTMETALL_LME
2019-03-29,168525.0,6485.0,6478.0,7.0,WESTMETALL_LME
2019-04-01,168525.0,6498.0,6492.0,6.0,WESTMETALL_LME
2019-04-02,167425.0,6431.0,6440.0,-9.0,WESTMETALL_LME
2019-04-03,167950.0,6483.0,6488.0,-5.0,WESTMETALL_LME
2019-04-04,198325.0,6444.0,6465.0,-21.0,WESTMETALL_LME
2019-04-05,198300.0,6419.0,6434.0,-15.0,WESTMETALL_LME
2019-04-08,197550.0,6432.5,6452.0,-19.5,WESTMETALL_LME
2019-04-09,198275.0,6498.0,6507.0,-9.0,WESTMETALL_LME
2019-04-10,197525.0,6447.0,6466.0,-19.0,WESTMETALL_LME
2019-04-11,194425.0,6432.5,6443.0,-10.5,WESTMETALL_LME
2019-04-12,192425.0,6490.0,6514.5,-24.5,WESTMETALL_LME
2019-04-15,191750.0,6456.0,6475.0,-19.0,WESTMETALL_LME
2019-04-16,190500.0,6460.0,6488.0,-28.0,WESTMETALL_LME
2019-04-17,190650.0,6509.0,6533.0,-24.0,WESTMETALL_LME
2019-04-18,189225.0,6448.0,6456.0,-8.0,WESTMETALL_LME
2019-04-23,188300.0,6430.0,6439.5,-9.5,WESTMETALL_LME
2019-04-24,186125.0,6437.5,6442.0,-4.5,WESTMETALL_LME
2019-04-25,194800.0,6375.5,6380.0,-4.5,WESTMETALL_LME
2019-04-26,195900.0,6393.0,6388.0,5.0,WESTMETALL_LME
2019-04-29,232225.0,6376.0,6372.0,4.0,WESTMETALL_LME
2019-04-30,229175.0,6442.0,6435.0,7.0,WESTMETALL_LME
2019-05-01,225925.0,6398.0,6384.0,14.0,WESTMETALL_LME
2019-05-02,231950.0,6214.0,6215.0,-1.0,WESTMETALL_LME
2019-05-03,228275.0,6180.0,6180.5,-0.5,WESTMETALL_LME
2019-05-07,230075.0,6174.0,6178.0,-4.0,WESTMETALL_LME
2019-05-08,227200.0,6103.0,6126.0,-23.0,WESTMETALL_LME
2019-05-09,217975.0,6112.0,6121.0,-9.0,WESTMETALL_LME
2019-05-10,211475.0,6135.5,6146.5,-11.0,WESTMETALL_LME
2019-05-13,203750.0,6042.5,6069.0,-26.5,WESTMETALL_LME
2019-05-14,198650.0,6007.0,6040.0,-33.0,WESTMETALL_LME
2019-05-15,194250.0,6002.0,6032.0,-30.0,WESTMETALL_LME
2019-05-16,191725.0,6089.0,6113.0,-24.0,WESTMETALL_LME
2019-05-17,190550.0,6025.0,6044.0,-19.0,WESTMETALL_LME
2019-05-20,188725.0,5985.0,6011.0,-26.0,WESTMETALL_LME
2019-05-21,189250.0,6004.0,6035.0,-31.0,WESTMETALL_LME
2019-05-22,187700.0,5920.0,5957.0,-37.0,WESTMETALL_LME
2019-05-23,186475.0,5860.0,5897.0,-37.0,WESTMETALL_LME
2019-05-24,185825.0,5919.0,5950.0,-31.0,WESTMETALL_LME
2019-05-28,185575.0,5956.5,5980.0,-23.5,WESTMETALL_LME
2019-05-29,185000.0,5864.5,5890.0,-25.5,WESTMETALL_LME
2019-05-30,212450.0,5823.0,5854.0,-31.0,WESTMETALL_LME
2019-05-31,212000.0,5780.5,5819.0,-38.5,WESTMETALL_LME
2019-06-03,211800.0,5796.0,5820.0,-24.0,WESTMETALL_LME
2019-06-04,211775.0,5804.0,5827.0,-23.0,WESTMETALL_LME
2019-06-05,212050.0,5832.5,5859.5,-27.0,WESTMETALL_LME
2019-06-06,211650.0,5805.0,5823.0,-18.0,WESTMETALL_LME
2019-06-07,211575.0,5770.0,5785.5,-15.5,WESTMETALL_LME
2019-06-10,211350.0,5788.0,5811.0,-23.0,WESTMETALL_LME
2019-06-11,211225.0,5905.0,5916.0,-11.0,WESTMETALL_LME
2019-06-12,210900.0,5828.5,5848.0,-19.5,WESTMETALL_LME
2019-06-13,248550.0,5797.5,5830.0,-32.5,WESTMETALL_LME
2019-06-14,252425.0,5805.5,5827.5,-22.0,WESTMETALL_LME
2019-06-17,251350.0,5756.0,5790.0,-34.0,WESTMETALL_LME
2019-06-18,250750.0,5848.5,5876.0,-27.5,WESTMETALL_LME
2019-06-19,248375.0,5895.0,5920.0,-25.0,WESTMETALL_LME
2019-06-20,247050.0,5962.0,5972.0,-10.0,WESTMETALL_LME
2019-06-21,246050.0,5941.0,5952.0,-11.0,WESTMETALL_LME
2019-06-24,244725.0,5917.0,5932.5,-15.5,WESTMETALL_LME
2019-06-25,242875.0,5985.5,6005.0,-19.5,WESTMETALL_LME
2019-06-26,241700.0,6006.0,6017.5,-11.5,WESTMETALL_LME
2019-06-27,241175.0,5953.5,5967.5,-14.0,WESTMETALL_LME
2019-06-28,241400.0,5972.0,5981.5,-9.5,WESTMETALL_LME
2019-07-01,240900.0,5999.0,6012.0,-13.0,WESTMETALL_LME
2019-07-02,239925.0,5910.0,5926.0,-16.0,WESTMETALL_LME
2019-07-03,272500.0,5874.0,5887.0,-13.0,WESTMETALL_LME
2019-07-04,271525.0,5900.0,5915.0,-15.0,WESTMETALL_LME
2019-07-05,302975.0,5857.0,5870.0,-13.0,WESTMETALL_LME
2019-07-08,298300.0,5912.0,5930.0,-18.0,WESTMETALL_LME
2019-07-09,296025.0,5805.0,5822.0,-17.0,WESTMETALL_LME
2019-07-10,293525.0,5862.5,5880.0,-17.5,WESTMETALL_LME
2019-07-11,290000.0,5925.0,5935.0,-10.0,WESTMETALL_LME
2019-07-12,288200.0,5950.0,5965.0,-15.0,WESTMETALL_LME
2019-07-15,285825.0,5997.5,5995.0,2.5,WESTMETALL_LME
2019-07-16,292925.0,5959.0,5981.0,-22.0,WESTMETALL_LME
2019-07-17,299600.0,5922.0,5938.0,-16.0,WESTMETALL_LME
2019-07-18,298025.0,5948.0,5956.0,-8.0,WESTMETALL_LME
2019-07-19,296450.0,6066.0,6078.0,-12.0,WESTMETALL_LME
2019-07-22,295725.0,6007.5,6030.0,-22.5,WESTMETALL_LME
2019-07-23,293375.0,5968.5,5999.0,-30.5,WESTMETALL_LME
2019-07-24,295000.0,5980.0,6001.0,-21.0,WESTMETALL_LME
2019-07-25,295475.0,6010.0,6035.0,-25.0,WESTMETALL_LME
2019-07-26,294125.0,5945.0,5966.0,-21.0,WESTMETALL_LME
2019-07-29,292950.0,5949.5,5972.5,-23.0,WESTMETALL_LME
2019-07-30,292500.0,5943.0,5967.0,-24.0,WESTMETALL_LME
2019-07-31,290500.0,5926.0,5950.0,-24.0,WESTMETALL_LME
2019-08-01,287800.0,5876.0,5903.0,-27.0,WESTMETALL_LME
2019-08-02,286600.0,5769.0,5793.0,-24.0,WESTMETALL_LME
2019-08-05,283275.0,5647.0,5678.0,-31.0,WESTMETALL_LME
2019-08-06,277975.0,5667.0,5691.0,-24.0,WESTMETALL_LME
2019-08-07,275950.0,5673.5,5705.0,-31.5,WESTMETALL_LME
2019-08-08,274525.0,5723.0,5748.0,-25.0,WESTMETALL_LME
2019-08-09,271725.0,5744.0,5767.0,-23.0,WESTMETALL_LME
2019-08-12,273350.0,5724.5,5750.0,-25.5,WESTMETALL_LME
2019-08-13,272550.0,5697.0,5727.0,-30.0,WESTMETALL_LME
2019-08-14,271800.0,5732.0,5756.0,-24.0,WESTMETALL_LME
2019-08-15,301750.0,5696.5,5729.0,-32.5,WESTMETALL_LME
2019-08-16,331975.0,5710.0,5735.0,-25.0,WESTMETALL_LME
2019-08-19,330125.0,5755.5,5790.0,-34.5,WESTMETALL_LME
2019-08-20,329600.0,5698.0,5730.0,-32.0,WESTMETALL_LME
2019-08-21,329575.0,5696.5,5724.5,-28.0,WESTMETALL_LME
2019-08-22,328250.0,5668.0,5690.5,-22.5,WESTMETALL_LME
2019-08-23,331925.0,5675.0,5698.0,-23.0,WESTMETALL_LME
2019-08-27,333975.0,5662.0,5686.0,-24.0,WESTMETALL_LME
2019-08-28,334700.0,5653.0,5674.0,-21.0,WESTMETALL_LME
2019-08-29,336575.0,5722.0,5738.5,-16.5,WESTMETALL_LME
2019-08-30,337675.0,5678.0,5696.0,-18.0,WESTMETALL_LME
2019-09-02,335850.0,5610.5,5637.0,-26.5,WESTMETALL_LME
2019-09-03,330050.0,5537.0,5562.0,-25.0,WESTMETALL_LME
2019-09-04,323550.0,5663.0,5691.0,-28.0,WESTMETALL_LME
2019-09-05,318675.0,5777.0,5802.0,-25.0,WESTMETALL_LME
2019-09-06,313275.0,5787.5,5814.0,-26.5,WESTMETALL_LME
2019-09-09,310350.0,5771.0,5795.0,-24.0,WESTMETALL_LME
2019-09-10,310450.0,5738.0,5767.0,-29.0,WESTMETALL_LME
2019-09-11,305225.0,5765.0,5795.0,-30.0,WESTMETALL_LME
2019-09-12,299750.0,5842.5,5875.0,-32.5,WESTMETALL_LME
2019-09-13,296625.0,5870.0,5896.0,-26.0,WESTMETALL_LME
2019-09-16,301925.0,5877.0,5907.5,-30.5,WESTMETALL_LME
2019-09-17,299325.0,5762.0,5797.0,-35.0,WESTMETALL_LME
2019-09-18,295800.0,5745.0,5780.0,-35.0,WESTMETALL_LME
2019-09-19,290800.0,5758.5,5790.0,-31.5,WESTMETALL_LME
2019-09-20,287150.0,5777.5,5805.0,-27.5,WESTMETALL_LME
2019-09-23,283550.0,5695.0,5728.0,-33.0,WESTMETALL_LME
2019-09-24,280150.0,5761.0,5790.0,-29.0,WESTMETALL_LME
2019-09-25,276825.0,5718.5,5750.0,-31.5,WESTMETALL_LME
2019-09-26,271875.0,5757.0,5792.0,-35.0,WESTMETALL_LME
2019-09-27,266225.0,5714.0,5743.0,-29.0,WESTMETALL_LME
2019-09-30,264425.0,5728.0,5761.0,-33.0,WESTMETALL_LME
2019-10-01,258775.0,5610.0,5640.0,-30.0,WESTMETALL_LME
2019-10-02,254075.0,5629.0,5662.0,-33.0,WESTMETALL_LME
2019-10-03,290250.0,5626.0,5657.0,-31.0,WESTMETALL_LME
2019-10-04,288425.0,5599.0,5635.0,-36.0,WESTMETALL_LME
2019-10-07,285600.0,5626.0,5668.5,-42.5,WESTMETALL_LME
2019-10-08,283350.0,5650.5,5688.0,-37.5,WESTMETALL_LME
2019-10-09,283125.0,5660.0,5692.0,-32.0,WESTMETALL_LME
2019-10-10,285600.0,5698.5,5732.0,-33.5,WESTMETALL_LME
2019-10-11,282325.0,5763.0,5797.0,-34.0,WESTMETALL_LME
2019-10-14,277350.0,5718.5,5755.0,-36.5,WESTMETALL_LME
2019-10-15,274975.0,5745.0,5780.0,-35.0,WESTMETALL_LME
2019-10-16,275575.0,5684.0,5709.0,-25.0,WESTMETALL_LME
2019-10-17,275100.0,5726.5,5758.0,-31.5,WESTMETALL_LME
2019-10-18,268400.0,5751.0,5775.0,-24.0,WESTMETALL_LME
2019-10-21,268200.0,5820.0,5843.0,-23.0,WESTMETALL_LME
2019-10-22,270350.0,5794.0,5826.0,-32.0,WESTMETALL_LME
2019-10-23,269525.0,5773.0,5801.0,-28.0,WESTMETALL_LME
2019-10-24,265250.0,5869.0,5887.0,-18.0,WESTMETALL_LME
2019-10-25,261025.0,5867.5,5887.0,-19.5,WESTMETALL_LME
2019-10-28,255650.0,5888.5,5910.0,-21.5,WESTMETALL_LME
2019-10-29,250750.0,5879.5,5902.0,-22.5,WESTMETALL_LME
2019-10-30,270325.0,5883.0,5913.0,-30.0,WESTMETALL_LME
2019-10-31,263400.0,5825.0,5850.0,-25.0,WESTMETALL_LME
2019-11-01,255025.0,5797.0,5819.0,-22.0,WESTMETALL_LME
2019-11-04,251475.0,5846.5,5875.0,-28.5,WESTMETALL_LME
2019-11-05,248000.0,5880.0,5912.0,-32.0,WESTMETALL_LME
2019-11-06,241925.0,5913.5,5932.0,-18.5,WESTMETALL_LME
2019-11-07,238550.0,5941.0,5949.0,-8.0,WESTMETALL_LME
2019-11-08,235950.0,5951.5,5965.5,-14.0,WESTMETALL_LME
2019-11-11,234200.0,5857.0,5877.0,-20.0,WESTMETALL_LME
2019-11-12,229350.0,5838.0,5860.0,-22.0,WESTMETALL_LME
2019-11-13,224425.0,5823.0,5850.0,-27.0,WESTMETALL_LME
2019-11-14,221725.0,5835.0,5854.0,-19.0,WESTMETALL_LME
2019-11-15,224775.0,5812.0,5835.0,-23.0,WESTMETALL_LME
2019-11-18,221450.0,5828.0,5851.0,-23.0,WESTMETALL_LME
2019-11-19,219475.0,5821.5,5843.0,-21.5,WESTMETALL_LME
2019-11-20,220950.0,5873.0,5898.0,-25.0,WESTMETALL_LME
2019-11-21,222075.0,5813.0,5830.5,-17.5,WESTMETALL_LME
2019-11-22,218925.0,5834.0,5851.0,-17.0,WESTMETALL_LME
2019-11-25,216100.0,5872.5,5886.5,-14.0,WESTMETALL_LME
2019-11-26,214200.0,5856.0,5872.0,-16.0,WESTMETALL_LME
2019-11-27,213200.0,5925.5,5950.0,-24.5,WESTMETALL_LME
2019-11-28,210200.0,5881.5,5905.0,-23.5,WESTMETALL_LME
2019-11-29,208625.0,5854.0,5877.0,-23.0,WESTMETALL_LME
2019-12-02,208525.0,5855.5,5877.0,-21.5,WESTMETALL_LME
2019-12-03,206250.0,5812.0,5835.0,-23.0,WESTMETALL_LME
2019-12-04,202950.0,5823.0,5850.0,-27.0,WESTMETALL_LME
2019-12-05,198425.0,5855.0,5885.0,-30.0,WESTMETALL_LME
2019-12-06,193800.0,5867.5,5900.0,-32.5,WESTMETALL_LME
2019-12-09,190825.0,5985.0,6012.0,-27.0,WESTMETALL_LME
2019-12-10,185200.0,6055.0,6087.0,-32.0,WESTMETALL_LME
2019-12-11,181700.0,6083.0,6109.0,-26.0,WESTMETALL_LME
2019-12-12,175825.0,6097.0,6119.0,-22.0,WESTMETALL_LME
2019-12-13,171800.0,6154.0,6177.0,-23.0,WESTMETALL_LME
2019-12-16,167475.0,6155.5,6163.0,-7.5,WESTMETALL_LME
2019-12-17,162225.0,6175.0,6196.0,-21.0,WESTMETALL_LME
2019-12-18,160825.0,6126.5,6161.0,-34.5,WESTMETALL_LME
2019-12-19,157500.0,6161.0,6185.0,-24.0,WESTMETALL_LME
2019-12-20,154450.0,6155.5,6186.0,-30.5,WESTMETALL_LME
2019-12-23,151100.0,6153.0,6171.0,-18.0,WESTMETALL_LME
2019-12-24,149075.0,6184.5,6213.0,-28.5,WESTMETALL_LME
2019-12-27,147350.0,6211.0,6240.0,-29.0,WESTMETALL_LME
2019-12-30,147125.0,6183.5,6215.0,-31.5,WESTMETALL_LME
2019-12-31,145700.0,6156.0,6183.0,-27.0,WESTMETALL_LME
2020-01-02,144675.0,6165.5,6192.0,-26.5,WESTMETALL_LME
2020-01-03,144525.0,6077.0,6105.0,-28.0,WESTMETALL_LME
2020-01-06,142900.0,6097.5,6119.5,-22.0,WESTMETALL_LME
2020-01-07,140925.0,6134.5,6159.0,-24.5,WESTMETALL_LME
2020-01-08,138400.0,6154.0,6175.0,-21.0,WESTMETALL_LME
2020-01-09,135800.0,6156.0,6186.0,-30.0,WESTMETALL_LME
2020-01-10,132725.0,6157.0,6184.0,-27.0,WESTMETALL_LME
2020-01-13,130000.0,6177.0,6201.0,-24.0,WESTMETALL_LME
2020-01-14,128100.0,6247.0,6280.0,-33.0,WESTMETALL_LME
2020-01-15,128050.0,6232.0,6270.0,-38.0,WESTMETALL_LME
2020-01-16,126775.0,6300.5,6330.0,-29.5,WESTMETALL_LME
2020-01-17,125250.0,6276.5,6306.0,-29.5,WESTMETALL_LME
2020-01-20,124225.0,6245.0,6271.0,-26.0,WESTMETALL_LME
2020-01-21,162925.0,6158.5,6186.0,-27.5,WESTMETALL_LME
2020-01-22,195375.0,6103.5,6139.0,-35.5,WESTMETALL_LME
2020-01-23,190350.0,6050.0,6082.0,-32.0,WESTMETALL_LME
2020-01-24,190075.0,5968.0,5996.0,-28.0,WESTMETALL_LME
2020-01-27,187250.0,5779.0,5809.0,-30.0,WESTMETALL_LME
2020-01-28,185300.0,5715.0,5746.0,-31.0,WESTMETALL_LME
2020-01-29,183825.0,5698.0,5723.0,-25.0,WESTMETALL_LME
2020-01-30,182550.0,5621.0,5635.0,-14.0,WESTMETALL_LME
2020-01-31,180725.0,5570.0,5588.0,-18.0,WESTMETALL_LME
2020-02-03,179800.0,5595.0,5602.0,-7.0,WESTMETALL_LME
2020-02-04,178325.0,5652.0,5666.0,-14.0,WESTMETALL_LME
2020-02-05,176575.0,5714.0,5735.0,-21.0,WESTMETALL_LME
2020-02-06,174800.0,5726.0,5740.0,-14.0,WESTMETALL_LME
2020-02-07,171525.0,5653.0,5670.0,-17.0,WESTMETALL_LME
2020-02-10,171750.0,5659.5,5668.0,-8.5,WESTMETALL_LME
2020-02-11,170000.0,5696.0,5714.0,-18.0,WESTMETALL_LME
2020-02-12,167075.0,5747.0,5764.0,-17.0,WESTMETALL_LME
2020-02-13,164550.0,5716.0,5740.0,-24.0,WESTMETALL_LME
2020-02-14,162375.0,5737.0,5753.0,-16.0,WESTMETALL_LME
2020-02-17,161400.0,5802.0,5811.0,-9.0,WESTMETALL_LME
2020-02-18,166475.0,5728.0,5758.0,-30.0,WESTMETALL_LME
2020-02-19,166425.0,5745.5,5770.0,-24.5,WESTMETALL_LME
2020-02-20,164850.0,5730.0,5746.0,-16.0,WESTMETALL_LME
2020-02-21,163425.0,5702.0,5727.0,-25.0,WESTMETALL_LME
2020-02-24,161575.0,5657.5,5681.0,-23.5,WESTMETALL_LME
2020-02-25,160250.0,5663.5,5687.0,-23.5,WESTMETALL_LME
2020-02-26,221425.0,5614.0,5639.5,-25.5,WESTMETALL_LME
2020-02-27,219875.0,5618.0,5640.0,-22.0,WESTMETALL_LME
2020-02-28,218175.0,5573.0,5597.0,-24.0,WESTMETALL_LME
2020-03-02,216950.0,5640.0,5657.0,-17.0,WESTMETALL_LME
2020-03-03,211225.0,5668.0,5689.0,-21.0,WESTMETALL_LME
2020-03-04,206575.0,5694.5,5718.0,-23.5,WESTMETALL_LME
2020-03-05,203275.0,5667.5,5688.0,-20.5,WESTMETALL_LME
2020-03-06,200275.0,5624.0,5640.0,-16.0,WESTMETALL_LME
2020-03-09,194125.0,5483.0,5495.0,-12.0,WESTMETALL_LME
2020-03-10,190425.0,5598.0,5608.5,-10.5,WESTMETALL_LME
2020-03-11,189725.0,5552.0,5562.0,-10.0,WESTMETALL_LME
2020-03-12,187450.0,5386.5,5400.0,-13.5,WESTMETALL_LME
2020-03-13,183700.0,5530.5,5548.0,-17.5,WESTMETALL_LME
2020-03-16,179725.0,5211.0,5221.0,-10.0,WESTMETALL_LME
2020-03-17,220325.0,5205.0,5218.0,-13.0,WESTMETALL_LME
2020-03-18,233150.0,4860.5,4881.0,-20.5,WESTMETALL_LME
2020-03-19,231025.0,4685.0,4690.0,-5.0,WESTMETALL_LME
2020-03-20,227875.0,4855.0,4868.0,-13.0,WESTMETALL_LME
2020-03-23,227325.0,4617.5,4626.5,-9.0,WESTMETALL_LME
2020-03-24,226200.0,4789.5,4797.5,-8.0,WESTMETALL_LME
2020-03-25,225175.0,4754.0,4766.5,-12.5,WESTMETALL_LME
2020-03-26,224375.0,4775.5,4789.5,-14.0,WESTMETALL_LME
2020-03-27,223725.0,4774.0,4785.5,-11.5,WESTMETALL_LME
2020-03-30,222900.0,4763.0,4773.0,-10.0,WESTMETALL_LME
2020-03-31,222225.0,4797.0,4811.5,-14.5,WESTMETALL_LME
2020-04-01,221200.0,4772.0,4787.0,-15.0,WESTMETALL_LME
2020-04-02,219925.0,4821.5,4840.5,-19.0,WESTMETALL_LME
2020-04-03,218525.0,4863.5,4880.5,-17.0,WESTMETALL_LME
2020-04-06,217475.0,4867.0,4881.0,-14.0,WESTMETALL_LME
2020-04-07,216500.0,5067.5,5085.5,-18.0,WESTMETALL_LME
2020-04-08,259850.0,4976.0,5000.5,-24.5,WESTMETALL_LME
2020-04-09,260275.0,4963.5,4992.5,-29.0,WESTMETALL_LME
2020-04-14,259775.0,5119.0,5150.0,-31.0,WESTMETALL_LME
2020-04-15,261225.0,5054.5,5085.5,-31.0,WESTMETALL_LME
2020-04-16,260825.0,5098.5,5121.5,-23.0,WESTMETALL_LME
2020-04-17,265425.0,5175.5,5193.5,-18.0,WESTMETALL_LME
2020-04-20,263750.0,5169.5,5190.0,-20.5,WESTMETALL_LME
2020-04-21,264725.0,4994.5,5029.5,-35.0,WESTMETALL_LME
2020-04-22,264525.0,5034.0,5061.5,-27.5,WESTMETALL_LME
2020-04-23,263425.0,5120.5,5147.5,-27.0,WESTMETALL_LME
2020-04-24,262600.0,5118.0,5142.0,-24.0,WESTMETALL_LME
2020-04-27,258475.0,5165.5,5190.0,-24.5,WESTMETALL_LME
2020-04-28,256150.0,5169.5,5197.5,-28.0,WESTMETALL_LME
2020-04-29,256100.0,5184.0,5215.0,-31.0,WESTMETALL_LME
2020-04-30,253700.0,5231.0,5258.5,-27.5,WESTMETALL_LME
2020-05-01,251475.0,5061.0,5090.5,-29.5,WESTMETALL_LME
2020-05-04,251425.0,5058.0,5086.0,-28.0,WESTMETALL_LME
2020-05-05,245350.0,5111.5,5142.5,-31.0,WESTMETALL_LME
2020-05-06,245100.0,5199.5,5228.0,-28.5,WESTMETALL_LME
2020-05-07,243700.0,5227.5,5257.0,-29.5,WESTMETALL_LME
2020-05-11,241675.0,5231.0,5266.0,-35.0,WESTMETALL_LME
2020-05-12,229750.0,5234.0,5263.5,-29.5,WESTMETALL_LME
2020-05-13,227025.0,5212.5,5245.0,-32.5,WESTMETALL_LME
2020-05-14,282675.0,5155.5,5186.5,-31.0,WESTMETALL_LME
2020-05-15,278750.0,5165.0,5194.5,-29.5,WESTMETALL_LME
2020-05-18,276375.0,5249.5,5277.5,-28.0,WESTMETALL_LME
2020-05-19,274225.0,5314.0,5343.5,-29.5,WESTMETALL_LME
2020-05-20,273175.0,5333.0,5360.5,-27.5,WESTMETALL_LME
2020-05-21,272325.0,5387.0,5413.5,-26.5,WESTMETALL_LME
2020-05-22,271775.0,5242.5,5272.0,-29.5,WESTMETALL_LME
2020-05-26,270925.0,5341.5,5375.0,-33.5,WESTMETALL_LME
2020-05-27,265375.0,5308.5,5342.5,-34.0,WESTMETALL_LME
2020-05-28,264425.0,5278.5,5306.5,-28.0,WESTMETALL_LME
2020-05-29,261800.0,5332.5,5357.0,-24.5,WESTMETALL_LME
2020-06-01,255725.0,5376.5,5404.0,-27.5,WESTMETALL_LME
2020-06-02,254275.0,5463.0,5487.5,-24.5,WESTMETALL_LME
2020-06-03,252375.0,5499.0,5522.0,-23.0,WESTMETALL_LME
2020-06-04,248275.0,5452.5,5478.5,-26.0,WESTMETALL_LME
2020-06-05,243750.0,5588.0,5607.0,-19.0,WESTMETALL_LME
2020-06-08,237900.0,5659.0,5678.5,-19.5,WESTMETALL_LME
2020-06-09,236575.0,5680.5,5704.0,-23.5,WESTMETALL_LME
2020-06-10,233475.0,5801.0,5822.0,-21.0,WESTMETALL_LME
2020-06-11,231600.0,5801.5,5825.0,-23.5,WESTMETALL_LME
2020-06-12,234550.0,5785.5,5809.0,-23.5,WESTMETALL_LME
2020-06-15,247000.0,5646.0,5673.5,-27.5,WESTMETALL_LME
2020-06-16,248475.0,5759.5,5787.5,-28.0,WESTMETALL_LME
2020-06-17,244700.0,5734.0,5763.0,-29.0,WESTMETALL_LME
2020-06-18,243250.0,5799.0,5825.0,-26.0,WESTMETALL_LME
2020-06-19,236600.0,5835.5,5855.0,-19.5,WESTMETALL_LME
2020-06-22,233400.0,5825.0,5846.0,-21.0,WESTMETALL_LME
2020-06-23,228450.0,5895.0,5909.0,-14.0,WESTMETALL_LME
2020-06-24,226050.0,5871.0,5882.5,-11.5,WESTMETALL_LME
2020-06-25,225650.0,5880.5,5888.0,-7.5,WESTMETALL_LME
2020-06-26,221675.0,5985.5,5984.5,1.0,WESTMETALL_LME
2020-06-29,219600.0,5957.0,5966.5,-9.5,WESTMETALL_LME
2020-06-30,216600.0,6038.0,6043.5,-5.5,WESTMETALL_LME
2020-07-01,213325.0,6016.5,6023.5,-7.0,WESTMETALL_LME
2020-07-02,210700.0,6080.0,6083.0,-3.0,WESTMETALL_LME
2020-07-03,206375.0,6022.5,6021.0,1.5,WESTMETALL_LME
2020-07-06,206375.0,6112.0,6105.0,7.0,WESTMETALL_LME
2020-07-07,195825.0,6086.0,6089.0,-3.0,WESTMETALL_LME
2020-07-08,192025.0,6194.0,6197.5,-3.5,WESTMETALL_LME
2020-07-09,185200.0,6339.5,6339.5,0.0,WESTMETALL_LME
2020-07-10,181075.0,6322.5,6320.0,2.5,WESTMETALL_LME
2020-07-13,176350.0,6545.0,6537.0,8.0,WESTMETALL_LME
2020-07-14,168225.0,6489.5,6491.0,-1.5,WESTMETALL_LME
2020-07-15,166450.0,6507.0,6510.0,-3.0,WESTMETALL_LME
2020-07-16,159800.0,6385.0,6384.0,1.0,WESTMETALL_LME
2020-07-17,157350.0,6454.5,6447.0,7.5,WESTMETALL_LME
2020-07-20,151075.0,6416.5,6410.5,6.0,WESTMETALL_LME
2020-07-21,146300.0,6513.0,6505.0,8.0,WESTMETALL_LME
2020-07-22,145050.0,6527.0,6506.0,21.0,WESTMETALL_LME
2020-07-23,143800.0,6533.5,6510.5,23.0,WESTMETALL_LME
2020-07-24,141725.0,6412.5,6389.5,23.0,WESTMETALL_LME
2020-07-27,138025.0,6425.5,6420.0,5.5,WESTMETALL_LME
2020-07-28,134025.0,6399.5,6393.0,6.5,WESTMETALL_LME
2020-07-29,131900.0,6475.0,6468.0,7.0,WESTMETALL_LME
2020-07-30,129225.0,6433.5,6428.0,5.5,WESTMETALL_LME
2020-07-31,128125.0,6446.5,6439.5,7.0,WESTMETALL_LME
2020-08-03,126675.0,6441.0,6435.0,6.0,WESTMETALL_LME
2020-08-04,125150.0,6440.0,6435.0,5.0,WESTMETALL_LME
2020-08-05,122450.0,6525.5,6523.0,2.5,WESTMETALL_LME
2020-08-06,120950.0,6453.5,6450.5,3.0,WESTMETALL_LME
2020-08-07,117950.0,6437.0,6428.5,8.5,WESTMETALL_LME
2020-08-10,114375.0,6363.0,6361.5,1.5,WESTMETALL_LME
2020-08-11,114625.0,6356.5,6361.0,-4.5,WESTMETALL_LME
2020-08-12,114575.0,6379.0,6380.5,-1.5,WESTMETALL_LME
2020-08-13,113875.0,6380.0,6373.5,6.5,WESTMETALL_LME
2020-08-14,113200.0,6342.5,6334.0,8.5,WESTMETALL_LME
2020-08-17,110000.0,6439.5,6428.0,11.5,WESTMETALL_LME
2020-08-18,107525.0,6492.5,6486.5,6.0,WESTMETALL_LME
2020-08-19,106225.0,6667.0,6648.0,19.0,WESTMETALL_LME
2020-08-20,104425.0,6594.5,6584.5,10.0,WESTMETALL_LME
2020-08-21,103475.0,6564.5,6542.0,22.5,WESTMETALL_LME
2020-08-24,97900.0,6579.5,6559.5,20.0,WESTMETALL_LME
2020-08-25,95525.0,6544.5,6525.0,19.5,WESTMETALL_LME
2020-08-26,92025.0,6603.5,6584.0,19.5,WESTMETALL_LME
2020-08-27,90775.0,6602.5,6575.0,27.5,WESTMETALL_LME
2020-08-28,89350.0,6728.0,6702.0,26.0,WESTMETALL_LME
2020-09-01,88250.0,6788.5,6768.0,20.5,WESTMETALL_LME
2020-09-02,84975.0,6719.0,6705.0,14.0,WESTMETALL_LME
2020-09-03,84650.0,6613.0,6604.0,9.0,WESTMETALL_LME
2020-09-04,82450.0,6678.0,6655.0,23.0,WESTMETALL_LME
2020-09-07,77550.0,6790.5,6772.0,18.5,WESTMETALL_LME
2020-09-08,76550.0,6767.5,6736.0,31.5,WESTMETALL_LME
2020-09-09,73425.0,6709.0,6681.0,28.0,WESTMETALL_LME
2020-09-10,75975.0,6710.5,6684.5,26.0,WESTMETALL_LME
2020-09-11,75550.0,6757.5,6729.0,28.5,WESTMETALL_LME
2020-09-14,74875.0,6788.0,6762.0,26.0,WESTMETALL_LME
2020-09-15,78550.0,6813.5,6800.5,13.0,WESTMETALL_LME
2020-09-16,78900.0,6776.0,6757.0,19.0,WESTMETALL_LME
2020-09-17,78750.0,6761.0,6737.5,23.5,WESTMETALL_LME
2020-09-18,78900.0,6833.5,6801.0,32.5,WESTMETALL_LME
2020-09-21,78425.0,6837.0,6804.5,32.5,WESTMETALL_LME
2020-09-22,78300.0,6810.0,6784.0,26.0,WESTMETALL_LME
2020-09-23,77275.0,6725.5,6707.0,18.5,WESTMETALL_LME
2020-09-24,76325.0,6538.5,6534.0,4.5,WESTMETALL_LME
2020-09-25,73625.0,6529.0,6523.0,6.0,WESTMETALL_LME
2020-09-28,103125.0,6571.5,6584.5,-13.0,WESTMETALL_LME
2020-09-29,136325.0,6546.0,6558.0,-12.0,WESTMETALL_LME
2020-09-30,165600.0,6610.0,6612.0,-2.0,WESTMETALL_LME
2020-10-01,163125.0,6614.0,6628.0,-14.0,WESTMETALL_LME
2020-10-02,161975.0,6409.5,6418.5,-9.0,WESTMETALL_LME
2020-10-05,160875.0,6507.5,6519.5,-12.0,WESTMETALL_LME
2020-10-06,156125.0,6509.0,6528.0,-19.0,WESTMETALL_LME
2020-10-07,155400.0,6525.0,6538.0,-13.0,WESTMETALL_LME
2020-10-08,154750.0,6611.5,6622.5,-11.0,WESTMETALL_LME
2020-10-09,153925.0,6740.5,6741.0,-0.5,WESTMETALL_LME
2020-10-12,152975.0,6769.0,6770.5,-1.5,WESTMETALL_LME
2020-10-13,153200.0,6699.5,6705.5,-6.0,WESTMETALL_LME
2020-10-14,169925.0,6702.0,6715.5,-13.5,WESTMETALL_LME
2020-10-15,168875.0,6683.5,6698.0,-14.5,WESTMETALL_LME
2020-10-16,184850.0,6728.0,6740.5,-12.5,WESTMETALL_LME
2020-10-19,183900.0,6755.0,6773.5,-18.5,WESTMETALL_LME
2020-10-20,183175.0,6814.0,6836.5,-22.5,WESTMETALL_LME
2020-10-21,181650.0,6953.0,6964.5,-11.5,WESTMETALL_LME
2020-10-22,180625.0,6886.0,6901.5,-15.5,WESTMETALL_LME
2020-10-23,180300.0,6879.5,6897.5,-18.0,WESTMETALL_LME
2020-10-26,178725.0,6806.0,6824.5,-18.5,WESTMETALL_LME
2020-10-27,177075.0,6787.5,6807.5,-20.0,WESTMETALL_LME
2020-10-28,174900.0,6694.5,6713.5,-19.0,WESTMETALL_LME
2020-10-29,172625.0,6692.0,6708.0,-16.0,WESTMETALL_LME
2020-10-30,171300.0,6694.5,6706.0,-11.5,WESTMETALL_LME
2020-11-02,169600.0,6712.5,6725.0,-12.5,WESTMETALL_LME
2020-11-03,169400.0,6791.5,6801.0,-9.5,WESTMETALL_LME
2020-11-04,176650.0,6748.0,6760.0,-12.0,WESTMETALL_LME
2020-11-05,174050.0,6798.0,6808.0,-10.0,WESTMETALL_LME
2020-11-06,172450.0,6938.5,6946.5,-8.0,WESTMETALL_LME
2020-11-09,171125.0,7034.0,7045.0,-11.0,WESTMETALL_LME
2020-11-10,169575.0,6865.5,6882.0,-16.5,WESTMETALL_LME
2020-11-11,167825.0,6912.5,6934.0,-21.5,WESTMETALL_LME
2020-11-12,166200.0,6904.0,6921.5,-17.5,WESTMETALL_LME
2020-11-13,165200.0,6926.0,6943.5,-17.5,WESTMETALL_LME
2020-11-16,163025.0,7113.0,7128.5,-15.5,WESTMETALL_LME
2020-11-17,161700.0,7050.0,7071.0,-21.0,WESTMETALL_LME
2020-11-18,160200.0,7083.0,7101.5,-18.5,WESTMETALL_LME
2020-11-19,159475.0,7028.0,7046.5,-18.5,WESTMETALL_LME
2020-11-20,157350.0,7178.5,7195.0,-16.5,WESTMETALL_LME
2020-11-23,156075.0,7215.5,7233.5,-18.0,WESTMETALL_LME
2020-11-24,154825.0,7302.0,7314.0,-12.0,WESTMETALL_LME
2020-11-25,153175.0,7238.5,7257.5,-19.0,WESTMETALL_LME
2020-11-26,152025.0,7356.5,7370.5,-14.0,WESTMETALL_LME
2020-11-27,150775.0,7462.0,7476.5,-14.5,WESTMETALL_LME
2020-11-30,149800.0,7674.5,7681.0,-6.5,WESTMETALL_LME
2020-12-01,149925.0,7644.0,7649.0,-5.0,WESTMETALL_LME
2020-12-02,149675.0,7616.5,7623.0,-6.5,WESTMETALL_LME
2020-12-03,149325.0,7679.0,7682.0,-3.0,WESTMETALL_LME
2020-12-04,149675.0,7741.5,7748.5,-7.0,WESTMETALL_LME
2020-12-07,150125.0,7656.5,7672.0,-15.5,WESTMETALL_LME
2020-12-08,149625.0,7635.0,7647.5,-12.5,WESTMETALL_LME
2020-12-09,149575.0,7704.5,7723.5,-19.0,WESTMETALL_LME
2020-12-10,147825.0,7712.0,7729.5,-17.5,WESTMETALL_LME
2020-12-11,146325.0,7741.0,7760.0,-19.0,WESTMETALL_LME
2020-12-14,144775.0,7763.0,7787.0,-24.0,WESTMETALL_LME
2020-12-15,141900.0,7753.0,7775.5,-22.5,WESTMETALL_LME
2020-12-16,133125.0,7823.0,7847.5,-24.5,WESTMETALL_LME
2020-12-17,127725.0,7893.0,7914.0,-21.0,WESTMETALL_LME
2020-12-18,123400.0,7964.0,7984.5,-20.5,WESTMETALL_LME
2020-12-21,122975.0,7838.5,7858.5,-20.0,WESTMETALL_LME
2020-12-22,119600.0,7753.0,7777.0,-24.0,WESTMETALL_LME
2020-12-23,119375.0,7764.5,7784.5,-20.0,WESTMETALL_LME
2020-12-24,116100.0,7793.0,7811.5,-18.5,WESTMETALL_LME
2020-12-29,113975.0,7840.0,7854.0,-14.0,WESTMETALL_LME
2020-12-30,110875.0,7803.5,7815.5,-12.0,WESTMETALL_LME
2020-12-31,107950.0,7741.5,7757.0,-15.5,WESTMETALL_LME
2021-01-04,105800.0,7918.5,7931.0,-12.5,WESTMETALL_LME
2021-01-05,105425.0,7914.0,7922.5,-8.5,WESTMETALL_LME
2021-01-06,105425.0,8129.5,8127.5,2.0,WESTMETALL_LME
2021-01-07,104325.0,8036.5,8048.0,-11.5,WESTMETALL_LME
2021-01-08,102425.0,8146.0,8160.0,-14.0,WESTMETALL_LME
2021-01-11,104950.0,7951.5,7967.0,-15.5,WESTMETALL_LME
2021-01-12,103750.0,7983.0,7991.5,-8.5,WESTMETALL_LME
2021-01-13,102550.0,7960.5,7970.5,-10.0,WESTMETALL_LME
2021-01-14,101250.0,8002.5,8016.0,-13.5,WESTMETALL_LME
2021-01-15,99950.0,7979.5,7989.5,-10.0,WESTMETALL_LME
2021-01-18,97675.0,7972.5,7984.0,-11.5,WESTMETALL_LME
2021-01-19,96325.0,7986.5,7992.0,-5.5,WESTMETALL_LME
2021-01-20,93950.0,8014.5,8017.5,-3.0,WESTMETALL_LME
2021-01-21,91150.0,8051.0,8059.5,-8.5,WESTMETALL_LME
2021-01-22,87725.0,7872.0,7882.0,-10.0,WESTMETALL_LME
2021-01-25,82125.0,7984.5,7990.0,-5.5,WESTMETALL_LME
2021-01-26,79275.0,7957.0,7961.5,-4.5,WESTMETALL_LME
2021-01-27,77175.0,7895.0,7900.5,-5.5,WESTMETALL_LME
2021-01-28,76250.0,7778.5,7783.5,-5.0,WESTMETALL_LME
2021-01-29,74575.0,7877.0,7873.5,3.5,WESTMETALL_LME
2021-02-01,74275.0,7827.0,7823.0,4.0,WESTMETALL_LME
2021-02-02,74225.0,7755.5,7747.5,8.0,WESTMETALL_LME
2021-02-03,75000.0,7832.5,7821.0,11.5,WESTMETALL_LME
2021-02-04,74500.0,7833.5,7829.5,4.0,WESTMETALL_LME
2021-02-05,76550.0,7936.5,7928.5,8.0,WESTMETALL_LME
2021-02-08,74575.0,8007.0,7992.0,15.0,WESTMETALL_LME
2021-02-09,76050.0,8146.5,8132.0,14.5,WESTMETALL_LME
2021-02-10,74675.0,8279.5,8274.0,5.5,WESTMETALL_LME
2021-02-11,73500.0,8292.0,8289.5,2.5,WESTMETALL_LME
2021-02-12,74700.0,8270.5,8251.0,19.5,WESTMETALL_LME
2021-02-15,74250.0,8416.5,8391.0,25.5,WESTMETALL_LME
2021-02-16,73725.0,8439.5,8419.0,20.5,WESTMETALL_LME
2021-02-17,76175.0,8413.5,8401.0,12.5,WESTMETALL_LME
2021-02-18,76025.0,8650.0,8631.0,19.0,WESTMETALL_LME
2021-02-19,75700.0,8806.5,8763.0,43.5,WESTMETALL_LME
2021-02-22,74900.0,9067.5,9033.0,34.5,WESTMETALL_LME
2021-02-23,73450.0,9158.0,9126.0,32.0,WESTMETALL_LME
2021-02-24,79700.0,9286.0,9260.5,25.5,WESTMETALL_LME
2021-02-25,78575.0,9614.5,9562.5,52.0,WESTMETALL_LME
2021-02-26,76225.0,9172.5,9120.5,52.0,WESTMETALL_LME
2021-03-01,74200.0,9198.0,9148.0,50.0,WESTMETALL_LME
2021-03-02,73700.0,9213.5,9163.5,50.0,WESTMETALL_LME
2021-03-03,74100.0,9266.0,9227.5,38.5,WESTMETALL_LME
2021-03-04,79825.0,8786.5,8757.0,29.5,WESTMETALL_LME
2021-03-05,79025.0,9021.5,8996.5,25.0,WESTMETALL_LME
2021-03-08,84250.0,8992.5,8971.0,21.5,WESTMETALL_LME
2021-03-09,85050.0,8895.0,8877.0,18.0,WESTMETALL_LME
2021-03-10,88025.0,8939.0,8917.0,22.0,WESTMETALL_LME
2021-03-11,90825.0,9062.5,9048.0,14.5,WESTMETALL_LME
2021-03-12,93450.0,9052.5,9037.5,15.0,WESTMETALL_LME
2021-03-15,92650.0,9147.5,9123.0,24.5,WESTMETALL_LME
2021-03-16,103900.0,8965.5,8956.5,9.0,WESTMETALL_LME
2021-03-17,107275.0,9027.0,9024.5,2.5,WESTMETALL_LME
2021-03-18,106425.0,9090.0,9077.5,12.5,WESTMETALL_LME
2021-03-19,104950.0,9036.0,9017.5,18.5,WESTMETALL_LME
2021-03-22,113900.0,9097.5,9086.0,11.5,WESTMETALL_LME
2021-03-23,122425.0,9016.5,9013.0,3.5,WESTMETALL_LME
2021-03-24,121950.0,9016.0,9011.0,5.0,WESTMETALL_LME
2021-03-25,121675.0,8781.0,8780.5,0.5,WESTMETALL_LME
2021-03-26,123800.0,8929.0,8918.5,10.5,WESTMETALL_LME
2021-03-29,132050.0,8942.5,8937.0,5.5,WESTMETALL_LME
2021-03-30,142550.0,8788.5,8795.0,-6.5,WESTMETALL_LME
2021-03-31,144500.0,8850.5,8845.5,5.0,WESTMETALL_LME
2021-04-01,143775.0,8768.0,8764.0,4.0,WESTMETALL_LME
2021-04-06,143425.0,8984.5,8979.0,5.5,WESTMETALL_LME
2021-04-07,150325.0,8981.5,8974.5,7.0,WESTMETALL_LME
2021-04-08,157075.0,9001.5,8993.0,8.5,WESTMETALL_LME
2021-04-09,163100.0,8993.0,8984.0,9.0,WESTMETALL_LME
2021-04-12,165625.0,8901.0,8893.5,7.5,WESTMETALL_LME
2021-04-13,168500.0,8904.0,8898.0,6.0,WESTMETALL_LME
2021-04-14,172025.0,9011.0,9002.5,8.5,WESTMETALL_LME
2021-04-15,169475.0,9187.5,9180.5,7.0,WESTMETALL_LME
2021-04-16,165375.0,9336.0,9317.5,18.5,WESTMETALL_LME
2021-04-19,163050.0,9415.0,9398.5,16.5,WESTMETALL_LME
2021-04-20,160350.0,9396.5,9390.0,6.5,WESTMETALL_LME
2021-04-21,159450.0,9382.5,9371.5,11.0,WESTMETALL_LME
2021-04-22,158975.0,9475.5,9448.0,27.5,WESTMETALL_LME
2021-04-23,155750.0,9545.5,9518.0,27.5,WESTMETALL_LME
2021-04-26,155100.0,9758.0,9730.0,28.0,WESTMETALL_LME
2021-04-27,154600.0,9898.5,9894.0,4.5,WESTMETALL_LME
2021-04-28,148975.0,9832.5,9823.5,9.0,WESTMETALL_LME
2021-04-29,147325.0,9990.0,9983.0,7.0,WESTMETALL_LME
2021-04-30,143725.0,9949.0,9939.5,9.5,WESTMETALL_LME
2021-05-04,137400.0,9961.0,9958.5,2.5,WESTMETALL_LME
2021-05-05,132775.0,9991.5,9990.5,1.0,WESTMETALL_LME
2021-05-06,130750.0,10025.5,10028.0,-2.5,WESTMETALL_LME
2021-05-07,126725.0,10361.0,10356.0,5.0,WESTMETALL_LME
2021-05-10,123200.0,10724.5,10720.0,4.5,WESTMETALL_LME
2021-05-11,118875.0,10528.0,10533.5,-5.5,WESTMETALL_LME
2021-05-12,115950.0,10537.0,10546.0,-9.0,WESTMETALL_LME
2021-05-13,112150.0,10253.5,10260.5,-7.0,WESTMETALL_LME
2021-05-14,121250.0,10212.0,10239.5,-27.5,WESTMETALL_LME
2021-05-17,119875.0,10257.0,10283.5,-26.5,WESTMETALL_LME
2021-05-18,119025.0,10465.0,10496.5,-31.5,WESTMETALL_LME
2021-05-19,117075.0,10114.5,10138.0,-23.5,WESTMETALL_LME
2021-05-20,117300.0,10086.0,10104.0,-18.0,WESTMETALL_LME
2021-05-21,126675.0,10011.0,10027.5,-16.5,WESTMETALL_LME
2021-05-24,125825.0,9868.0,9884.0,-16.0,WESTMETALL_LME
2021-05-25,125925.0,9943.0,9961.0,-18.0,WESTMETALL_LME
2021-05-26,124700.0,9965.0,9978.5,-13.5,WESTMETALL_LME
2021-05-27,123750.0,10032.5,10048.5,-16.0,WESTMETALL_LME
2021-05-28,122425.0,10159.5,10171.0,-11.5,WESTMETALL_LME
2021-06-01,120700.0,10212.5,10226.5,-14.0,WESTMETALL_LME
2021-06-02,123350.0,10117.5,10133.5,-16.0,WESTMETALL_LME
2021-06-03,125450.0,9967.0,9989.5,-22.5,WESTMETALL_LME
2021-06-04,124700.0,9852.0,9866.0,-14.0,WESTMETALL_LME
2021-06-07,124700.0,9848.0,9864.0,-16.0,WESTMETALL_LME
2021-06-08,127200.0,9878.5,9901.5,-23.0,WESTMETALL_LME
2021-06-09,129675.0,9877.0,9904.5,-27.5,WESTMETALL_LME
2021-06-10,131775.0,9808.5,9834.5,-26.0,WESTMETALL_LME
2021-06-11,132450.0,10029.0,10059.5,-30.5,WESTMETALL_LME
2021-06-14,138300.0,9900.0,9935.0,-35.0,WESTMETALL_LME
2021-06-15,140625.0,9552.5,9587.0,-34.5,WESTMETALL_LME
2021-06-16,142625.0,9508.0,9538.0,-30.0,WESTMETALL_LME
2021-06-17,143750.0,9427.5,9456.5,-29.0,WESTMETALL_LME
2021-06-18,168675.0,9206.0,9230.0,-24.0,WESTMETALL_LME
2021-06-21,161050.0,9042.5,9070.0,-27.5,WESTMETALL_LME
2021-06-22,160950.0,9190.5,9217.0,-26.5,WESTMETALL_LME
2021-06-23,159800.0,9289.5,9321.0,-31.5,WESTMETALL_LME
2021-06-24,192975.0,9390.5,9420.5,-30.0,WESTMETALL_LME
2021-06-25,210975.0,9432.5,9460.0,-27.5,WESTMETALL_LME
2021-06-28,210925.0,9333.5,9363.5,-30.0,WESTMETALL_LME
2021-06-29,210350.0,9225.5,9252.0,-26.5,WESTMETALL_LME
2021-06-30,211525.0,9385.0,9405.5,-20.5,WESTMETALL_LME
2021-07-01,211975.0,9342.0,9367.5,-25.5,WESTMETALL_LME
2021-07-02,211950.0,9296.5,9323.5,-27.0,WESTMETALL_LME
2021-07-05,212475.0,9432.0,9461.0,-29.0,WESTMETALL_LME
2021-07-06,212325.0,9528.0,9558.5,-30.5,WESTMETALL_LME
2021-07-07,214575.0,9451.5,9483.0,-31.5,WESTMETALL_LME
2021-07-08,214575.0,9264.5,9297.5,-33.0,WESTMETALL_LME
2021-07-09,216800.0,9437.5,9475.5,-38.0,WESTMETALL_LME
2021-07-12,219175.0,9347.0,9385.0,-38.0,WESTMETALL_LME
2021-07-13,220575.0,9310.0,9345.0,-35.0,WESTMETALL_LME
2021-07-14,221800.0,9309.0,9349.0,-40.0,WESTMETALL_LME
2021-07-15,222625.0,9347.0,9383.5,-36.5,WESTMETALL_LME
2021-07-16,224175.0,9396.5,9433.5,-37.0,WESTMETALL_LME
2021-07-19,226300.0,9264.5,9300.0,-35.5,WESTMETALL_LME
2021-07-20,225650.0,9211.0,9244.5,-33.5,WESTMETALL_LME
2021-07-21,224400.0,9271.5,9303.0,-31.5,WESTMETALL_LME
2021-07-22,224250.0,9382.5,9409.0,-26.5,WESTMETALL_LME
2021-07-23,224750.0,9433.5,9461.5,-28.0,WESTMETALL_LME
2021-07-26,225225.0,9580.0,9604.5,-24.5,WESTMETALL_LME
2021-07-27,225225.0,9709.0,9728.5,-19.5,WESTMETALL_LME
2021-07-28,230225.0,9697.0,9719.0,-22.0,WESTMETALL_LME
2021-07-29,235175.0,9781.0,9805.0,-24.0,WESTMETALL_LME
2021-07-30,239650.0,9747.5,9775.0,-27.5,WESTMETALL_LME
2021-08-02,238650.0,9737.0,9767.0,-30.0,WESTMETALL_LME
2021-08-03,238000.0,9583.5,9608.5,-25.0,WESTMETALL_LME
2021-08-04,237025.0,9503.0,9527.5,-24.5,WESTMETALL_LME
2021-08-05,236100.0,9429.0,9446.5,-17.5,WESTMETALL_LME
2021-08-06,235250.0,9529.5,9549.5,-20.0,WESTMETALL_LME
2021-08-09,234925.0,9311.5,9337.5,-26.0,WESTMETALL_LME
2021-08-10,236100.0,9409.5,9435.0,-25.5,WESTMETALL_LME
2021-08-11,235925.0,9421.0,9450.5,-29.5,WESTMETALL_LME
2021-08-12,235775.0,9508.5,9539.0,-30.5,WESTMETALL_LME
2021-08-13,235650.0,9429.5,9463.0,-33.5,WESTMETALL_LME
2021-08-16,235550.0,9377.0,9404.5,-27.5,WESTMETALL_LME
2021-08-17,236325.0,9346.5,9369.5,-23.0,WESTMETALL_LME
2021-08-18,245125.0,9148.5,9168.5,-20.0,WESTMETALL_LME
2021-08-19,245125.0,8775.5,8783.5,-8.0,WESTMETALL_LME
2021-08-20,251450.0,8922.0,8934.0,-12.0,WESTMETALL_LME
2021-08-23,254800.0,9237.0,9221.5,15.5,WESTMETALL_LME
2021-08-24,254775.0,9316.5,9305.5,11.0,WESTMETALL_LME
2021-08-25,254300.0,9378.5,9376.0,2.5,WESTMETALL_LME
2021-08-26,254300.0,9323.0,9315.5,7.5,WESTMETALL_LME
2021-08-27,254250.0,9352.0,9345.0,7.0,WESTMETALL_LME
2021-08-31,253000.0,9462.5,9457.5,5.0,WESTMETALL_LME
2021-09-01,252725.0,9312.0,9310.5,1.5,WESTMETALL_LME
2021-09-02,252400.0,9347.0,9354.5,-7.5,WESTMETALL_LME
2021-09-03,252225.0,9361.0,9372.0,-11.0,WESTMETALL_LME
2021-09-06,250700.0,9401.5,9412.0,-10.5,WESTMETALL_LME
2021-09-07,242550.0,9325.0,9340.0,-15.0,WESTMETALL_LME
2021-09-08,237700.0,9256.0,9280.0,-24.0,WESTMETALL_LME
2021-09-09,233950.0,9356.5,9381.0,-24.5,WESTMETALL_LME
2021-09-10,233950.0,9515.0,9533.5,-18.5,WESTMETALL_LME
2021-09-13,240350.0,9627.0,9640.0,-13.0,WESTMETALL_LME
2021-09-14,235950.0,9407.0,9416.5,-9.5,WESTMETALL_LME
2021-09-15,234000.0,9488.5,9505.0,-16.5,WESTMETALL_LME
2021-09-16,231200.0,9392.0,9420.0,-28.0,WESTMETALL_LME
2021-09-17,240800.0,9435.5,9457.0,-21.5,WESTMETALL_LME
2021-09-20,239500.0,9145.5,9132.0,13.5,WESTMETALL_LME
2021-09-21,231075.0,9106.0,9107.0,-1.0,WESTMETALL_LME
2021-09-22,229725.0,9255.0,9246.0,9.0,WESTMETALL_LME
2021-09-23,226025.0,9252.0,9251.0,1.0,WESTMETALL_LME
2021-09-24,226175.0,9275.0,9271.0,4.0,WESTMETALL_LME
2021-09-27,223175.0,9341.0,9328.0,13.0,WESTMETALL_LME
2021-09-28,226625.0,9263.0,9260.0,3.0,WESTMETALL_LME
2021-09-29,220875.0,9227.0,9215.5,11.5,WESTMETALL_LME
2021-09-30,219525.0,9041.0,9021.0,20.0,WESTMETALL_LME
2021-10-01,217175.0,9113.0,9101.0,12.0,WESTMETALL_LME
2021-10-04,216725.0,9267.5,9270.0,-2.5,WESTMETALL_LME
2021-10-05,212125.0,9091.5,9090.0,1.5,WESTMETALL_LME
2021-10-06,202500.0,9096.0,9082.5,13.5,WESTMETALL_LME
2021-10-07,200575.0,9177.0,9177.0,0.0,WESTMETALL_LME
2021-10-08,199250.0,9246.0,9236.0,10.0,WESTMETALL_LME
2021-10-11,197650.0,9527.0,9475.5,51.5,WESTMETALL_LME
2021-10-12,195250.0,9585.0,9497.0,88.0,WESTMETALL_LME
2021-10-13,191600.0,9661.0,9560.0,101.0,WESTMETALL_LME
2021-10-14,187050.0,9971.0,9840.0,131.0,WESTMETALL_LME
2021-10-15,181400.0,10555.0,10177.0,378.0,WESTMETALL_LME
2021-10-18,181375.0,10500.0,10275.0,225.0,WESTMETALL_LME
2021-10-19,178225.0,10652.0,10270.0,382.0,WESTMETALL_LME
2021-10-20,172025.0,10161.0,9996.0,165.0,WESTMETALL_LME
2021-10-21,165925.0,10051.0,9935.0,116.0,WESTMETALL_LME
2021-10-22,161550.0,9992.0,9870.0,122.0,WESTMETALL_LME
2021-10-25,159800.0,10050.0,9805.5,244.5,WESTMETALL_LME
2021-10-26,155150.0,9988.0,9805.0,183.0,WESTMETALL_LME
2021-10-27,153675.0,9849.5,9605.0,244.5,WESTMETALL_LME
2021-10-28,143650.0,9860.0,9661.0,199.0,WESTMETALL_LME
2021-10-29,140175.0,9955.0,9620.0,335.0,WESTMETALL_LME
2021-11-01,131300.0,9875.0,9490.0,385.0,WESTMETALL_LME
2021-11-02,123925.0,9817.0,9520.0,297.0,WESTMETALL_LME
2021-11-03,126475.0,9825.0,9590.0,235.0,WESTMETALL_LME
2021-11-04,123400.0,9785.0,9570.0,215.0,WESTMETALL_LME
2021-11-05,122600.0,9740.0,9430.0,310.0,WESTMETALL_LME
2021-11-08,115525.0,9885.0,9540.0,345.0,WESTMETALL_LME
2021-11-09,109550.0,10002.0,9660.0,342.0,WESTMETALL_LME
2021-11-10,106125.0,9791.0,9570.0,221.0,WESTMETALL_LME
2021-11-11,104175.0,9850.0,9630.0,220.0,WESTMETALL_LME
2021-11-12,100300.0,9854.5,9617.0,237.5,WESTMETALL_LME
2021-11-15,95700.0,9845.0,9732.0,113.0,WESTMETALL_LME
2021-11-16,93925.0,9680.0,9650.0,30.0,WESTMETALL_LME
2021-11-17,99450.0,9495.0,9495.0,0.0,WESTMETALL_LME
2021-11-18,97600.0,9450.0,9410.0,40.0,WESTMETALL_LME
2021-11-19,89875.0,9620.5,9545.0,75.5,WESTMETALL_LME
2021-11-22,86525.0,9730.0,9615.0,115.0,WESTMETALL_LME
2021-11-23,81600.0,9825.5,9722.0,103.5,WESTMETALL_LME
2021-11-24,82225.0,9852.0,9790.0,62.0,WESTMETALL_LME
2021-11-25,82600.0,9932.0,9895.0,37.0,WESTMETALL_LME
2021-11-26,83800.0,9630.0,9520.0,110.0,WESTMETALL_LME
2021-11-29,80075.0,9751.0,9610.0,141.0,WESTMETALL_LME
2021-11-30,76450.0,9605.0,9510.0,95.0,WESTMETALL_LME
2021-12-01,78625.0,9571.0,9510.0,61.0,WESTMETALL_LME
2021-12-02,78225.0,9520.0,9421.0,99.0,WESTMETALL_LME
2021-12-03,78350.0,9513.0,9455.0,58.0,WESTMETALL_LME
2021-12-06,77875.0,9526.0,9480.0,46.0,WESTMETALL_LME
2021-12-07,74225.0,9647.0,9606.0,41.0,WESTMETALL_LME
2021-12-08,75175.0,9555.5,9565.0,-9.5,WESTMETALL_LME
2021-12-09,77925.0,9578.0,9557.0,21.0,WESTMETALL_LME
2021-12-10,81775.0,9543.0,9531.0,12.0,WESTMETALL_LME
2021-12-13,84450.0,9500.0,9505.5,-5.5,WESTMETALL_LME
2021-12-14,87375.0,9485.0,9480.0,5.0,WESTMETALL_LME
2021-12-15,88650.0,9290.0,9285.0,5.0,WESTMETALL_LME
2021-12-16,89475.0,9506.0,9495.0,11.0,WESTMETALL_LME
2021-12-17,89150.0,9520.0,9505.0,15.0,WESTMETALL_LME
2021-12-20,89000.0,9406.0,9390.0,16.0,WESTMETALL_LME
2021-12-21,89925.0,9521.0,9511.0,10.0,WESTMETALL_LME
2021-12-22,89400.0,9625.0,9615.0,10.0,WESTMETALL_LME
2021-12-23,89125.0,9606.0,9581.5,24.5,WESTMETALL_LME
2021-12-24,89275.0,9582.0,9566.0,16.0,WESTMETALL_LME
2021-12-29,89100.0,9655.0,9620.5,34.5,WESTMETALL_LME
2021-12-30,89375.0,9715.0,9656.5,58.5,WESTMETALL_LME
2021-12-31,88950.0,9692.0,9682.0,10.0,WESTMETALL_LME
2022-01-04,88725.0,9660.0,9630.0,30.0,WESTMETALL_LME
2022-01-05,86950.0,9778.0,9759.0,19.0,WESTMETALL_LME
2022-01-06,85950.0,9565.0,9560.0,5.0,WESTMETALL_LME
2022-01-07,84775.0,9615.0,9593.0,22.0,WESTMETALL_LME
2022-01-10,84025.0,9665.0,9641.0,24.0,WESTMETALL_LME
2022-01-11,83925.0,9662.0,9632.0,30.0,WESTMETALL_LME
2022-01-12,83850.0,9945.0,9930.5,14.5,WESTMETALL_LME
2022-01-13,83800.0,9972.0,9965.0,7.0,WESTMETALL_LME
2022-01-14,86300.0,9900.0,9885.0,15.0,WESTMETALL_LME
2022-01-17,92850.0,9674.5,9660.0,14.5,WESTMETALL_LME
2022-01-18,94525.0,9707.0,9692.0,15.0,WESTMETALL_LME
2022-01-19,98750.0,9801.0,9785.0,16.0,WESTMETALL_LME
2022-01-20,98725.0,9925.0,9906.0,19.0,WESTMETALL_LME
2022-01-21,99775.0,9970.0,9922.0,48.0,WESTMETALL_LME
2022-01-24,97575.0,9800.0,9775.0,25.0,WESTMETALL_LME
2022-01-25,96675.0,9744.0,9710.0,34.0,WESTMETALL_LME
2022-01-26,93250.0,9965.0,9926.5,38.5,WESTMETALL_LME
2022-01-27,91350.0,9872.0,9835.0,37.0,WESTMETALL_LME
2022-01-28,90125.0,9678.0,9622.0,56.0,WESTMETALL_LME
2022-01-31,87650.0,9620.0,9539.0,81.0,WESTMETALL_LME
2022-02-01,86500.0,9701.0,9661.0,40.0,WESTMETALL_LME
2022-02-02,84875.0,9880.0,9845.0,35.0,WESTMETALL_LME
2022-02-03,82400.0,9785.0,9755.0,30.0,WESTMETALL_LME
2022-02-04,82225.0,9875.0,9835.0,40.0,WESTMETALL_LME
2022-02-07,80025.0,9850.0,9815.0,35.0,WESTMETALL_LME
2022-02-08,79925.0,9760.0,9718.0,42.0,WESTMETALL_LME
2022-02-09,77325.0,9881.0,9841.0,40.0,WESTMETALL_LME
2022-02-10,76325.0,10220.5,10181.0,39.5,WESTMETALL_LME
2022-02-11,74100.0,10040.0,10000.0,40.0,WESTMETALL_LME
2022-02-14,72225.0,9882.0,9840.0,42.0,WESTMETALL_LME
2022-02-15,70125.0,10020.0,9960.0,60.0,WESTMETALL_LME
2022-02-16,75275.0,10045.5,10010.0,35.5,WESTMETALL_LME
2022-02-17,74275.0,10010.0,9900.0,110.0,WESTMETALL_LME
2022-02-18,74075.0,10015.0,9975.0,40.0,WESTMETALL_LME
2022-02-21,74375.0,9960.0,9910.0,50.0,WESTMETALL_LME
2022-02-22,74475.0,10020.0,9951.0,69.0,WESTMETALL_LME
2022-02-23,74325.0,10005.0,9965.0,40.0,WESTMETALL_LME
2022-02-24,74750.0,9983.0,9935.0,48.0,WESTMETALL_LME
2022-02-25,74875.0,9920.0,9862.0,58.0,WESTMETALL_LME
2022-02-28,73025.0,9974.0,9945.0,29.0,WESTMETALL_LME
2022-03-01,72875.0,9976.0,9948.0,28.0,WESTMETALL_LME
2022-03-02,72075.0,10257.5,10220.5,37.0,WESTMETALL_LME
2022-03-03,71375.0,10470.0,10420.0,50.0,WESTMETALL_LME
2022-03-04,69825.0,10466.0,10440.0,26.0,WESTMETALL_LME
2022-03-07,70250.0,10730.0,10720.0,10.0,WESTMETALL_LME
2022-03-08,69600.0,10171.0,10250.5,-79.5,WESTMETALL_LME
2022-03-09,71875.0,10052.0,10070.0,-18.0,WESTMETALL_LME
2022-03-10,71900.0,10144.0,10172.0,-28.0,WESTMETALL_LME
2022-03-11,74200.0,10145.0,10166.0,-21.0,WESTMETALL_LME
2022-03-14,78000.0,9880.0,9925.0,-45.0,WESTMETALL_LME
2022-03-15,77525.0,9826.0,9865.0,-39.0,WESTMETALL_LME
2022-03-16,77475.0,10100.5,10121.0,-20.5,WESTMETALL_LME
2022-03-17,77600.0,10166.0,10171.0,-5.0,WESTMETALL_LME
2022-03-18,79500.0,10249.0,10240.0,9.0,WESTMETALL_LME
2022-03-21,80150.0,10173.0,10191.0,-18.0,WESTMETALL_LME
2022-03-22,80100.0,10342.0,10355.0,-13.0,WESTMETALL_LME
2022-03-23,79975.0,10311.0,10317.0,-6.0,WESTMETALL_LME
2022-03-24,80675.0,10421.0,10435.0,-14.0,WESTMETALL_LME
2022-03-25,80600.0,10280.0,10310.0,-30.0,WESTMETALL_LME
2022-03-28,80550.0,10227.0,10230.0,-3.0,WESTMETALL_LME
2022-03-29,81500.0,10350.0,10356.0,-6.0,WESTMETALL_LME
2022-03-30,87925.0,10390.5,10392.0,-1.5,WESTMETALL_LME
2022-03-31,91400.0,10337.0,10335.0,2.0,WESTMETALL_LME
2022-04-01,93975.0,10247.0,10260.0,-13.0,WESTMETALL_LME
2022-04-04,94800.0,10301.5,10324.0,-22.5,WESTMETALL_LME
2022-04-05,95975.0,10426.0,10450.0,-24.0,WESTMETALL_LME
2022-04-06,94925.0,10350.5,10373.0,-22.5,WESTMETALL_LME
2022-04-07,101275.0,10292.0,10301.0,-9.0,WESTMETALL_LME
2022-04-08,103775.0,10390.0,10380.0,10.0,WESTMETALL_LME
2022-04-11,105600.0,10235.5,10254.0,-18.5,WESTMETALL_LME
2022-04-12,104350.0,10201.0,10226.0,-25.0,WESTMETALL_LME
2022-04-13,107000.0,10290.5,10306.0,-15.5,WESTMETALL_LME
2022-04-14,110675.0,10277.0,10310.0,-33.0,WESTMETALL_LME
2022-04-19,118825.0,10381.0,10391.5,-10.5,WESTMETALL_LME
2022-04-20,128775.0,10215.0,10250.0,-35.0,WESTMETALL_LME
2022-04-21,130500.0,10268.0,10282.0,-14.0,WESTMETALL_LME
2022-04-22,137775.0,10230.5,10235.0,-4.5,WESTMETALL_LME
2022-04-25,137275.0,9919.0,9915.0,4.0,WESTMETALL_LME
2022-04-26,135175.0,9912.5,9918.5,-6.0,WESTMETALL_LME
2022-04-27,148500.0,9910.0,9895.0,15.0,WESTMETALL_LME
2022-04-28,150850.0,9812.0,9805.0,7.0,WESTMETALL_LME
2022-04-29,156050.0,9820.5,9822.0,-1.5,WESTMETALL_LME
2022-05-03,156225.0,9511.0,9525.0,-14.0,WESTMETALL_LME
2022-05-04,154475.0,9474.0,9481.0,-7.0,WESTMETALL_LME
2022-05-05,168800.0,9541.0,9541.0,0.0,WESTMETALL_LME
2022-05-06,170025.0,9428.0,9425.0,3.0,WESTMETALL_LME
2022-05-09,169175.0,9160.0,9162.0,-2.0,WESTMETALL_LME
2022-05-10,167825.0,9350.0,9341.0,9.0,WESTMETALL_LME
2022-05-11,175875.0,9367.0,9356.0,11.0,WESTMETALL_LME
2022-05-12,176875.0,9018.5,9005.0,13.5,WESTMETALL_LME
2022-05-13,177000.0,9064.0,9060.0,4.0,WESTMETALL_LME
2022-05-16,176550.0,9270.0,9227.0,43.0,WESTMETALL_LME
2022-05-17,176575.0,9396.0,9381.0,15.0,WESTMETALL_LME
2022-05-18,180925.0,9264.5,9262.0,2.5,WESTMETALL_LME
2022-05-19,178550.0,9287.0,9278.0,9.0,WESTMETALL_LME
2022-05-20,174600.0,9477.0,9461.0,16.0,WESTMETALL_LME
2022-05-23,171075.0,9500.5,9485.0,15.5,WESTMETALL_LME
2022-05-24,170650.0,9460.5,9437.0,23.5,WESTMETALL_LME
2022-05-25,168150.0,9287.0,9315.0,-28.0,WESTMETALL_LME
2022-05-26,162425.0,9359.0,9365.0,-6.0,WESTMETALL_LME
2022-05-27,156175.0,9383.0,9395.0,-12.0,WESTMETALL_LME
2022-05-30,154650.0,9520.5,9531.0,-10.5,WESTMETALL_LME
2022-05-31,149200.0,9500.5,9510.0,-9.5,WESTMETALL_LME
2022-06-01,145950.0,9455.0,9455.0,0.0,WESTMETALL_LME
2022-06-06,140975.0,9712.0,9720.0,-8.0,WESTMETALL_LME
2022-06-07,120775.0,9612.0,9612.0,0.0,WESTMETALL_LME
2022-06-08,116900.0,9692.0,9692.0,0.0,WESTMETALL_LME
2022-06-09,118175.0,9630.0,9624.0,6.0,WESTMETALL_LME
2022-06-10,117750.0,9537.0,9540.5,-3.5,WESTMETALL_LME
2022-06-13,117975.0,9290.0,9284.0,6.0,WESTMETALL_LME
2022-06-14,119875.0,9263.0,9275.0,-12.0,WESTMETALL_LME
2022-06-15,121525.0,9257.0,9262.0,-5.0,WESTMETALL_LME
2022-06-16,121000.0,9105.0,9105.0,0.0,WESTMETALL_LME
2022-06-17,118025.0,9101.0,9100.0,1.0,WESTMETALL_LME
2022-06-20,117025.0,8875.0,8865.0,10.0,WESTMETALL_LME
2022-06-21,115150.0,9000.0,9005.0,-5.0,WESTMETALL_LME
2022-06-22,114175.0,8729.0,8730.0,-1.0,WESTMETALL_LME
2022-06-23,113475.0,8578.0,8600.0,-22.0,WESTMETALL_LME
2022-06-24,113025.0,8280.5,8292.0,-11.5,WESTMETALL_LME
2022-06-27,124850.0,8353.0,8357.0,-4.0,WESTMETALL_LME
2022-06-28,124625.0,8502.0,8505.0,-3.0,WESTMETALL_LME
2022-06-29,123825.0,8446.0,8450.0,-4.0,WESTMETALL_LME
2022-06-30,124275.0,8245.0,8245.0,0.0,WESTMETALL_LME
2022-07-01,126850.0,7975.5,7982.0,-6.5,WESTMETALL_LME
2022-07-04,136950.0,8036.0,8045.0,-9.0,WESTMETALL_LME
2022-07-05,136400.0,7807.0,7817.0,-10.0,WESTMETALL_LME
2022-07-06,135775.0,7525.5,7540.0,-14.5,WESTMETALL_LME
2022-07-07,135350.0,7835.0,7866.0,-31.0,WESTMETALL_LME
2022-07-08,133025.0,7790.0,7807.0,-17.0,WESTMETALL_LME
2022-07-11,133100.0,7623.0,7645.0,-22.0,WESTMETALL_LME
2022-07-12,131775.0,7370.5,7403.0,-32.5,WESTMETALL_LME
2022-07-13,130975.0,7267.0,7275.5,-8.5,WESTMETALL_LME
2022-07-14,129250.0,7216.0,7237.0,-21.0,WESTMETALL_LME
2022-07-15,130425.0,7000.0,7005.0,-5.0,WESTMETALL_LME
2022-07-18,130275.0,7320.0,7351.0,-31.0,WESTMETALL_LME
2022-07-19,136200.0,7281.5,7305.5,-24.0,WESTMETALL_LME
2022-07-20,135575.0,7371.0,7406.0,-35.0,WESTMETALL_LME
2022-07-21,133550.0,7231.5,7255.0,-23.5,WESTMETALL_LME
2022-07-22,133925.0,7372.0,7393.0,-21.0,WESTMETALL_LME
2022-07-25,133175.0,7448.0,7467.0,-19.0,WESTMETALL_LME
2022-07-26,132025.0,7591.5,7620.0,-28.5,WESTMETALL_LME
2022-07-27,132500.0,7552.0,7570.0,-18.0,WESTMETALL_LME
2022-07-28,131700.0,7712.0,7720.0,-8.0,WESTMETALL_LME
2022-07-29,130575.0,7800.5,7792.0,8.5,WESTMETALL_LME
2022-08-01,131275.0,7930.5,7940.5,-10.0,WESTMETALL_LME
2022-08-02,130975.0,7819.0,7805.0,14.0,WESTMETALL_LME
2022-08-03,130250.0,7774.0,7783.5,-9.5,WESTMETALL_LME
2022-08-04,129575.0,7642.0,7653.0,-11.0,WESTMETALL_LME
2022-08-05,128600.0,7830.5,7840.0,-9.5,WESTMETALL_LME
2022-08-08,127850.0,7835.0,7855.0,-20.0,WESTMETALL_LME
2022-08-09,126975.0,7971.5,7977.0,-5.5,WESTMETALL_LME
2022-08-10,126525.0,7976.0,7984.5,-8.5,WESTMETALL_LME
2022-08-11,131575.0,8140.0,8150.0,-10.0,WESTMETALL_LME
2022-08-12,131850.0,8065.0,8072.0,-7.0,WESTMETALL_LME
2022-08-15,130550.0,7865.5,7870.5,-5.0,WESTMETALL_LME
2022-08-16,129475.0,7992.0,8005.0,-13.0,WESTMETALL_LME
2022-08-17,128875.0,7955.0,7962.0,-7.0,WESTMETALL_LME
2022-08-18,126475.0,8020.0,8016.0,4.0,WESTMETALL_LME
2022-08-19,123825.0,8051.0,8037.0,14.0,WESTMETALL_LME
2022-08-22,122575.0,8041.0,7991.0,50.0,WESTMETALL_LME
2022-08-23,122375.0,8100.5,8051.0,49.5,WESTMETALL_LME
2022-08-24,123275.0,8031.5,8022.0,9.5,WESTMETALL_LME
2022-08-25,122125.0,8155.0,8120.0,35.0,WESTMETALL_LME
2022-08-26,120525.0,8315.0,8280.5,34.5,WESTMETALL_LME
2022-08-30,121000.0,7910.5,7876.0,34.5,WESTMETALL_LME
2022-08-31,118500.0,7721.0,7701.0,20.0,WESTMETALL_LME
2022-09-01,114325.0,7702.0,7665.0,37.0,WESTMETALL_LME
2022-09-02,110550.0,7587.0,7517.0,70.0,WESTMETALL_LME
2022-09-05,108450.0,7652.5,7606.0,46.5,WESTMETALL_LME
2022-09-06,106000.0,7707.0,7651.0,56.0,WESTMETALL_LME
2022-09-07,103300.0,7730.0,7645.0,85.0,WESTMETALL_LME
2022-09-08,102725.0,7906.0,7798.0,108.0,WESTMETALL_LME
2022-09-09,105450.0,7985.0,7920.0,65.0,WESTMETALL_LME
2022-09-12,105425.0,8026.0,7945.0,81.0,WESTMETALL_LME
2022-09-13,103650.0,8230.0,8095.0,135.0,WESTMETALL_LME
2022-09-14,103025.0,7865.0,7790.0,75.0,WESTMETALL_LME
2022-09-15,103225.0,7806.0,7726.0,80.0,WESTMETALL_LME
2022-09-16,102000.0,7792.0,7660.5,131.5,WESTMETALL_LME
2022-09-19,105075.0,7772.0,7703.0,69.0,WESTMETALL_LME
2022-09-20,107150.0,7796.0,7755.0,41.0,WESTMETALL_LME
2022-09-21,118000.0,7761.5,7710.5,51.0,WESTMETALL_LME
2022-09-22,122775.0,7815.0,7737.0,78.0,WESTMETALL_LME
2022-09-23,124725.0,7446.0,7410.0,36.0,WESTMETALL_LME
2022-09-26,129000.0,7449.0,7350.0,99.0,WESTMETALL_LME
2022-09-27,130850.0,7475.0,7400.0,75.0,WESTMETALL_LME
2022-09-28,133550.0,7353.0,7291.5,61.5,WESTMETALL_LME
2022-09-29,134900.0,7660.5,7560.0,100.5,WESTMETALL_LME
2022-09-30,135250.0,7647.0,7540.5,106.5,WESTMETALL_LME
2022-10-03,135750.0,7524.0,7410.0,114.0,WESTMETALL_LME
2022-10-04,136750.0,7596.0,7545.0,51.0,WESTMETALL_LME
2022-10-05,138650.0,7661.0,7607.0,54.0,WESTMETALL_LME
2022-10-06,140200.0,7744.0,7706.0,38.0,WESTMETALL_LME
2022-10-07,143775.0,7575.5,7554.0,21.5,WESTMETALL_LME
2022-10-10,143775.0,7655.0,7586.5,68.5,WESTMETALL_LME
2022-10-11,145750.0,7587.0,7525.0,62.0,WESTMETALL_LME
2022-10-12,145525.0,7625.5,7565.0,60.5,WESTMETALL_LME
2022-10-13,145400.0,7663.0,7575.0,88.0,WESTMETALL_LME
2022-10-14,145650.0,7688.0,7585.5,102.5,WESTMETALL_LME
2022-10-17,142950.0,7715.0,7615.0,100.0,WESTMETALL_LME
2022-10-18,143825.0,7536.0,7490.0,46.0,WESTMETALL_LME
2022-10-19,139000.0,7420.0,7370.0,50.0,WESTMETALL_LME
2022-10-20,136700.0,7585.5,7505.5,80.0,WESTMETALL_LME
2022-10-21,137325.0,7545.0,7457.0,88.0,WESTMETALL_LME
2022-10-24,134700.0,7661.0,7562.0,99.0,WESTMETALL_LME
2022-10-25,134400.0,7536.0,7450.0,86.0,WESTMETALL_LME
2022-10-26,130800.0,7762.5,7668.0,94.5,WESTMETALL_LME
2022-10-27,125825.0,7777.0,7707.0,70.0,WESTMETALL_LME
2022-10-28,119375.0,7663.5,7610.0,53.5,WESTMETALL_LME
2022-10-31,113125.0,7525.0,7442.0,83.0,WESTMETALL_LME
2022-11-01,106425.0,7745.0,7675.0,70.0,WESTMETALL_LME
2022-11-02,102225.0,7705.0,7655.0,50.0,WESTMETALL_LME
2022-11-03,93975.0,7510.0,7485.0,25.0,WESTMETALL_LME
2022-11-04,88600.0,7905.0,7876.0,29.0,WESTMETALL_LME
2022-11-07,84550.0,7954.5,7936.0,18.5,WESTMETALL_LME
2022-11-08,83075.0,7974.0,7967.0,7.0,WESTMETALL_LME
2022-11-09,80975.0,8035.0,8011.0,24.0,WESTMETALL_LME
2022-11-10,80025.0,8065.0,8046.0,19.0,WESTMETALL_LME
2022-11-11,77875.0,8441.0,8437.0,4.0,WESTMETALL_LME
2022-11-14,86800.0,8346.0,8362.0,-16.0,WESTMETALL_LME
2022-11-15,89975.0,8343.0,8379.0,-36.0,WESTMETALL_LME
2022-11-16,89675.0,8315.0,8345.0,-30.0,WESTMETALL_LME
2022-11-17,89925.0,8155.0,8186.5,-31.5,WESTMETALL_LME
2022-11-18,89750.0,8047.0,8086.0,-39.0,WESTMETALL_LME
2022-11-21,91250.0,7900.5,7940.0,-39.5,WESTMETALL_LME
2022-11-22,91875.0,7996.0,8029.0,-33.0,WESTMETALL_LME
2022-11-23,91525.0,7962.0,8000.0,-38.0,WESTMETALL_LME
2022-11-24,90150.0,7990.5,8025.0,-34.5,WESTMETALL_LME
2022-11-25,90750.0,8070.0,8104.0,-34.0,WESTMETALL_LME
2022-11-28,91200.0,7966.0,7985.0,-19.0,WESTMETALL_LME
2022-11-29,90900.0,8035.5,8055.0,-19.5,WESTMETALL_LME
2022-11-30,89700.0,8198.0,8205.0,-7.0,WESTMETALL_LME
2022-12-01,88275.0,8216.5,8251.0,-34.5,WESTMETALL_LME
2022-12-02,87450.0,8342.0,8364.0,-22.0,WESTMETALL_LME
2022-12-05,86725.0,8440.0,8470.0,-30.0,WESTMETALL_LME
2022-12-06,86375.0,8355.5,8400.0,-44.5,WESTMETALL_LME
2022-12-07,88475.0,8334.0,8375.0,-41.0,WESTMETALL_LME
2022-12-08,87375.0,8537.0,8547.0,-10.0,WESTMETALL_LME
2022-12-09,85425.0,8490.5,8525.0,-34.5,WESTMETALL_LME
2022-12-12,84300.0,8371.5,8415.0,-43.5,WESTMETALL_LME
2022-12-13,81875.0,8381.0,8433.0,-52.0,WESTMETALL_LME
2022-12-14,85525.0,8415.0,8457.0,-42.0,WESTMETALL_LME
2022-12-15,83725.0,8383.0,8422.0,-39.0,WESTMETALL_LME
2022-12-16,84100.0,8231.5,8276.0,-44.5,WESTMETALL_LME
2022-12-19,83575.0,8331.0,8366.0,-35.0,WESTMETALL_LME
2022-12-20,82600.0,8302.0,8326.0,-24.0,WESTMETALL_LME
2022-12-21,81350.0,8327.0,8355.0,-28.0,WESTMETALL_LME
2022-12-22,81100.0,8345.5,8365.0,-19.5,WESTMETALL_LME
2022-12-23,81475.0,8308.5,8326.0,-17.5,WESTMETALL_LME
2022-12-28,81400.0,8451.0,8471.0,-20.0,WESTMETALL_LME
2022-12-29,86025.0,8395.0,8405.0,-10.0,WESTMETALL_LME
2022-12-30,88925.0,8387.0,8400.0,-13.0,WESTMETALL_LME
2023-01-03,88550.0,8390.0,8408.0,-18.0,WESTMETALL_LME
2023-01-04,88575.0,8209.0,8237.0,-28.0,WESTMETALL_LME
2023-01-05,87775.0,8420.0,8438.0,-18.0,WESTMETALL_LME
2023-01-06,86400.0,8362.5,8387.0,-24.5,WESTMETALL_LME
2023-01-09,85150.0,8722.0,8746.0,-24.0,WESTMETALL_LME
2023-01-10,84775.0,8766.5,8795.0,-28.5,WESTMETALL_LME
2023-01-11,84800.0,8987.0,8995.0,-8.0,WESTMETALL_LME
2023-01-12,84550.0,9071.5,9090.0,-18.5,WESTMETALL_LME
2023-01-13,83850.0,9107.0,9131.0,-24.0,WESTMETALL_LME
2023-01-16,83600.0,9145.5,9174.0,-28.5,WESTMETALL_LME
2023-01-17,83325.0,9114.0,9124.0,-10.0,WESTMETALL_LME
2023-01-18,81925.0,9436.0,9430.0,6.0,WESTMETALL_LME
2023-01-19,81600.0,9190.0,9194.5,-4.5,WESTMETALL_LME
2023-01-20,80025.0,9232.0,9246.0,-14.0,WESTMETALL_LME
2023-01-23,78300.0,9340.5,9360.0,-19.5,WESTMETALL_LME
2023-01-24,78150.0,9308.0,9335.0,-27.0,WESTMETALL_LME
2023-01-25,77100.0,9258.0,9289.0,-31.0,WESTMETALL_LME
2023-01-26,75900.0,9288.5,9320.0,-31.5,WESTMETALL_LME
2023-01-27,73975.0,9345.5,9365.0,-19.5,WESTMETALL_LME
2023-01-30,76100.0,9227.0,9258.0,-31.0,WESTMETALL_LME
2023-01-31,75225.0,9075.0,9105.0,-30.0,WESTMETALL_LME
2023-02-01,74375.0,9175.0,9202.0,-27.0,WESTMETALL_LME
2023-02-02,72450.0,9114.0,9135.5,-21.5,WESTMETALL_LME
2023-02-03,70000.0,9060.0,9075.0,-15.0,WESTMETALL_LME
2023-02-06,67450.0,8891.5,8927.0,-35.5,WESTMETALL_LME
2023-02-07,66475.0,8865.0,8891.5,-26.5,WESTMETALL_LME
2023-02-08,65100.0,9006.0,9033.0,-27.0,WESTMETALL_LME
2023-02-09,64475.0,8953.5,8981.5,-28.0,WESTMETALL_LME
2023-02-10,63100.0,8905.0,8933.0,-28.0,WESTMETALL_LME
2023-02-13,62575.0,8912.0,8942.0,-30.0,WESTMETALL_LME
2023-02-14,63800.0,8931.5,8958.0,-26.5,WESTMETALL_LME
2023-02-15,65975.0,8826.0,8862.0,-36.0,WESTMETALL_LME
2023-02-16,64975.0,8892.0,8932.0,-40.0,WESTMETALL_LME
2023-02-17,64825.0,8871.0,8912.0,-41.0,WESTMETALL_LME
2023-02-20,65500.0,9015.0,9044.0,-29.0,WESTMETALL_LME
2023-02-21,65225.0,9103.5,9125.0,-21.5,WESTMETALL_LME
2023-02-22,65425.0,9121.0,9132.0,-11.0,WESTMETALL_LME
2023-02-23,65000.0,9060.0,9088.0,-28.0,WESTMETALL_LME
2023-02-24,63775.0,8807.0,8826.5,-19.5,WESTMETALL_LME
2023-02-27,64275.0,8751.0,8769.0,-18.0,WESTMETALL_LME
2023-02-28,64100.0,8844.0,8852.0,-8.0,WESTMETALL_LME
2023-03-01,63200.0,9066.5,9081.0,-14.5,WESTMETALL_LME
2023-03-02,64225.0,8896.0,8922.0,-26.0,WESTMETALL_LME
2023-03-03,70550.0,8945.0,8979.0,-34.0,WESTMETALL_LME
2023-03-06,72400.0,8819.0,8845.5,-26.5,WESTMETALL_LME
2023-03-07,74375.0,8824.0,8854.0,-30.0,WESTMETALL_LME
2023-03-08,73350.0,8810.0,8825.0,-15.0,WESTMETALL_LME
2023-03-09,72375.0,8808.0,8827.0,-19.0,WESTMETALL_LME
2023-03-10,71725.0,8755.0,8771.0,-16.0,WESTMETALL_LME
2023-03-13,71300.0,8651.0,8667.0,-16.0,WESTMETALL_LME
2023-03-14,70175.0,8905.0,8904.0,1.0,WESTMETALL_LME
2023-03-15,73400.0,8525.0,8555.0,-30.0,WESTMETALL_LME
2023-03-16,74975.0,8535.0,8537.0,-2.0,WESTMETALL_LME
2023-03-17,74700.0,8621.0,8625.0,-4.0,WESTMETALL_LME
2023-03-20,76925.0,8677.0,8672.0,5.0,WESTMETALL_LME
2023-03-21,76400.0,8824.0,8812.0,12.0,WESTMETALL_LME
2023-03-22,74600.0,8880.5,8875.0,5.5,WESTMETALL_LME
2023-03-23,73475.0,8917.0,8917.0,0.0,WESTMETALL_LME
2023-03-24,72675.0,8927.0,8932.0,-5.0,WESTMETALL_LME
2023-03-27,70600.0,8876.0,8894.5,-18.5,WESTMETALL_LME
2023-03-28,68400.0,8934.0,8949.0,-15.0,WESTMETALL_LME
2023-03-29,68075.0,9052.0,9045.0,7.0,WESTMETALL_LME
2023-03-30,69525.0,9038.5,9039.0,-0.5,WESTMETALL_LME
2023-03-31,64725.0,8935.0,8934.0,1.0,WESTMETALL_LME
2023-04-03,63850.0,8966.0,8970.0,-4.0,WESTMETALL_LME
2023-04-04,66100.0,8930.0,8931.0,-1.0,WESTMETALL_LME
2023-04-05,65250.0,8780.0,8785.0,-5.0,WESTMETALL_LME
2023-04-06,65425.0,8836.0,8836.0,0.0,WESTMETALL_LME
2023-04-11,62275.0,8837.5,8842.0,-4.5,WESTMETALL_LME
2023-04-12,56800.0,8803.0,8808.5,-5.5,WESTMETALL_LME
2023-04-13,54425.0,9001.5,8995.0,6.5,WESTMETALL_LME
2023-04-14,51550.0,9082.0,9086.0,-4.0,WESTMETALL_LME
2023-04-17,51775.0,8985.0,8983.0,2.0,WESTMETALL_LME
2023-04-18,53050.0,8966.0,8971.5,-5.5,WESTMETALL_LME
2023-04-19,51175.0,8875.0,8888.0,-13.0,WESTMETALL_LME
2023-04-20,51850.0,8875.0,8885.0,-10.0,WESTMETALL_LME
2023-04-21,51875.0,8816.0,8826.0,-10.0,WESTMETALL_LME
2023-04-24,53875.0,8762.5,8778.0,-15.5,WESTMETALL_LME
2023-04-25,60775.0,8521.0,8552.0,-31.0,WESTMETALL_LME
2023-04-26,61825.0,8579.0,8585.5,-6.5,WESTMETALL_LME
2023-04-27,62675.0,8465.5,8488.0,-22.5,WESTMETALL_LME
2023-04-28,64550.0,8571.0,8586.0,-15.0,WESTMETALL_LME
2023-05-02,66350.0,8573.0,8593.0,-20.0,WESTMETALL_LME
2023-05-03,67300.0,8486.0,8517.0,-31.0,WESTMETALL_LME
2023-05-04,67775.0,8539.0,8557.0,-18.0,WESTMETALL_LME
2023-05-05,70425.0,8488.0,8509.0,-21.0,WESTMETALL_LME
2023-05-09,71675.0,8583.0,8607.0,-24.0,WESTMETALL_LME
2023-05-10,75375.0,8469.0,8503.0,-34.0,WESTMETALL_LME
2023-05-11,75950.0,8267.0,8295.0,-28.0,WESTMETALL_LME
2023-05-12,76625.0,8240.0,8275.0,-35.0,WESTMETALL_LME
2023-05-15,76875.0,8287.0,8334.0,-47.0,WESTMETALL_LME
2023-05-16,83825.0,8076.0,8129.0,-53.0,WESTMETALL_LME
2023-05-17,86625.0,8176.0,8209.0,-33.0,WESTMETALL_LME
2023-05-18,90525.0,8171.5,8217.0,-45.5,WESTMETALL_LME
2023-05-19,91975.0,8222.0,8272.0,-50.0,WESTMETALL_LME
2023-05-22,92250.0,8094.0,8151.5,-57.5,WESTMETALL_LME
2023-05-23,95025.0,7961.0,8037.0,-76.0,WESTMETALL_LME
2023-05-24,96675.0,7910.0,7960.5,-50.5,WESTMETALL_LME
2023-05-25,96950.0,7922.0,7960.0,-38.0,WESTMETALL_LME
2023-05-26,97725.0,8082.0,8113.0,-31.0,WESTMETALL_LME
2023-05-30,99700.0,8122.0,8142.0,-20.0,WESTMETALL_LME
2023-05-31,99150.0,8017.0,8047.5,-30.5,WESTMETALL_LME
2023-06-01,99525.0,8210.5,8227.0,-16.5,WESTMETALL_LME
2023-06-02,98675.0,8337.0,8345.0,-8.0,WESTMETALL_LME
2023-06-05,98950.0,8265.0,8263.0,2.0,WESTMETALL_LME
2023-06-06,99825.0,8311.0,8322.0,-11.0,WESTMETALL_LME
2023-06-07,100100.0,8352.0,8354.0,-2.0,WESTMETALL_LME
2023-06-08,99450.0,8243.0,8263.0,-20.0,WESTMETALL_LME
2023-06-09,97650.0,8368.0,8391.0,-23.0,WESTMETALL_LME
2023-06-12,95400.0,8287.0,8320.0,-33.0,WESTMETALL_LME
2023-06-13,89300.0,8421.5,8444.0,-22.5,WESTMETALL_LME
2023-06-14,84250.0,8457.0,8466.5,-9.5,WESTMETALL_LME
2023-06-15,79525.0,8479.0,8482.5,-3.5,WESTMETALL_LME
2023-06-16,90625.0,8561.0,8575.0,-14.0,WESTMETALL_LME
2023-06-19,88425.0,8542.0,8550.0,-8.0,WESTMETALL_LME
2023-06-20,86325.0,8565.0,8550.0,15.0,WESTMETALL_LME
2023-06-21,84725.0,8490.0,8498.0,-8.0,WESTMETALL_LME
2023-06-22,80400.0,8670.5,8668.0,2.5,WESTMETALL_LME
2023-06-23,79300.0,8490.0,8478.0,12.0,WESTMETALL_LME
2023-06-26,80100.0,8437.0,8422.0,15.0,WESTMETALL_LME
2023-06-27,77050.0,8367.0,8360.0,7.0,WESTMETALL_LME
2023-06-28,75275.0,8268.0,8279.0,-11.0,WESTMETALL_LME
2023-06-29,75425.0,8165.5,8175.0,-9.5,WESTMETALL_LME
2023-06-30,72975.0,8210.0,8210.0,0.0,WESTMETALL_LME
2023-07-03,69700.0,8355.0,8355.0,0.0,WESTMETALL_LME
2023-07-04,66775.0,8349.0,8355.5,-6.5,WESTMETALL_LME
2023-07-05,67200.0,8251.0,8270.0,-19.0,WESTMETALL_LME
2023-07-06,65175.0,8280.0,8295.5,-15.5,WESTMETALL_LME
2023-07-07,62975.0,8299.0,8312.0,-13.0,WESTMETALL_LME
2023-07-10,59425.0,8286.0,8298.0,-12.0,WESTMETALL_LME
2023-07-11,57075.0,8371.0,8388.0,-17.0,WESTMETALL_LME
2023-07-12,54450.0,8367.0,8383.0,-16.0,WESTMETALL_LME
2023-07-13,54225.0,8585.0,8586.0,-1.0,WESTMETALL_LME
2023-07-14,57175.0,8651.0,8666.0,-15.0,WESTMETALL_LME
2023-07-17,59175.0,8460.5,8468.0,-7.5,WESTMETALL_LME
2023-07-18,59200.0,8410.0,8445.0,-35.0,WESTMETALL_LME
2023-07-19,59325.0,8354.0,8384.0,-30.0,WESTMETALL_LME
2023-07-20,58800.0,8543.0,8569.0,-26.0,WESTMETALL_LME
2023-07-21,59900.0,8422.0,8449.0,-27.0,WESTMETALL_LME
2023-07-24,60225.0,8430.0,8468.0,-38.0,WESTMETALL_LME
2023-07-25,60775.0,8597.0,8628.0,-31.0,WESTMETALL_LME
2023-07-26,60700.0,8534.0,8576.0,-42.0,WESTMETALL_LME
2023-07-27,62250.0,8578.5,8620.0,-41.5,WESTMETALL_LME
2023-07-28,64425.0,8592.0,8630.0,-38.0,WESTMETALL_LME
2023-07-31,68350.0,8635.5,8670.5,-35.0,WESTMETALL_LME
2023-08-01,74175.0,8720.5,8768.0,-47.5,WESTMETALL_LME
2023-08-02,75275.0,8545.0,8589.0,-44.0,WESTMETALL_LME
2023-08-03,76875.0,8472.0,8517.0,-45.0,WESTMETALL_LME
2023-08-04,79325.0,8450.5,8505.0,-54.5,WESTMETALL_LME
2023-08-07,79325.0,8495.0,8542.0,-47.0,WESTMETALL_LME
2023-08-08,80300.0,8276.0,8325.0,-49.0,WESTMETALL_LME
2023-08-09,81000.0,8395.0,8428.0,-33.0,WESTMETALL_LME
2023-08-10,83000.0,8423.5,8464.5,-41.0,WESTMETALL_LME
2023-08-11,84900.0,8242.0,8276.0,-34.0,WESTMETALL_LME
2023-08-14,85375.0,8242.0,8297.0,-55.0,WESTMETALL_LME
2023-08-15,90150.0,8126.5,8182.0,-55.5,WESTMETALL_LME
2023-08-16,90875.0,8132.0,8194.0,-62.0,WESTMETALL_LME
2023-08-17,91400.0,8215.0,8258.0,-43.0,WESTMETALL_LME
2023-08-18,92200.0,8176.0,8211.0,-35.0,WESTMETALL_LME
2023-08-21,95325.0,8239.5,8274.0,-34.5,WESTMETALL_LME
2023-08-22,95425.0,8342.0,8373.0,-31.0,WESTMETALL_LME
2023-08-23,95425.0,8377.5,8406.0,-28.5,WESTMETALL_LME
2023-08-24,96625.0,8358.5,8394.0,-35.5,WESTMETALL_LME
2023-08-25,97525.0,8381.5,8420.0,-38.5,WESTMETALL_LME
2023-08-29,97650.0,8375.0,8396.0,-21.0,WESTMETALL_LME
2023-08-30,99225.0,8394.5,8435.0,-40.5,WESTMETALL_LME
2023-08-31,102900.0,8359.5,8380.5,-21.0,WESTMETALL_LME
2023-09-01,104275.0,8515.0,8535.0,-20.0,WESTMETALL_LME
2023-09-04,107425.0,8406.0,8426.0,-20.0,WESTMETALL_LME
2023-09-05,107400.0,8430.0,8430.0,0.0,WESTMETALL_LME
2023-09-06,110400.0,8395.0,8412.0,-17.0,WESTMETALL_LME
2023-09-07,133850.0,8242.5,8270.0,-27.5,WESTMETALL_LME
2023-09-08,134125.0,8225.0,8242.0,-17.0,WESTMETALL_LME
2023-09-11,134525.0,8332.5,8360.0,-27.5,WESTMETALL_LME
2023-09-12,135650.0,8337.5,8365.0,-27.5,WESTMETALL_LME
2023-09-13,143400.0,8353.0,8371.5,-18.5,WESTMETALL_LME
2023-09-14,143375.0,8423.0,8465.0,-42.0,WESTMETALL_LME
2023-09-15,143375.0,8376.5,8427.0,-50.5,WESTMETALL_LME
2023-09-18,147575.0,8320.0,8388.0,-68.0,WESTMETALL_LME
2023-09-19,149600.0,8233.5,8295.0,-61.5,WESTMETALL_LME
2023-09-20,155700.0,8277.0,8336.0,-59.0,WESTMETALL_LME
2023-09-21,162900.0,8101.0,8170.0,-69.0,WESTMETALL_LME
2023-09-22,162900.0,8188.0,8255.0,-67.0,WESTMETALL_LME
2023-09-25,163900.0,8107.0,8175.0,-68.0,WESTMETALL_LME
2023-09-26,166850.0,8066.0,8131.0,-65.0,WESTMETALL_LME
2023-09-27,167850.0,8017.0,8075.0,-58.0,WESTMETALL_LME
2023-09-28,167825.0,8112.0,8168.5,-56.5,WESTMETALL_LME
2023-09-29,167825.0,8230.5,8282.0,-51.5,WESTMETALL_LME
2023-10-02,169300.0,8100.5,8172.0,-71.5,WESTMETALL_LME
2023-10-03,168600.0,7960.0,8030.0,-70.0,WESTMETALL_LME
2023-10-04,168425.0,7910.5,7986.5,-76.0,WESTMETALL_LME
2023-10-05,169900.0,7812.5,7890.0,-77.5,WESTMETALL_LME
2023-10-06,170175.0,7887.0,7968.5,-81.5,WESTMETALL_LME
2023-10-09,170475.0,8015.5,8090.0,-74.5,WESTMETALL_LME
2023-10-10,171525.0,7907.5,7983.0,-75.5,WESTMETALL_LME
2023-10-11,179675.0,7943.5,8030.0,-86.5,WESTMETALL_LME
2023-10-12,181150.0,7995.0,8070.0,-75.0,WESTMETALL_LME
2023-10-13,180900.0,7891.0,7980.0,-89.0,WESTMETALL_LME
2023-10-16,181000.0,7920.0,7993.5,-73.5,WESTMETALL_LME
2023-10-17,180675.0,7846.5,7920.0,-73.5,WESTMETALL_LME
2023-10-18,191675.0,7947.5,8023.0,-75.5,WESTMETALL_LME
2023-10-19,191850.0,7938.0,8005.0,-67.0,WESTMETALL_LME
2023-10-20,191925.0,7876.0,7945.0,-69.0,WESTMETALL_LME
2023-10-23,190450.0,7824.5,7898.0,-73.5,WESTMETALL_LME
2023-10-24,187475.0,7900.5,7971.0,-70.5,WESTMETALL_LME
2023-10-25,185175.0,7946.0,8020.0,-74.0,WESTMETALL_LME
2023-10-26,182900.0,7939.0,8013.0,-74.0,WESTMETALL_LME
2023-10-27,180600.0,7963.5,8040.0,-76.5,WESTMETALL_LME
2023-10-30,178400.0,8110.0,8186.0,-76.0,WESTMETALL_LME
2023-10-31,176475.0,8038.0,8120.0,-82.0,WESTMETALL_LME
2023-11-01,174400.0,8041.0,8126.0,-85.0,WESTMETALL_LME
2023-11-02,170825.0,8066.0,8145.0,-79.0,WESTMETALL_LME
2023-11-03,180600.0,8070.5,8162.0,-91.5,WESTMETALL_LME
2023-11-06,180250.0,8136.5,8218.0,-81.5,WESTMETALL_LME
2023-11-07,178750.0,8068.0,8152.0,-84.0,WESTMETALL_LME
2023-11-08,178125.0,8088.0,8171.0,-83.0,WESTMETALL_LME
2023-11-09,177225.0,8030.5,8110.0,-79.5,WESTMETALL_LME
2023-11-10,180000.0,8006.0,8086.0,-80.0,WESTMETALL_LME
2023-11-13,179925.0,8014.5,8096.0,-81.5,WESTMETALL_LME
2023-11-14,179325.0,8081.0,8175.0,-94.0,WESTMETALL_LME
2023-11-15,184250.0,8169.0,8266.0,-97.0,WESTMETALL_LME
2023-11-16,181950.0,8165.5,8264.5,-99.0,WESTMETALL_LME
2023-11-17,181275.0,8141.0,8243.0,-102.0,WESTMETALL_LME
2023-11-20,179975.0,8247.0,8345.0,-98.0,WESTMETALL_LME
2023-11-21,179025.0,8324.0,8422.0,-98.0,WESTMETALL_LME
2023-11-22,179050.0,8296.0,8397.0,-101.0,WESTMETALL_LME
2023-11-23,178500.0,8307.5,8410.0,-102.5,WESTMETALL_LME
2023-11-24,178525.0,8300.0,8403.0,-103.0,WESTMETALL_LME
2023-11-27,177800.0,8281.0,8389.0,-108.0,WESTMETALL_LME
2023-11-28,176400.0,8278.0,8384.0,-106.0,WESTMETALL_LME
2023-11-29,174950.0,8384.0,8473.0,-89.0,WESTMETALL_LME
2023-11-30,175250.0,8332.0,8420.0,-88.0,WESTMETALL_LME
2023-12-01,174250.0,8456.0,8535.0,-79.0,WESTMETALL_LME
2023-12-04,174900.0,8417.0,8485.0,-68.0,WESTMETALL_LME
2023-12-05,180550.0,8259.0,8348.5,-89.5,WESTMETALL_LME
2023-12-06,182075.0,8297.0,8384.0,-87.0,WESTMETALL_LME
2023-12-07,182750.0,8221.0,8305.0,-84.0,WESTMETALL_LME
2023-12-08,181600.0,8348.0,8427.0,-79.0,WESTMETALL_LME
2023-12-11,182200.0,8275.5,8362.0,-86.5,WESTMETALL_LME
2023-12-12,180175.0,8272.0,8362.0,-90.0,WESTMETALL_LME
2023-12-13,179550.0,8205.0,8302.0,-97.0,WESTMETALL_LME
2023-12-14,178075.0,8461.5,8555.0,-93.5,WESTMETALL_LME
2023-12-15,175550.0,8471.0,8563.0,-92.0,WESTMETALL_LME
2023-12-18,172450.0,8423.0,8517.0,-94.0,WESTMETALL_LME
2023-12-19,168650.0,8439.0,8526.0,-87.0,WESTMETALL_LME
2023-12-20,166675.0,8466.5,8568.0,-101.5,WESTMETALL_LME
2023-12-21,165450.0,8460.0,8550.0,-90.0,WESTMETALL_LME
2023-12-22,166675.0,8499.0,8594.0,-95.0,WESTMETALL_LME
2023-12-27,165050.0,8511.5,8615.0,-103.5,WESTMETALL_LME
2023-12-28,166775.0,8530.0,8630.0,-100.0,WESTMETALL_LME
2023-12-29,167300.0,8476.0,8580.0,-104.0,WESTMETALL_LME
2024-01-02,165700.0,8430.0,8539.5,-109.5,WESTMETALL_LME
2024-01-03,165700.0,8381.0,8482.0,-101.0,WESTMETALL_LME
2024-01-04,164450.0,8375.0,8470.5,-95.5,WESTMETALL_LME
2024-01-05,163175.0,8346.5,8450.0,-103.5,WESTMETALL_LME
2024-01-08,161725.0,8295.0,8402.5,-107.5,WESTMETALL_LME
2024-01-09,160550.0,8301.5,8407.5,-106.0,WESTMETALL_LME
2024-01-10,158900.0,8285.0,8389.0,-104.0,WESTMETALL_LME
2024-01-11,157325.0,8332.0,8426.0,-94.0,WESTMETALL_LME
2024-01-12,155825.0,8289.0,8390.0,-101.0,WESTMETALL_LME
2024-01-15,155025.0,8238.5,8340.0,-101.5,WESTMETALL_LME
2024-01-16,154725.0,8280.0,8374.0,-94.0,WESTMETALL_LME
2024-01-17,154075.0,8230.0,8323.0,-93.0,WESTMETALL_LME
2024-01-18,157325.0,8189.0,8280.0,-91.0,WESTMETALL_LME
2024-01-19,157875.0,8275.0,8355.0,-80.0,WESTMETALL_LME
2024-01-22,156750.0,8254.5,8340.0,-85.5,WESTMETALL_LME
2024-01-23,159575.0,8283.5,8382.0,-98.5,WESTMETALL_LME
2024-01-24,157725.0,8460.0,8552.0,-92.0,WESTMETALL_LME
2024-01-25,155175.0,8486.0,8579.0,-93.0,WESTMETALL_LME
2024-01-26,151350.0,8447.0,8547.5,-100.5,WESTMETALL_LME
2024-01-29,150350.0,8421.0,8525.0,-104.0,WESTMETALL_LME
2024-01-30,148475.0,8462.0,8568.0,-106.0,WESTMETALL_LME
2024-01-31,146475.0,8513.0,8625.0,-112.0,WESTMETALL_LME
2024-02-01,145425.0,8437.0,8545.0,-108.0,WESTMETALL_LME
2024-02-02,140225.0,8400.0,8515.0,-115.0,WESTMETALL_LME
2024-02-05,139425.0,8329.0,8432.5,-103.5,WESTMETALL_LME
2024-02-06,138800.0,8280.0,8385.0,-105.0,WESTMETALL_LME
2024-02-07,137850.0,8280.5,8393.0,-112.5,WESTMETALL_LME
2024-02-08,136825.0,8202.0,8304.0,-102.0,WESTMETALL_LME
2024-02-09,136825.0,8091.5,8199.0,-107.5,WESTMETALL_LME
2024-02-12,136300.0,8085.5,8191.0,-105.5,WESTMETALL_LME
2024-02-13,135450.0,8185.0,8287.5,-102.5,WESTMETALL_LME
2024-02-14,133825.0,8133.5,8234.0,-100.5,WESTMETALL_LME
2024-02-15,132525.0,8153.0,8255.0,-102.0,WESTMETALL_LME
2024-02-16,130675.0,8322.0,8410.0,-88.0,WESTMETALL_LME
2024-02-19,128300.0,8364.5,8445.0,-80.5,WESTMETALL_LME
2024-02-20,125925.0,8366.5,8449.0,-82.5,WESTMETALL_LME
2024-02-21,124075.0,8472.0,8551.0,-79.0,WESTMETALL_LME
2024-02-22,122775.0,8482.0,8575.0,-93.0,WESTMETALL_LME
2024-02-23,122900.0,8442.5,8539.0,-96.5,WESTMETALL_LME
2024-02-26,127825.0,8373.0,8478.0,-105.0,WESTMETALL_LME
2024-02-27,126525.0,8396.5,8495.0,-98.5,WESTMETALL_LME
2024-02-28,124825.0,8340.5,8439.5,-99.0,WESTMETALL_LME
2024-02-29,122675.0,8389.0,8475.0,-86.0,WESTMETALL_LME
2024-03-01,121375.0,8394.0,8479.0,-85.0,WESTMETALL_LME
2024-03-04,116775.0,8437.0,8530.0,-93.0,WESTMETALL_LME
2024-03-05,114075.0,8429.5,8523.0,-93.5,WESTMETALL_LME
2024-03-06,113775.0,8441.0,8537.0,-96.0,WESTMETALL_LME
2024-03-07,113525.0,8559.0,8647.0,-88.0,WESTMETALL_LME
2024-03-08,112800.0,8552.5,8647.0,-94.5,WESTMETALL_LME
2024-03-11,110850.0,8522.0,8620.0,-98.0,WESTMETALL_LME
2024-03-12,110900.0,8566.0,8664.0,-98.0,WESTMETALL_LME
2024-03-13,108925.0,8727.0,8824.0,-97.0,WESTMETALL_LME
2024-03-14,108050.0,8791.5,8890.0,-98.5,WESTMETALL_LME
2024-03-15,107300.0,8906.5,9013.0,-106.5,WESTMETALL_LME
2024-03-18,106825.0,8973.0,9083.0,-110.0,WESTMETALL_LME
2024-03-19,106700.0,8875.0,8980.0,-105.0,WESTMETALL_LME
2024-03-20,112325.0,8790.0,8898.0,-108.0,WESTMETALL_LME
2024-03-21,111325.0,8873.5,8988.0,-114.5,WESTMETALL_LME
2024-03-22,113850.0,8741.0,8856.0,-115.0,WESTMETALL_LME
2024-03-25,117900.0,8745.0,8858.0,-113.0,WESTMETALL_LME
2024-03-26,117400.0,8764.0,8880.0,-116.0,WESTMETALL_LME
2024-03-27,113100.0,8696.0,8806.0,-110.0,WESTMETALL_LME
2024-03-28,112475.0,8729.0,8835.0,-106.0,WESTMETALL_LME
2024-04-02,111925.0,8920.0,9024.0,-104.0,WESTMETALL_LME
2024-04-03,112975.0,8932.0,9047.0,-115.0,WESTMETALL_LME
2024-04-04,112525.0,9257.0,9370.0,-113.0,WESTMETALL_LME
2024-04-05,115525.0,9198.0,9320.0,-122.0,WESTMETALL_LME
2024-04-08,114275.0,9301.0,9419.0,-118.0,WESTMETALL_LME
2024-04-09,124225.0,9295.5,9435.0,-139.5,WESTMETALL_LME
2024-04-10,123475.0,9365.0,9490.0,-125.0,WESTMETALL_LME
2024-04-11,124850.0,9240.5,9375.0,-134.5,WESTMETALL_LME
2024-04-12,124425.0,9402.0,9535.0,-133.0,WESTMETALL_LME
2024-04-15,123475.0,9390.0,9506.0,-116.0,WESTMETALL_LME
2024-04-16,123875.0,9377.0,9490.0,-113.0,WESTMETALL_LME
2024-04-17,123775.0,9434.0,9551.0,-117.0,WESTMETALL_LME
2024-04-18,122925.0,9617.0,9706.5,-89.5,WESTMETALL_LME
2024-04-19,122125.0,9749.0,9834.0,-85.0,WESTMETALL_LME
2024-04-22,121200.0,9814.5,9905.0,-90.5,WESTMETALL_LME
2024-04-23,120600.0,9599.0,9700.0,-101.0,WESTMETALL_LME
2024-04-24,120225.0,9671.0,9785.0,-114.0,WESTMETALL_LME
2024-04-25,120400.0,9791.0,9918.0,-127.0,WESTMETALL_LME
2024-04-26,118550.0,9869.0,9995.0,-126.0,WESTMETALL_LME
2024-04-29,117500.0,9935.0,10041.0,-106.0,WESTMETALL_LME
2024-04-30,116125.0,9973.5,10071.0,-97.5,WESTMETALL_LME
2024-05-01,115275.0,9791.0,9895.0,-104.0,WESTMETALL_LME
2024-05-02,115275.0,9660.0,9783.0,-123.0,WESTMETALL_LME
2024-05-03,111300.0,9737.0,9856.0,-119.0,WESTMETALL_LME
2024-05-07,107350.0,9847.0,9990.0,-143.0,WESTMETALL_LME
2024-05-08,106000.0,9740.0,9875.0,-135.0,WESTMETALL_LME
2024-05-09,104375.0,9728.0,9859.0,-131.0,WESTMETALL_LME
2024-05-10,103450.0,9942.0,10063.0,-121.0,WESTMETALL_LME
2024-05-13,103100.0,10009.0,10120.0,-111.0,WESTMETALL_LME
2024-05-14,104750.0,10077.0,10186.0,-109.0,WESTMETALL_LME
2024-05-15,104625.0,10221.0,10300.0,-79.0,WESTMETALL_LME
2024-05-16,104425.0,10308.0,10400.0,-92.0,WESTMETALL_LME
2024-05-17,103650.0,10398.0,10481.0,-83.0,WESTMETALL_LME
2024-05-20,105900.0,10857.0,10930.0,-73.0,WESTMETALL_LME
2024-05-21,108200.0,10775.0,10895.0,-120.0,WESTMETALL_LME
2024-05-22,110250.0,10447.0,10569.0,-122.0,WESTMETALL_LME
2024-05-23,110025.0,10290.5,10411.0,-120.5,WESTMETALL_LME
2024-05-24,112675.0,10256.5,10367.0,-110.5,WESTMETALL_LME
2024-05-28,114750.0,10331.0,10459.5,-128.5,WESTMETALL_LME
2024-05-29,117300.0,10294.0,10430.0,-136.0,WESTMETALL_LME
2024-05-30,118125.0,10016.5,10144.0,-127.5,WESTMETALL_LME
2024-05-31,116475.0,9985.0,10110.0,-125.0,WESTMETALL_LME
2024-06-03,116000.0,9985.5,10107.0,-121.5,WESTMETALL_LME
2024-06-04,118950.0,9858.5,9989.0,-130.5,WESTMETALL_LME
2024-06-05,120000.0,9769.0,9890.0,-121.0,WESTMETALL_LME
2024-06-06,122200.0,9930.0,10045.0,-115.0,WESTMETALL_LME
2024-06-07,123800.0,9840.0,9955.0,-115.0,WESTMETALL_LME
2024-06-10,125325.0,9694.5,9830.0,-135.5,WESTMETALL_LME
2024-06-11,127325.0,9567.0,9700.0,-133.0,WESTMETALL_LME
2024-06-12,127425.0,9697.5,9828.0,-130.5,WESTMETALL_LME
2024-06-13,132075.0,9733.0,9860.0,-127.0,WESTMETALL_LME
2024-06-14,133925.0,9650.0,9781.0,-131.0,WESTMETALL_LME
2024-06-17,136675.0,9477.0,9615.0,-138.0,WESTMETALL_LME
2024-06-18,155850.0,9426.0,9575.0,-149.0,WESTMETALL_LME
2024-06-19,158700.0,9652.0,9795.0,-143.0,WESTMETALL_LME
2024-06-20,161925.0,9648.0,9790.0,-142.0,WESTMETALL_LME
2024-06-21,165175.0,9563.0,9705.0,-142.0,WESTMETALL_LME
2024-06-24,167825.0,9530.0,9677.0,-147.0,WESTMETALL_LME
2024-06-25,172850.0,9492.0,9645.0,-153.0,WESTMETALL_LME
2024-06-26,175475.0,9420.0,9569.0,-149.0,WESTMETALL_LME
2024-06-27,177750.0,9422.5,9563.0,-140.5,WESTMETALL_LME
2024-06-28,180125.0,9476.5,9625.0,-148.5,WESTMETALL_LME
2024-07-01,180050.0,9517.0,9661.0,-144.0,WESTMETALL_LME
2024-07-02,184475.0,9546.5,9695.0,-148.5,WESTMETALL_LME
2024-07-03,186450.0,9623.0,9769.0,-146.0,WESTMETALL_LME
2024-07-04,186275.0,9726.5,9871.0,-144.5,WESTMETALL_LME
2024-07-05,191625.0,9809.0,9970.0,-161.0,WESTMETALL_LME
2024-07-08,191475.0,9808.0,9971.5,-163.5,WESTMETALL_LME
2024-07-09,191025.0,9762.0,9925.0,-163.0,WESTMETALL_LME
2024-07-10,195475.0,9696.0,9859.0,-163.0,WESTMETALL_LME
2024-07-11,206775.0,9693.5,9860.0,-166.5,WESTMETALL_LME
2024-07-12,206225.0,9673.0,9821.5,-148.5,WESTMETALL_LME
2024-07-15,210325.0,9679.5,9833.0,-153.5,WESTMETALL_LME
2024-07-16,216475.0,9565.5,9724.0,-158.5,WESTMETALL_LME
2024-07-17,221100.0,9533.0,9682.0,-149.0,WESTMETALL_LME
2024-07-18,227425.0,9342.0,9485.0,-143.0,WESTMETALL_LME
2024-07-19,231425.0,9214.0,9344.0,-130.0,WESTMETALL_LME
2024-07-22,234400.0,9127.5,9251.0,-123.5,WESTMETALL_LME
2024-07-23,236700.0,9052.5,9166.0,-113.5,WESTMETALL_LME
2024-07-24,241750.0,9018.5,9142.5,-124.0,WESTMETALL_LME
2024-07-25,239425.0,8917.0,9037.0,-120.0,WESTMETALL_LME
2024-07-26,237750.0,9018.5,9134.0,-115.5,WESTMETALL_LME
2024-07-29,239100.0,8906.0,9033.0,-127.0,WESTMETALL_LME
2024-07-30,239400.0,8809.0,8949.0,-140.0,WESTMETALL_LME
2024-07-31,239275.0,9014.5,9152.0,-137.5,WESTMETALL_LME
2024-08-01,245150.0,8998.0,9127.0,-129.0,WESTMETALL_LME
2024-08-02,246500.0,8977.0,9111.0,-134.0,WESTMETALL_LME
2024-08-05,251350.0,8620.5,8757.0,-136.5,WESTMETALL_LME
2024-08-06,252575.0,8715.0,8843.0,-128.0,WESTMETALL_LME
2024-08-07,294750.0,8685.0,8810.0,-125.0,WESTMETALL_LME
2024-08-08,294425.0,8649.0,8773.0,-124.0,WESTMETALL_LME
2024-08-09,296400.0,8805.0,8922.0,-117.0,WESTMETALL_LME
2024-08-12,296125.0,8851.0,8975.0,-124.0,WESTMETALL_LME
2024-08-13,305625.0,8832.0,8960.0,-128.0,WESTMETALL_LME
2024-08-14,307425.0,8906.0,9007.0,-101.0,WESTMETALL_LME
2024-08-15,307450.0,9009.0,9104.0,-95.0,WESTMETALL_LME
2024-08-16,309050.0,8938.0,9052.0,-114.0,WESTMETALL_LME
2024-08-19,308075.0,9115.5,9236.0,-120.5,WESTMETALL_LME
2024-08-20,320050.0,9152.0,9265.0,-113.0,WESTMETALL_LME
2024-08-21,319625.0,9138.0,9258.5,-120.5,WESTMETALL_LME
2024-08-22,319700.0,9061.0,9190.0,-129.0,WESTMETALL_LME
2024-08-23,315575.0,9072.0,9196.0,-124.0,WESTMETALL_LME
2024-08-27,317175.0,9247.5,9376.0,-128.5,WESTMETALL_LME
2024-08-28,314250.0,9135.5,9270.0,-134.5,WESTMETALL_LME
2024-08-29,322950.0,9116.0,9238.5,-122.5,WESTMETALL_LME
2024-08-30,320925.0,9215.0,9330.0,-115.0,WESTMETALL_LME
2024-09-02,320650.0,9034.0,9157.0,-123.0,WESTMETALL_LME
2024-09-03,317800.0,8856.0,8980.0,-124.0,WESTMETALL_LME
2024-09-04,318650.0,8830.5,8959.0,-128.5,WESTMETALL_LME
2024-09-05,317175.0,8915.0,9034.5,-119.5,WESTMETALL_LME
2024-09-06,317575.0,9013.0,9135.0,-122.0,WESTMETALL_LME
2024-09-09,316450.0,8989.5,9115.0,-125.5,WESTMETALL_LME
2024-09-10,316175.0,8935.0,9064.5,-129.5,WESTMETALL_LME
2024-09-11,314950.0,9007.5,9138.0,-130.5,WESTMETALL_LME
2024-09-12,311650.0,9115.5,9238.5,-123.0,WESTMETALL_LME
2024-09-13,311525.0,9080.5,9204.0,-123.5,WESTMETALL_LME
2024-09-16,308550.0,9216.0,9345.0,-129.0,WESTMETALL_LME
2024-09-17,306500.0,9242.0,9373.0,-131.0,WESTMETALL_LME
2024-09-18,305250.0,9289.0,9425.0,-136.0,WESTMETALL_LME
2024-09-19,304925.0,9405.5,9534.0,-128.5,WESTMETALL_LME
2024-09-20,303350.0,9395.0,9535.0,-140.0,WESTMETALL_LME
2024-09-23,301700.0,9329.0,9462.0,-133.0,WESTMETALL_LME
2024-09-24,301850.0,9602.0,9735.0,-133.0,WESTMETALL_LME
2024-09-25,303350.0,9618.5,9751.0,-132.5,WESTMETALL_LME
2024-09-26,303050.0,9844.0,9995.0,-151.0,WESTMETALL_LME
2024-09-27,302525.0,9860.0,9995.0,-135.0,WESTMETALL_LME
2024-09-30,300600.0,9767.0,9906.5,-139.5,WESTMETALL_LME
2024-10-01,300175.0,9741.0,9882.0,-141.0,WESTMETALL_LME
2024-10-02,300275.0,9882.5,10024.0,-141.5,WESTMETALL_LME
2024-10-03,298100.0,9786.0,9935.0,-149.0,WESTMETALL_LME
2024-10-04,298525.0,9784.0,9936.0,-152.0,WESTMETALL_LME
2024-10-07,297300.0,9816.5,9964.0,-147.5,WESTMETALL_LME
2024-10-08,296275.0,9619.0,9775.0,-156.0,WESTMETALL_LME
2024-10-09,294825.0,9550.0,9690.0,-140.0,WESTMETALL_LME
2024-10-10,299350.0,9507.0,9641.0,-134.0,WESTMETALL_LME
2024-10-11,297550.0,9596.5,9735.0,-138.5,WESTMETALL_LME
2024-10-14,292850.0,9516.0,9669.0,-153.0,WESTMETALL_LME
2024-10-15,288125.0,9401.5,9545.0,-143.5,WESTMETALL_LME
2024-10-16,288750.0,9489.0,9630.0,-141.0,WESTMETALL_LME
2024-10-17,287425.0,9380.0,9506.0,-126.0,WESTMETALL_LME
2024-10-18,284200.0,9472.5,9604.0,-131.5,WESTMETALL_LME
2024-10-21,282200.0,9592.5,9717.0,-124.5,WESTMETALL_LME
2024-10-22,280100.0,9490.5,9632.0,-141.5,WESTMETALL_LME
2024-10-23,279625.0,9364.0,9509.5,-145.5,WESTMETALL_LME
2024-10-24,278325.0,9413.0,9560.0,-147.0,WESTMETALL_LME
2024-10-25,276775.0,9385.0,9521.0,-136.0,WESTMETALL_LME
2024-10-28,276100.0,9402.0,9542.0,-140.0,WESTMETALL_LME
2024-10-29,274225.0,9431.0,9577.0,-146.0,WESTMETALL_LME
2024-10-30,275300.0,9356.0,9505.0,-149.0,WESTMETALL_LME
2024-10-31,271375.0,9427.0,9557.0,-130.0,WESTMETALL_LME
2024-11-01,271375.0,9425.0,9560.0,-135.0,WESTMETALL_LME
2024-11-04,273850.0,9505.0,9632.0,-127.0,WESTMETALL_LME
2024-11-05,272975.0,9587.5,9725.0,-137.5,WESTMETALL_LME
2024-11-06,272550.0,9250.5,9392.0,-141.5,WESTMETALL_LME
2024-11-07,272525.0,9386.0,9529.0,-143.0,WESTMETALL_LME
2024-11-08,272400.0,9323.0,9457.0,-134.0,WESTMETALL_LME
2024-11-11,271875.0,9251.0,9400.0,-149.0,WESTMETALL_LME
2024-11-12,271225.0,9005.0,9130.0,-125.0,WESTMETALL_LME
2024-11-13,273100.0,8969.0,9104.0,-135.0,WESTMETALL_LME
2024-11-14,272200.0,8768.0,8908.0,-140.0,WESTMETALL_LME
2024-11-15,271875.0,9055.0,9166.5,-111.5,WESTMETALL_LME
2024-11-18,271525.0,8859.5,8980.0,-120.5,WESTMETALL_LME
2024-11-19,271975.0,8919.5,9045.0,-125.5,WESTMETALL_LME
2024-11-20,271850.0,9022.0,9140.0,-118.0,WESTMETALL_LME
2024-11-21,272625.0,8945.5,9064.0,-118.5,WESTMETALL_LME
2024-11-22,272525.0,8829.0,8955.0,-126.0,WESTMETALL_LME
2024-11-25,270975.0,8918.0,9043.5,-125.5,WESTMETALL_LME
2024-11-26,269475.0,8925.0,9042.0,-117.0,WESTMETALL_LME
2024-11-27,269050.0,8897.5,9015.0,-117.5,WESTMETALL_LME
2024-11-28,270525.0,8850.5,8974.0,-123.5,WESTMETALL_LME
2024-11-29,271000.0,8879.0,8991.0,-112.0,WESTMETALL_LME
2024-12-02,270725.0,8871.0,8986.0,-115.0,WESTMETALL_LME
2024-12-03,268625.0,8941.0,9064.0,-123.0,WESTMETALL_LME
2024-12-04,268500.0,8951.0,9068.0,-117.0,WESTMETALL_LME
2024-12-05,270525.0,8967.0,9084.0,-117.0,WESTMETALL_LME
2024-12-06,269800.0,9040.0,9149.0,-109.0,WESTMETALL_LME
2024-12-09,269800.0,9104.0,9216.0,-112.0,WESTMETALL_LME
2024-12-10,268100.0,9067.0,9181.0,-114.0,WESTMETALL_LME
2024-12-11,268500.0,9077.0,9201.0,-124.0,WESTMETALL_LME
2024-12-12,268425.0,9038.5,9157.0,-118.5,WESTMETALL_LME
2024-12-13,272825.0,8989.0,9100.0,-111.0,WESTMETALL_LME
2024-12-16,272625.0,8932.0,9050.0,-118.0,WESTMETALL_LME
2024-12-17,272450.0,8851.5,8979.5,-128.0,WESTMETALL_LME
2024-12-18,272325.0,8905.5,9020.0,-114.5,WESTMETALL_LME
2024-12-19,272325.0,8795.5,8915.0,-119.5,WESTMETALL_LME
2024-12-20,272325.0,8793.0,8908.0,-115.0,WESTMETALL_LME
2024-12-23,272425.0,8838.0,8950.0,-112.0,WESTMETALL_LME
2024-12-24,272725.0,8847.5,8962.0,-114.5,WESTMETALL_LME
2024-12-27,272725.0,8843.0,8958.0,-115.0,WESTMETALL_LME
2024-12-30,271400.0,8833.0,8950.0,-117.0,WESTMETALL_LME
2024-12-31,271400.0,8706.0,8821.5,-115.5,WESTMETALL_LME
2025-01-02,271350.0,8685.5,8795.0,-109.5,WESTMETALL_LME
2025-01-03,269800.0,8701.0,8811.5,-110.5,WESTMETALL_LME
2025-01-06,268650.0,8893.5,9000.5,-107.0,WESTMETALL_LME
2025-01-07,267150.0,8886.0,9004.0,-118.0,WESTMETALL_LME
2025-01-08,265700.0,8847.0,8965.0,-118.0,WESTMETALL_LME
2025-01-09,263950.0,8960.5,9070.0,-109.5,WESTMETALL_LME
2025-01-10,264425.0,8995.5,9095.0,-99.5,WESTMETALL_LME
2025-01-13,263450.0,8980.0,9105.0,-125.0,WESTMETALL_LME
2025-01-14,261900.0,9016.0,9134.0,-118.0,WESTMETALL_LME
2025-01-15,260750.0,9020.0,9140.0,-120.0,WESTMETALL_LME
2025-01-16,260250.0,9135.0,9245.0,-110.0,WESTMETALL_LME
2025-01-17,260075.0,9132.0,9243.5,-111.5,WESTMETALL_LME
2025-01-20,260150.0,9043.5,9160.0,-116.5,WESTMETALL_LME
2025-01-21,260525.0,9067.0,9184.0,-117.0,WESTMETALL_LME
2025-01-22,260400.0,9123.0,9244.0,-121.0,WESTMETALL_LME
2025-01-23,259050.0,9056.0,9179.0,-123.0,WESTMETALL_LME
2025-01-24,257625.0,9218.0,9334.0,-116.0,WESTMETALL_LME
2025-01-27,255825.0,9051.0,9185.0,-134.0,WESTMETALL_LME
2025-01-28,256500.0,8890.5,9015.0,-124.5,WESTMETALL_LME
2025-01-29,256300.0,8881.0,9007.0,-126.0,WESTMETALL_LME
2025-01-30,256275.0,8975.0,9100.0,-125.0,WESTMETALL_LME
2025-01-31,256225.0,8949.5,9052.0,-102.5,WESTMETALL_LME
2025-02-03,255125.0,8866.5,8986.0,-119.5,WESTMETALL_LME
2025-02-04,254950.0,8993.0,9107.0,-114.0,WESTMETALL_LME
2025-02-05,252325.0,9025.0,9159.0,-134.0,WESTMETALL_LME
2025-02-06,249275.0,9165.0,9285.5,-120.5,WESTMETALL_LME
2025-02-07,247625.0,9288.0,9412.0,-124.0,WESTMETALL_LME
2025-02-10,245825.0,9287.5,9410.0,-122.5,WESTMETALL_LME
2025-02-11,243300.0,9245.0,9355.0,-110.0,WESTMETALL_LME
2025-02-12,241650.0,9277.5,9399.0,-121.5,WESTMETALL_LME
2025-02-13,237925.0,9362.0,9457.0,-95.0,WESTMETALL_LME
2025-02-14,255225.0,9812.0,9665.0,147.0,WESTMETALL_LME
2025-02-17,253975.0,9291.0,9415.0,-124.0,WESTMETALL_LME
2025-02-18,263775.0,9295.0,9376.5,-81.5,WESTMETALL_LME
2025-02-19,270900.0,9433.0,9490.0,-57.0,WESTMETALL_LME
2025-02-20,268750.0,9514.5,9545.0,-30.5,WESTMETALL_LME
2025-02-21,267750.0,9494.0,9531.5,-37.5,WESTMETALL_LME
2025-02-24,267225.0,9490.0,9510.5,-20.5,WESTMETALL_LME
2025-02-25,266700.0,9463.0,9470.0,-7.0,WESTMETALL_LME
2025-02-26,265025.0,9504.0,9508.0,-4.0,WESTMETALL_LME
2025-02-27,263650.0,9415.5,9415.5,0.0,WESTMETALL_LME
2025-02-28,262075.0,9363.5,9377.0,-13.5,WESTMETALL_LME
2025-03-03,261050.0,9360.5,9389.0,-28.5,WESTMETALL_LME
2025-03-04,261000.0,9395.0,9402.5,-7.5,WESTMETALL_LME
2025-03-05,260150.0,9541.0,9550.0,-9.0,WESTMETALL_LME
2025-03-06,259175.0,9654.0,9647.0,7.0,WESTMETALL_LME
2025-03-07,257325.0,9664.0,9660.0,4.0,WESTMETALL_LME
2025-03-10,253325.0,9547.0,9560.0,-13.0,WESTMETALL_LME
2025-03-11,244175.0,9628.0,9631.0,-3.0,WESTMETALL_LME
2025-03-12,240325.0,9766.0,9785.0,-19.0,WESTMETALL_LME
2025-03-13,237200.0,9702.5,9734.0,-31.5,WESTMETALL_LME
2025-03-14,233750.0,9759.0,9810.0,-51.0,WESTMETALL_LME
2025-03-17,230975.0,9748.0,9820.0,-72.0,WESTMETALL_LME
2025-03-18,227700.0,9834.0,9888.0,-54.0,WESTMETALL_LME
2025-03-19,225175.0,9914.0,9955.0,-41.0,WESTMETALL_LME
2025-03-20,223275.0,9911.5,9951.0,-39.5,WESTMETALL_LME
2025-03-21,224600.0,9829.0,9880.0,-51.0,WESTMETALL_LME
2025-03-24,221775.0,9978.0,10028.0,-50.0,WESTMETALL_LME
2025-03-25,219950.0,9982.0,10011.0,-29.0,WESTMETALL_LME
2025-03-26,216750.0,9884.0,9909.0,-25.0,WESTMETALL_LME
2025-03-27,215275.0,9787.0,9847.0,-60.0,WESTMETALL_LME
2025-03-28,212925.0,9795.0,9834.0,-39.0,WESTMETALL_LME
2025-03-31,211375.0,9673.0,9721.0,-48.0,WESTMETALL_LME
2025-04-01,213275.0,9652.0,9703.5,-51.5,WESTMETALL_LME
2025-04-02,211875.0,9646.0,9695.0,-49.0,WESTMETALL_LME
2025-04-03,210450.0,9397.0,9442.0,-45.0,WESTMETALL_LME
2025-04-04,210800.0,8830.5,8900.0,-69.5,WESTMETALL_LME
2025-04-07,210225.0,8825.0,8870.0,-45.0,WESTMETALL_LME
2025-04-08,213450.0,8760.0,8814.0,-54.0,WESTMETALL_LME
2025-04-09,211925.0,8539.0,8590.0,-51.0,WESTMETALL_LME
2025-04-10,209425.0,8978.0,8986.0,-8.0,WESTMETALL_LME
2025-04-11,208775.0,9180.0,9160.0,20.0,WESTMETALL_LME
2025-04-14,207825.0,9212.5,9240.0,-27.5,WESTMETALL_LME
2025-04-15,212475.0,9094.0,9150.0,-56.0,WESTMETALL_LME
2025-04-16,216250.0,9083.0,9119.0,-36.0,WESTMETALL_LME
2025-04-17,213400.0,9104.0,9134.0,-30.0,WESTMETALL_LME
2025-04-22,212700.0,9293.5,9316.5,-23.0,WESTMETALL_LME
2025-04-23,205250.0,9416.5,9437.0,-20.5,WESTMETALL_LME
2025-04-24,203425.0,9410.5,9420.0,-9.5,WESTMETALL_LME
2025-04-25,203450.0,9364.0,9369.0,-5.0,WESTMETALL_LME
2025-04-28,202800.0,9365.5,9370.0,-4.5,WESTMETALL_LME
2025-04-29,202500.0,9487.5,9465.0,22.5,WESTMETALL_LME
2025-04-30,200150.0,9204.0,9207.0,-3.0,WESTMETALL_LME
2025-05-01,197700.0,9195.0,9185.0,10.0,WESTMETALL_LME
2025-05-02,197300.0,9376.0,9359.0,17.0,WESTMETALL_LME
2025-05-06,195625.0,9500.0,9475.0,25.0,WESTMETALL_LME
2025-05-07,193975.0,9486.0,9462.5,23.5,WESTMETALL_LME
2025-05-08,194275.0,9413.0,9395.0,18.0,WESTMETALL_LME
2025-05-09,191775.0,9485.5,9432.5,53.0,WESTMETALL_LME
2025-05-12,190750.0,9590.0,9547.0,43.0,WESTMETALL_LME
2025-05-13,189650.0,9534.0,9548.0,-14.0,WESTMETALL_LME
2025-05-14,185575.0,9649.5,9622.0,27.5,WESTMETALL_LME
2025-05-15,184650.0,9537.5,9528.0,9.5,WESTMETALL_LME
2025-05-16,179375.0,9534.0,9518.0,16.0,WESTMETALL_LME
2025-05-19,174325.0,9545.0,9517.0,28.0,WESTMETALL_LME
2025-05-20,170750.0,9530.0,9521.0,9.0,WESTMETALL_LME
2025-05-21,168825.0,9532.5,9533.5,-1.0,WESTMETALL_LME
2025-05-22,166525.0,9493.0,9461.5,31.5,WESTMETALL_LME
2025-05-23,164725.0,9595.0,9570.0,25.0,WESTMETALL_LME
2025-05-27,162150.0,9653.0,9610.0,43.0,WESTMETALL_LME
2025-05-28,154300.0,9682.0,9635.0,47.0,WESTMETALL_LME
2025-05-29,152375.0,9641.5,9605.0,36.5,WESTMETALL_LME
2025-05-30,149875.0,9623.0,9565.0,58.0,WESTMETALL_LME
2025-06-02,148450.0,9655.0,9601.0,54.0,WESTMETALL_LME
2025-06-03,143850.0,9643.0,9590.0,53.0,WESTMETALL_LME
2025-06-04,141350.0,9673.5,9620.0,53.5,WESTMETALL_LME
2025-06-05,138000.0,9834.0,9765.0,69.0,WESTMETALL_LME
2025-06-06,132400.0,9795.0,9718.0,77.0,WESTMETALL_LME
2025-06-09,122400.0,9849.0,9745.0,104.0,WESTMETALL_LME
2025-06-10,120400.0,9854.0,9768.0,86.0,WESTMETALL_LME
2025-06-11,119450.0,9730.0,9670.0,60.0,WESTMETALL_LME
2025-06-12,116850.0,9779.0,9690.0,89.0,WESTMETALL_LME
2025-06-13,114475.0,9658.0,9578.0,80.0,WESTMETALL_LME
2025-06-16,107325.0,9738.0,9671.0,67.0,WESTMETALL_LME
2025-06-17,107550.0,9820.5,9710.0,110.5,WESTMETALL_LME
2025-06-18,107350.0,9841.0,9685.5,155.5,WESTMETALL_LME
2025-06-19,103325.0,9712.0,9610.0,102.0,WESTMETALL_LME
2025-06-20,99200.0,9945.0,9654.0,291.0,WESTMETALL_LME
2025-06-23,95875.0,10035.0,9642.0,393.0,WESTMETALL_LME
2025-06-24,94675.0,9930.5,9735.0,195.5,WESTMETALL_LME
2025-06-25,93475.0,9810.0,9717.0,93.0,WESTMETALL_LME
2025-06-26,93075.0,10115.0,9875.0,240.0,WESTMETALL_LME
2025-06-27,91275.0,10051.0,9857.0,194.0,WESTMETALL_LME
2025-06-30,90625.0,10040.0,9845.0,195.0,WESTMETALL_LME
2025-07-01,91250.0,10061.0,9948.0,113.0,WESTMETALL_LME
2025-07-02,93250.0,10045.0,9968.0,77.0,WESTMETALL_LME
2025-07-03,94325.0,10120.0,10015.0,105.0,WESTMETALL_LME
2025-07-04,95275.0,9970.5,9881.0,89.5,WESTMETALL_LME
2025-07-07,97400.0,9893.0,9819.0,74.0,WESTMETALL_LME
2025-07-08,102500.0,9925.0,9845.5,79.5,WESTMETALL_LME
2025-07-09,107125.0,9635.0,9640.0,-5.0,WESTMETALL_LME
2025-07-10,108100.0,9752.0,9744.0,8.0,WESTMETALL_LME
2025-07-11,108725.0,9637.5,9645.0,-7.5,WESTMETALL_LME
2025-07-14,109625.0,9555.0,9600.0,-45.0,WESTMETALL_LME
2025-07-15,110475.0,9564.0,9635.0,-71.0,WESTMETALL_LME
2025-07-16,121000.0,9563.0,9615.5,-52.5,WESTMETALL_LME
2025-07-17,122150.0,9586.0,9621.0,-35.0,WESTMETALL_LME
2025-07-18,122175.0,9667.0,9720.5,-53.5,WESTMETALL_LME
2025-07-21,122075.0,9773.5,9845.0,-71.5,WESTMETALL_LME
2025-07-22,124850.0,9818.5,9877.0,-58.5,WESTMETALL_LME
2025-07-23,124825.0,9862.0,9920.0,-58.0,WESTMETALL_LME
2025-07-24,124775.0,9861.0,9912.0,-51.0,WESTMETALL_LME
2025-07-25,128475.0,9788.0,9840.0,-52.0,WESTMETALL_LME
2025-07-28,127400.0,9783.0,9835.0,-52.0,WESTMETALL_LME
2025-07-29,127625.0,9733.5,9785.0,-51.5,WESTMETALL_LME
2025-07-30,136850.0,9699.5,9737.0,-37.5,WESTMETALL_LME
2025-07-31,138200.0,9606.0,9655.0,-49.0,WESTMETALL_LME
2025-08-01,141750.0,9535.5,9594.0,-58.5,WESTMETALL_LME
2025-08-04,139575.0,9622.5,9687.0,-64.5,WESTMETALL_LME
2025-08-05,153850.0,9576.5,9643.0,-66.5,WESTMETALL_LME
2025-08-06,156125.0,9604.5,9670.5,-66.0,WESTMETALL_LME
2025-08-07,156000.0,9636.5,9702.0,-65.5,WESTMETALL_LME
2025-08-08,155850.0,9627.0,9702.0,-75.0,WESTMETALL_LME
2025-08-11,155700.0,9643.5,9725.0,-81.5,WESTMETALL_LME
2025-08-12,155000.0,9661.5,9754.0,-92.5,WESTMETALL_LME
2025-08-13,155875.0,9746.5,9835.0,-88.5,WESTMETALL_LME
2025-08-14,155850.0,9665.5,9756.0,-90.5,WESTMETALL_LME
2025-08-15,155800.0,9621.0,9735.0,-114.0,WESTMETALL_LME
2025-08-18,155600.0,9626.5,9731.0,-104.5,WESTMETALL_LME
2025-08-19,155150.0,9621.5,9729.0,-107.5,WESTMETALL_LME
2025-08-20,156350.0,9576.5,9675.5,-99.0,WESTMETALL_LME
2025-08-21,156350.0,9611.0,9695.0,-84.0,WESTMETALL_LME
2025-08-22,155975.0,9643.0,9726.0,-83.0,WESTMETALL_LME
2025-08-26,155000.0,9707.5,9797.0,-89.5,WESTMETALL_LME
2025-08-27,156100.0,9682.0,9773.0,-91.0,WESTMETALL_LME
2025-08-28,157950.0,9703.5,9790.0,-86.5,WESTMETALL_LME
2025-08-29,158900.0,9805.0,9877.0,-72.0,WESTMETALL_LME
2025-09-01,158875.0,9804.5,9897.0,-92.5,WESTMETALL_LME
2025-09-02,158775.0,9773.5,9862.0,-88.5,WESTMETALL_LME
2025-09-03,158575.0,9873.0,9953.0,-80.0,WESTMETALL_LME
2025-09-04,158375.0,9813.0,9890.0,-77.0,WESTMETALL_LME
2025-09-05,157950.0,9881.0,9948.0,-67.0,WESTMETALL_LME
2025-09-08,155825.0,9810.5,9895.0,-84.5,WESTMETALL_LME
2025-09-09,155275.0,9822.5,9910.0,-87.5,WESTMETALL_LME
2025-09-10,155050.0,9847.0,9930.0,-83.0,WESTMETALL_LME
2025-09-11,154175.0,9926.0,9984.0,-58.0,WESTMETALL_LME
2025-09-12,153950.0,10004.5,10070.0,-65.5,WESTMETALL_LME
2025-09-15,152625.0,9986.0,10073.5,-87.5,WESTMETALL_LME
2025-09-16,150950.0,10071.5,10145.0,-73.5,WESTMETALL_LME
2025-09-17,149775.0,9894.0,9964.0,-70.0,WESTMETALL_LME
2025-09-18,148875.0,9895.0,9968.0,-73.0,WESTMETALL_LME
2025-09-19,147650.0,9904.0,9983.0,-79.0,WESTMETALL_LME
2025-09-22,145375.0,9921.5,9998.0,-76.5,WESTMETALL_LME
2025-09-23,144975.0,9900.0,9978.0,-78.0,WESTMETALL_LME
2025-09-24,144775.0,9862.0,9937.0,-75.0,WESTMETALL_LME
2025-09-25,144425.0,10312.0,10325.0,-13.0,WESTMETALL_LME
2025-09-26,144400.0,10125.5,10193.0,-67.5,WESTMETALL_LME
2025-09-29,143900.0,10233.0,10275.0,-42.0,WESTMETALL_LME
2025-09-30,143400.0,10300.0,10332.0,-32.0,WESTMETALL_LME
2025-10-01,141725.0,10263.0,10308.0,-45.0,WESTMETALL_LME
2025-10-02,140950.0,10455.0,10480.0,-25.0,WESTMETALL_LME
2025-10-03,140745.0,10537.5,10567.0,-29.5,WESTMETALL_LME
2025-10-06,139550.0,10609.5,10636.5,-27.0,WESTMETALL_LME
2025-10-07,139425.0,10643.0,10699.0,-56.0,WESTMETALL_LME
2025-10-08,139200.0,10738.0,10773.0,-35.0,WESTMETALL_LME
2025-10-09,139475.0,10866.5,10880.0,-13.5,WESTMETALL_LME
2025-10-10,139400.0,10735.0,10768.0,-33.0,WESTMETALL_LME
2025-10-13,139350.0,10617.5,10638.0,-20.5,WESTMETALL_LME
2025-10-14,138800.0,10600.0,10575.0,25.0,WESTMETALL_LME
2025-10-15,138350.0,10702.0,10676.0,26.0,WESTMETALL_LME
2025-10-16,137450.0,10495.0,10530.0,-35.0,WESTMETALL_LME
2025-10-17,137225.0,10527.5,10570.0,-42.5,WESTMETALL_LME
2025-10-20,137175.0,10581.0,10615.0,-34.0,WESTMETALL_LME
2025-10-21,137150.0,10612.0,10637.0,-25.0,WESTMETALL_LME
2025-10-22,136850.0,10600.0,10618.0,-18.0,WESTMETALL_LME
2025-10-23,136925.0,10797.0,10806.0,-9.0,WESTMETALL_LME
2025-10-24,136350.0,10807.0,10842.0,-35.0,WESTMETALL_LME
2025-10-27,135975.0,10987.0,11013.0,-26.0,WESTMETALL_LME
2025-10-28,134575.0,10917.0,10947.0,-30.0,WESTMETALL_LME
2025-10-29,135350.0,11067.5,11091.0,-23.5,WESTMETALL_LME
2025-10-30,134950.0,10949.0,10980.0,-31.0,WESTMETALL_LME
2025-10-31,134625.0,10901.5,10920.0,-18.5,WESTMETALL_LME
2025-11-03,133600.0,10872.5,10888.0,-15.5,WESTMETALL_LME
2025-11-04,133900.0,10600.5,10625.0,-24.5,WESTMETALL_LME
2025-11-05,133975.0,10603.0,10640.0,-37.0,WESTMETALL_LME
2025-11-06,134475.0,10723.0,10760.0,-37.0,WESTMETALL_LME
2025-11-07,135900.0,10720.0,10745.0,-25.0,WESTMETALL_LME
2025-11-10,136275.0,10800.0,10820.0,-20.0,WESTMETALL_LME
2025-11-11,136250.0,10777.0,10805.0,-28.0,WESTMETALL_LME
2025-11-12,136250.0,10833.0,10854.0,-21.0,WESTMETALL_LME
2025-11-13,136175.0,10942.0,10959.0,-17.0,WESTMETALL_LME
2025-11-14,135725.0,10851.0,10855.0,-4.0,WESTMETALL_LME
2025-11-17,136050.0,10799.0,10803.0,-4.0,WESTMETALL_LME
2025-11-18,140500.0,10649.0,10695.0,-46.0,WESTMETALL_LME
2025-11-19,157875.0,10784.0,10815.0,-31.0,WESTMETALL_LME
2025-11-20,157925.0,10789.0,10803.0,-14.0,WESTMETALL_LME
2025-11-21,155025.0,10685.5,10705.0,-19.5,WESTMETALL_LME
2025-11-24,155750.0,10795.0,10780.0,15.0,WESTMETALL_LME
2025-11-25,156575.0,10876.0,10858.0,18.0,WESTMETALL_LME
2025-11-26,156500.0,10978.0,10965.0,13.0,WESTMETALL_LME
2025-11-27,157175.0,10934.0,10925.0,9.0,WESTMETALL_LME
2025-11-28,159425.0,11004.0,10985.5,18.5,WESTMETALL_LME
2025-12-01,159425.0,11299.0,11238.0,61.0,WESTMETALL_LME
2025-12-02,161800.0,11285.0,11210.0,75.0,WESTMETALL_LME
2025-12-03,162150.0,11437.0,11348.0,89.0,WESTMETALL_LME
2025-12-04,162825.0,11472.0,11411.0,61.0,WESTMETALL_LME
2025-12-05,162550.0,11645.0,11617.0,28.0,WESTMETALL_LME
2025-12-08,164550.0,11695.0,11678.0,17.0,WESTMETALL_LME
2025-12-09,165675.0,11563.5,11550.0,13.5,WESTMETALL_LME
2025-12-10,164975.0,11645.0,11630.0,15.0,WESTMETALL_LME
2025-12-11,165850.0,11740.0,11710.0,30.0,WESTMETALL_LME
2025-12-12,165900.0,11816.0,11800.0,16.0,WESTMETALL_LME
2025-12-15,165875.0,11774.5,11735.0,39.5,WESTMETALL_LME
2025-12-16,166600.0,11636.0,11640.0,-4.0,WESTMETALL_LME
2025-12-17,166925.0,11720.0,11735.0,-15.0,WESTMETALL_LME
2025-12-18,164275.0,11721.5,11730.0,-8.5,WESTMETALL_LME
2025-12-19,160400.0,11845.0,11839.0,6.0,WESTMETALL_LME
2025-12-22,157750.0,11940.0,11935.0,5.0,WESTMETALL_LME
2025-12-23,158575.0,12070.0,12041.0,29.0,WESTMETALL_LME
2025-12-24,157025.0,12253.0,12220.0,33.0,WESTMETALL_LME
2025-12-29,154575.0,12306.0,12270.5,35.5,WESTMETALL_LME
2025-12-30,149475.0,12512.0,12477.0,35.0,WESTMETALL_LME
2025-12-31,147425.0,12504.0,12466.0,38.0,WESTMETALL_LME
2026-01-02,145325.0,12571.0,12511.0,60.0,WESTMETALL_LME
2026-01-05,142550.0,12884.0,12840.0,44.0,WESTMETALL_LME
2026-01-06,146075.0,13269.5,13230.0,39.5,WESTMETALL_LME
2026-01-07,143225.0,13145.0,13110.0,35.0,WESTMETALL_LME
2026-01-08,141075.0,12885.0,12855.0,30.0,WESTMETALL_LME
2026-01-09,138975.0,13060.0,12995.0,65.0,WESTMETALL_LME
2026-01-12,137225.0,13310.0,13245.0,65.0,WESTMETALL_LME
2026-01-13,141550.0,13310.0,13236.0,74.0,WESTMETALL_LME
2026-01-14,141625.0,13335.0,13245.0,90.0,WESTMETALL_LME
2026-01-15,141125.0,13205.0,13150.0,55.0,WESTMETALL_LME
2026-01-16,143575.0,13000.0,12930.0,70.0,WESTMETALL_LME
2026-01-19,147425.0,13000.0,12872.0,128.0,WESTMETALL_LME
2026-01-20,156300.0,13059.0,12939.0,120.0,WESTMETALL_LME
2026-01-21,159400.0,12898.0,12877.0,21.0,WESTMETALL_LME
2026-01-22,168250.0,12632.0,12687.0,-55.0,WESTMETALL_LME
2026-01-23,171700.0,12920.5,12981.0,-60.5,WESTMETALL_LME
2026-01-26,170525.0,13195.0,13250.0,-55.0,WESTMETALL_LME
2026-01-27,172350.0,12980.0,13040.0,-60.0,WESTMETALL_LME
2026-01-28,173925.0,12994.0,13090.0,-96.0,WESTMETALL_LME
2026-01-29,176075.0,13844.0,13952.0,-108.0,WESTMETALL_LME
2026-01-30,174975.0,13369.5,13445.0,-75.5,WESTMETALL_LME
2026-02-02,174675.0,12987.0,13041.0,-54.0,WESTMETALL_LME
2026-02-03,176125.0,13295.0,13365.0,-70.0,WESTMETALL_LME
2026-02-04,178650.0,13247.0,13332.0,-85.0,WESTMETALL_LME
2026-02-05,180575.0,12822.0,12910.0,-88.0,WESTMETALL_LME
2026-02-06,183275.0,12840.0,12905.0,-65.0,WESTMETALL_LME
2026-02-09,184300.0,12980.0,13045.0,-65.0,WESTMETALL_LME
2026-02-10,189100.0,13002.0,13098.0,-96.0,WESTMETALL_LME
2026-02-11,192100.0,13327.0,13385.0,-58.0,WESTMETALL_LME
2026-02-12,196650.0,13172.0,13239.0,-67.0,WESTMETALL_LME
2026-02-13,203875.0,12719.0,12825.0,-106.0,WESTMETALL_LME
2026-02-16,211850.0,12757.0,12870.0,-113.0,WESTMETALL_LME
2026-02-17,221625.0,12561.0,12674.0,-113.0,WESTMETALL_LME
2026-02-18,224650.0,12603.0,12701.0,-98.0,WESTMETALL_LME
2026-02-19,225575.0,12626.0,12726.0,-100.0,WESTMETALL_LME
2026-02-20,235150.0,12750.0,12822.0,-72.0,WESTMETALL_LME
2026-02-23,241825.0,12832.0,12915.0,-83.0,WESTMETALL_LME
2026-02-24,243175.0,13011.0,13105.0,-94.0,WESTMETALL_LME
2026-02-25,249650.0,13171.0,13260.0,-89.0,WESTMETALL_LME
2026-02-26,253600.0,13215.0,13287.0,-72.0,WESTMETALL_LME
2026-02-27,253700.0,13439.5,13484.0,-44.5,WESTMETALL_LME
2026-03-02,257675.0,13230.0,13290.0,-60.0,WESTMETALL_LME
2026-03-03,257675.0,12820.0,12865.0,-45.0,WESTMETALL_LME
2026-03-04,261525.0,12960.0,13015.0,-55.0,WESTMETALL_LME
2026-03-05,282200.0,12841.0,12915.0,-74.0,WESTMETALL_LME
2026-03-06,284325.0,12808.0,12842.0,-34.0,WESTMETALL_LME
2026-03-09,294250.0,12750.5,12802.0,-51.5,WESTMETALL_LME
2026-03-10,301950.0,12920.5,13025.0,-104.5,WESTMETALL_LME
2026-03-11,312075.0,12850.5,12950.0,-99.5,WESTMETALL_LME
2026-03-12,312350.0,12896.5,13004.5,-108.0,WESTMETALL_LME
2026-03-13,311825.0,12758.0,12849.0,-91.0,WESTMETALL_LME
2026-03-16,311600.0,12759.5,12842.0,-82.5,WESTMETALL_LME
2026-03-17,330375.0,12677.0,12792.0,-115.0,WESTMETALL_LME
2026-03-18,334100.0,12503.0,12609.0,-106.0,WESTMETALL_LME
2026-03-19,335425.0,11826.0,11930.0,-104.0,WESTMETALL_LME
2026-03-20,342350.0,12021.5,12131.0,-109.5,WESTMETALL_LME
2026-03-23,347475.0,11891.0,11990.0,-99.0,WESTMETALL_LME
2026-03-24,359275.0,11878.5,11975.0,-96.5,WESTMETALL_LME
2026-03-25,360175.0,12135.0,12235.0,-100.0,WESTMETALL_LME
2026-03-26,359825.0,12108.0,12190.0,-82.0,WESTMETALL_LME
2026-03-27,360250.0,12046.0,12120.0,-74.0,WESTMETALL_LME
2026-03-30,362600.0,12137.0,12225.0,-88.0,WESTMETALL_LME
2026-03-31,362425.0,12160.0,12236.0,-76.0,WESTMETALL_LME
2026-04-01,361925.0,12270.0,12370.0,-100.0,WESTMETALL_LME
2026-04-02,364450.0,12147.0,12236.0,-89.0,WESTMETALL_LME
2026-04-07,378775.0,12252.0,12346.0,-94.0,WESTMETALL_LME
2026-04-08,385275.0,12552.0,12655.0,-103.0,WESTMETALL_LME
2026-04-09,383450.0,12455.0,12553.0,-98.0,WESTMETALL_LME
2026-04-10,392750.0,12660.5,12757.0,-96.5,WESTMETALL_LME
2026-04-13,399150.0,12820.5,12885.0,-64.5,WESTMETALL_LME
2026-04-14,400625.0,13095.0,13141.0,-46.0,WESTMETALL_LME
2026-04-15,402625.0,13155.0,13230.0,-75.0,WESTMETALL_LME
2026-04-16,401700.0,13180.0,13240.0,-60.0,WESTMETALL_LME
2026-04-17,400225.0,13149.0,13210.0,-61.0,WESTMETALL_LME
2026-04-20,398425.0,13163.0,13240.0,-77.0,WESTMETALL_LME
2026-04-21,398575.0,13200.5,13290.0,-89.5,WESTMETALL_LME
2026-04-22,395575.0,13198.0,13275.0,-77.0,WESTMETALL_LME
2026-04-23,396000.0,13190.0,13249.0,-59.0,WESTMETALL_LME
2026-04-24,392575.0,13230.0,13295.0,-65.0,WESTMETALL_LME
2026-04-27,391250.0,13212.0,13270.5,-58.5,WESTMETALL_LME
2026-04-28,396525.0,12890.5,12990.0,-99.5,WESTMETALL_LME
2026-04-29,396925.0,12992.0,13075.0,-83.0,WESTMETALL_LME
2026-04-30,399725.0,13015.5,13090.0,-74.5,WESTMETALL_LME
2026-05-01,398675.0,12895.0,12967.0,-72.0,WESTMETALL_LME
2026-05-05,398675.0,12970.0,13054.0,-84.0,WESTMETALL_LME
2026-05-06,397725.0,13351.5,13412.0,-60.5,WESTMETALL_LME
2026-05-07,398325.0,13326.0,13391.5,-65.5,WESTMETALL_LME
2026-05-08,399400.0,13445.0,13498.0,-53.0,WESTMETALL_LME
2026-05-11,401000.0,13673.0,13720.0,-47.0,WESTMETALL_LME
2026-05-12,400000.0,13872.0,13938.0,-66.0,WESTMETALL_LME
2026-05-13,398550.0,14097.0,14140.0,-43.0,WESTMETALL_LME
2026-05-14,397050.0,13986.0,14034.0,-48.0,WESTMETALL_LME
2026-05-15,395725.0,13553.5,13600.0,-46.5,WESTMETALL_LME
2026-05-18,393400.0,13428.0,13475.0,-47.0,WESTMETALL_LME
2026-05-19,394675.0,13410.0,13485.0,-75.0,WESTMETALL_LME
2026-05-20,393400.0,13418.0,13492.0,-74.0,WESTMETALL_LME
